[2026-06-08T07:48:06.871+0000] {processor.py:161} INFO - Started process (PID=181) to work on /opt/airflow/dags/ecommerce_etl_dag.py
[2026-06-08T07:48:06.873+0000] {processor.py:830} INFO - Processing file /opt/airflow/dags/ecommerce_etl_dag.py for tasks to queue
[2026-06-08T07:48:06.874+0000] {logging_mixin.py:188} INFO - [2026-06-08T07:48:06.874+0000] {dagbag.py:545} INFO - Filling up the DagBag from /opt/airflow/dags/ecommerce_etl_dag.py
[2026-06-08T07:48:06.895+0000] {processor.py:840} INFO - DAG(s) 'ecommerce_distributed_dw_etl' retrieved from /opt/airflow/dags/ecommerce_etl_dag.py
[2026-06-08T07:48:07.045+0000] {logging_mixin.py:188} INFO - [2026-06-08T07:48:07.045+0000] {override.py:1858} INFO - Created Permission View: can delete on DAG:ecommerce_distributed_dw_etl
[2026-06-08T07:48:07.049+0000] {logging_mixin.py:188} INFO - [2026-06-08T07:48:07.049+0000] {override.py:1858} INFO - Created Permission View: can edit on DAG:ecommerce_distributed_dw_etl
[2026-06-08T07:48:07.052+0000] {logging_mixin.py:188} INFO - [2026-06-08T07:48:07.052+0000] {override.py:1858} INFO - Created Permission View: can read on DAG:ecommerce_distributed_dw_etl
[2026-06-08T07:48:07.052+0000] {logging_mixin.py:188} INFO - [2026-06-08T07:48:07.052+0000] {dag.py:3089} INFO - Sync 1 DAGs
[2026-06-08T07:48:07.057+0000] {logging_mixin.py:188} INFO - [2026-06-08T07:48:07.057+0000] {dag.py:3111} INFO - Creating ORM DAG for ecommerce_distributed_dw_etl
[2026-06-08T07:48:07.057+0000] {logging_mixin.py:188} INFO - [2026-06-08T07:48:07.057+0000] {dag.py:3947} INFO - Setting next_dagrun for ecommerce_distributed_dw_etl to None, run_after=None
[2026-06-08T07:48:07.066+0000] {processor.py:183} INFO - Processing /opt/airflow/dags/ecommerce_etl_dag.py took 0.199 seconds
[2026-06-08T07:48:37.116+0000] {processor.py:161} INFO - Started process (PID=186) to work on /opt/airflow/dags/ecommerce_etl_dag.py
[2026-06-08T07:48:37.117+0000] {processor.py:830} INFO - Processing file /opt/airflow/dags/ecommerce_etl_dag.py for tasks to queue
[2026-06-08T07:48:37.120+0000] {logging_mixin.py:188} INFO - [2026-06-08T07:48:37.119+0000] {dagbag.py:545} INFO - Filling up the DagBag from /opt/airflow/dags/ecommerce_etl_dag.py
[2026-06-08T07:48:37.134+0000] {processor.py:840} INFO - DAG(s) 'ecommerce_distributed_dw_etl' retrieved from /opt/airflow/dags/ecommerce_etl_dag.py
[2026-06-08T07:48:37.164+0000] {logging_mixin.py:188} INFO - [2026-06-08T07:48:37.164+0000] {dag.py:3089} INFO - Sync 1 DAGs
[2026-06-08T07:48:37.172+0000] {logging_mixin.py:188} INFO - [2026-06-08T07:48:37.172+0000] {dag.py:3947} INFO - Setting next_dagrun for ecommerce_distributed_dw_etl to None, run_after=None
[2026-06-08T07:48:37.183+0000] {processor.py:183} INFO - Processing /opt/airflow/dags/ecommerce_etl_dag.py took 0.077 seconds
[2026-06-08T07:49:07.350+0000] {processor.py:161} INFO - Started process (PID=191) to work on /opt/airflow/dags/ecommerce_etl_dag.py
[2026-06-08T07:49:07.351+0000] {processor.py:830} INFO - Processing file /opt/airflow/dags/ecommerce_etl_dag.py for tasks to queue
[2026-06-08T07:49:07.354+0000] {logging_mixin.py:188} INFO - [2026-06-08T07:49:07.353+0000] {dagbag.py:545} INFO - Filling up the DagBag from /opt/airflow/dags/ecommerce_etl_dag.py
[2026-06-08T07:49:07.369+0000] {processor.py:840} INFO - DAG(s) 'ecommerce_distributed_dw_etl' retrieved from /opt/airflow/dags/ecommerce_etl_dag.py
[2026-06-08T07:49:07.396+0000] {logging_mixin.py:188} INFO - [2026-06-08T07:49:07.396+0000] {dag.py:3089} INFO - Sync 1 DAGs
[2026-06-08T07:49:07.406+0000] {logging_mixin.py:188} INFO - [2026-06-08T07:49:07.405+0000] {dag.py:3947} INFO - Setting next_dagrun for ecommerce_distributed_dw_etl to None, run_after=None
[2026-06-08T07:49:07.416+0000] {processor.py:183} INFO - Processing /opt/airflow/dags/ecommerce_etl_dag.py took 0.073 seconds
[2026-06-08T07:49:37.586+0000] {processor.py:161} INFO - Started process (PID=196) to work on /opt/airflow/dags/ecommerce_etl_dag.py
[2026-06-08T07:49:37.587+0000] {processor.py:830} INFO - Processing file /opt/airflow/dags/ecommerce_etl_dag.py for tasks to queue
[2026-06-08T07:49:37.589+0000] {logging_mixin.py:188} INFO - [2026-06-08T07:49:37.589+0000] {dagbag.py:545} INFO - Filling up the DagBag from /opt/airflow/dags/ecommerce_etl_dag.py
[2026-06-08T07:49:37.600+0000] {processor.py:840} INFO - DAG(s) 'ecommerce_distributed_dw_etl' retrieved from /opt/airflow/dags/ecommerce_etl_dag.py
[2026-06-08T07:49:37.626+0000] {logging_mixin.py:188} INFO - [2026-06-08T07:49:37.626+0000] {dag.py:3089} INFO - Sync 1 DAGs
[2026-06-08T07:49:37.634+0000] {logging_mixin.py:188} INFO - [2026-06-08T07:49:37.634+0000] {dag.py:3947} INFO - Setting next_dagrun for ecommerce_distributed_dw_etl to None, run_after=None
[2026-06-08T07:49:37.644+0000] {processor.py:183} INFO - Processing /opt/airflow/dags/ecommerce_etl_dag.py took 0.065 seconds
[2026-06-08T07:50:07.898+0000] {processor.py:161} INFO - Started process (PID=201) to work on /opt/airflow/dags/ecommerce_etl_dag.py
[2026-06-08T07:50:07.899+0000] {processor.py:830} INFO - Processing file /opt/airflow/dags/ecommerce_etl_dag.py for tasks to queue
[2026-06-08T07:50:07.902+0000] {logging_mixin.py:188} INFO - [2026-06-08T07:50:07.901+0000] {dagbag.py:545} INFO - Filling up the DagBag from /opt/airflow/dags/ecommerce_etl_dag.py
[2026-06-08T07:50:07.914+0000] {processor.py:840} INFO - DAG(s) 'ecommerce_distributed_dw_etl' retrieved from /opt/airflow/dags/ecommerce_etl_dag.py
[2026-06-08T07:50:07.949+0000] {logging_mixin.py:188} INFO - [2026-06-08T07:50:07.949+0000] {dag.py:3089} INFO - Sync 1 DAGs
[2026-06-08T07:50:07.958+0000] {logging_mixin.py:188} INFO - [2026-06-08T07:50:07.958+0000] {dag.py:3947} INFO - Setting next_dagrun for ecommerce_distributed_dw_etl to None, run_after=None
[2026-06-08T07:50:07.971+0000] {processor.py:183} INFO - Processing /opt/airflow/dags/ecommerce_etl_dag.py took 0.082 seconds
[2026-06-08T07:50:38.165+0000] {processor.py:161} INFO - Started process (PID=206) to work on /opt/airflow/dags/ecommerce_etl_dag.py
[2026-06-08T07:50:38.166+0000] {processor.py:830} INFO - Processing file /opt/airflow/dags/ecommerce_etl_dag.py for tasks to queue
[2026-06-08T07:50:38.169+0000] {logging_mixin.py:188} INFO - [2026-06-08T07:50:38.169+0000] {dagbag.py:545} INFO - Filling up the DagBag from /opt/airflow/dags/ecommerce_etl_dag.py
[2026-06-08T07:50:38.181+0000] {processor.py:840} INFO - DAG(s) 'ecommerce_distributed_dw_etl' retrieved from /opt/airflow/dags/ecommerce_etl_dag.py
[2026-06-08T07:50:38.208+0000] {logging_mixin.py:188} INFO - [2026-06-08T07:50:38.207+0000] {dag.py:3089} INFO - Sync 1 DAGs
[2026-06-08T07:50:38.216+0000] {logging_mixin.py:188} INFO - [2026-06-08T07:50:38.216+0000] {dag.py:3947} INFO - Setting next_dagrun for ecommerce_distributed_dw_etl to None, run_after=None
[2026-06-08T07:50:38.228+0000] {processor.py:183} INFO - Processing /opt/airflow/dags/ecommerce_etl_dag.py took 0.071 seconds
[2026-06-08T07:51:08.503+0000] {processor.py:161} INFO - Started process (PID=211) to work on /opt/airflow/dags/ecommerce_etl_dag.py
[2026-06-08T07:51:08.504+0000] {processor.py:830} INFO - Processing file /opt/airflow/dags/ecommerce_etl_dag.py for tasks to queue
[2026-06-08T07:51:08.508+0000] {logging_mixin.py:188} INFO - [2026-06-08T07:51:08.507+0000] {dagbag.py:545} INFO - Filling up the DagBag from /opt/airflow/dags/ecommerce_etl_dag.py
[2026-06-08T07:51:08.522+0000] {processor.py:840} INFO - DAG(s) 'ecommerce_distributed_dw_etl' retrieved from /opt/airflow/dags/ecommerce_etl_dag.py
[2026-06-08T07:51:08.553+0000] {logging_mixin.py:188} INFO - [2026-06-08T07:51:08.552+0000] {dag.py:3089} INFO - Sync 1 DAGs
[2026-06-08T07:51:08.561+0000] {logging_mixin.py:188} INFO - [2026-06-08T07:51:08.561+0000] {dag.py:3947} INFO - Setting next_dagrun for ecommerce_distributed_dw_etl to None, run_after=None
[2026-06-08T07:51:08.571+0000] {processor.py:183} INFO - Processing /opt/airflow/dags/ecommerce_etl_dag.py took 0.076 seconds
[2026-06-08T07:51:38.762+0000] {processor.py:161} INFO - Started process (PID=216) to work on /opt/airflow/dags/ecommerce_etl_dag.py
[2026-06-08T07:51:38.763+0000] {processor.py:830} INFO - Processing file /opt/airflow/dags/ecommerce_etl_dag.py for tasks to queue
[2026-06-08T07:51:38.765+0000] {logging_mixin.py:188} INFO - [2026-06-08T07:51:38.765+0000] {dagbag.py:545} INFO - Filling up the DagBag from /opt/airflow/dags/ecommerce_etl_dag.py
[2026-06-08T07:51:38.779+0000] {processor.py:840} INFO - DAG(s) 'ecommerce_distributed_dw_etl' retrieved from /opt/airflow/dags/ecommerce_etl_dag.py
[2026-06-08T07:51:38.804+0000] {logging_mixin.py:188} INFO - [2026-06-08T07:51:38.804+0000] {dag.py:3089} INFO - Sync 1 DAGs
[2026-06-08T07:51:38.815+0000] {logging_mixin.py:188} INFO - [2026-06-08T07:51:38.815+0000] {dag.py:3947} INFO - Setting next_dagrun for ecommerce_distributed_dw_etl to None, run_after=None
[2026-06-08T07:51:38.826+0000] {processor.py:183} INFO - Processing /opt/airflow/dags/ecommerce_etl_dag.py took 0.072 seconds
[2026-06-08T07:52:09.101+0000] {processor.py:161} INFO - Started process (PID=221) to work on /opt/airflow/dags/ecommerce_etl_dag.py
[2026-06-08T07:52:09.102+0000] {processor.py:830} INFO - Processing file /opt/airflow/dags/ecommerce_etl_dag.py for tasks to queue
[2026-06-08T07:52:09.106+0000] {logging_mixin.py:188} INFO - [2026-06-08T07:52:09.105+0000] {dagbag.py:545} INFO - Filling up the DagBag from /opt/airflow/dags/ecommerce_etl_dag.py
[2026-06-08T07:52:09.121+0000] {processor.py:840} INFO - DAG(s) 'ecommerce_distributed_dw_etl' retrieved from /opt/airflow/dags/ecommerce_etl_dag.py
[2026-06-08T07:52:09.149+0000] {logging_mixin.py:188} INFO - [2026-06-08T07:52:09.149+0000] {dag.py:3089} INFO - Sync 1 DAGs
[2026-06-08T07:52:09.164+0000] {logging_mixin.py:188} INFO - [2026-06-08T07:52:09.164+0000] {dag.py:3947} INFO - Setting next_dagrun for ecommerce_distributed_dw_etl to None, run_after=None
[2026-06-08T07:52:09.176+0000] {processor.py:183} INFO - Processing /opt/airflow/dags/ecommerce_etl_dag.py took 0.084 seconds
[2026-06-08T07:52:39.333+0000] {processor.py:161} INFO - Started process (PID=226) to work on /opt/airflow/dags/ecommerce_etl_dag.py
[2026-06-08T07:52:39.334+0000] {processor.py:830} INFO - Processing file /opt/airflow/dags/ecommerce_etl_dag.py for tasks to queue
[2026-06-08T07:52:39.335+0000] {logging_mixin.py:188} INFO - [2026-06-08T07:52:39.335+0000] {dagbag.py:545} INFO - Filling up the DagBag from /opt/airflow/dags/ecommerce_etl_dag.py
[2026-06-08T07:52:39.344+0000] {processor.py:840} INFO - DAG(s) 'ecommerce_distributed_dw_etl' retrieved from /opt/airflow/dags/ecommerce_etl_dag.py
[2026-06-08T07:52:39.365+0000] {logging_mixin.py:188} INFO - [2026-06-08T07:52:39.365+0000] {dag.py:3089} INFO - Sync 1 DAGs
[2026-06-08T07:52:39.371+0000] {logging_mixin.py:188} INFO - [2026-06-08T07:52:39.371+0000] {dag.py:3947} INFO - Setting next_dagrun for ecommerce_distributed_dw_etl to None, run_after=None
[2026-06-08T07:52:39.380+0000] {processor.py:183} INFO - Processing /opt/airflow/dags/ecommerce_etl_dag.py took 0.052 seconds
[2026-06-08T07:53:09.616+0000] {processor.py:161} INFO - Started process (PID=231) to work on /opt/airflow/dags/ecommerce_etl_dag.py
[2026-06-08T07:53:09.617+0000] {processor.py:830} INFO - Processing file /opt/airflow/dags/ecommerce_etl_dag.py for tasks to queue
[2026-06-08T07:53:09.620+0000] {logging_mixin.py:188} INFO - [2026-06-08T07:53:09.619+0000] {dagbag.py:545} INFO - Filling up the DagBag from /opt/airflow/dags/ecommerce_etl_dag.py
[2026-06-08T07:53:09.633+0000] {processor.py:840} INFO - DAG(s) 'ecommerce_distributed_dw_etl' retrieved from /opt/airflow/dags/ecommerce_etl_dag.py
[2026-06-08T07:53:09.660+0000] {logging_mixin.py:188} INFO - [2026-06-08T07:53:09.660+0000] {dag.py:3089} INFO - Sync 1 DAGs
[2026-06-08T07:53:09.668+0000] {logging_mixin.py:188} INFO - [2026-06-08T07:53:09.668+0000] {dag.py:3947} INFO - Setting next_dagrun for ecommerce_distributed_dw_etl to None, run_after=None
[2026-06-08T07:53:09.678+0000] {processor.py:183} INFO - Processing /opt/airflow/dags/ecommerce_etl_dag.py took 0.071 seconds
[2026-06-08T07:53:39.886+0000] {processor.py:161} INFO - Started process (PID=236) to work on /opt/airflow/dags/ecommerce_etl_dag.py
[2026-06-08T07:53:39.887+0000] {processor.py:830} INFO - Processing file /opt/airflow/dags/ecommerce_etl_dag.py for tasks to queue
[2026-06-08T07:53:39.889+0000] {logging_mixin.py:188} INFO - [2026-06-08T07:53:39.889+0000] {dagbag.py:545} INFO - Filling up the DagBag from /opt/airflow/dags/ecommerce_etl_dag.py
[2026-06-08T07:53:39.899+0000] {processor.py:840} INFO - DAG(s) 'ecommerce_distributed_dw_etl' retrieved from /opt/airflow/dags/ecommerce_etl_dag.py
[2026-06-08T07:53:39.923+0000] {logging_mixin.py:188} INFO - [2026-06-08T07:53:39.923+0000] {dag.py:3089} INFO - Sync 1 DAGs
[2026-06-08T07:53:39.930+0000] {logging_mixin.py:188} INFO - [2026-06-08T07:53:39.930+0000] {dag.py:3947} INFO - Setting next_dagrun for ecommerce_distributed_dw_etl to None, run_after=None
[2026-06-08T07:53:39.939+0000] {processor.py:183} INFO - Processing /opt/airflow/dags/ecommerce_etl_dag.py took 0.060 seconds
[2026-06-08T07:54:10.193+0000] {processor.py:161} INFO - Started process (PID=241) to work on /opt/airflow/dags/ecommerce_etl_dag.py
[2026-06-08T07:54:10.195+0000] {processor.py:830} INFO - Processing file /opt/airflow/dags/ecommerce_etl_dag.py for tasks to queue
[2026-06-08T07:54:10.198+0000] {logging_mixin.py:188} INFO - [2026-06-08T07:54:10.198+0000] {dagbag.py:545} INFO - Filling up the DagBag from /opt/airflow/dags/ecommerce_etl_dag.py
[2026-06-08T07:54:10.218+0000] {processor.py:840} INFO - DAG(s) 'ecommerce_distributed_dw_etl' retrieved from /opt/airflow/dags/ecommerce_etl_dag.py
[2026-06-08T07:54:10.250+0000] {logging_mixin.py:188} INFO - [2026-06-08T07:54:10.250+0000] {dag.py:3089} INFO - Sync 1 DAGs
[2026-06-08T07:54:10.258+0000] {logging_mixin.py:188} INFO - [2026-06-08T07:54:10.258+0000] {dag.py:3947} INFO - Setting next_dagrun for ecommerce_distributed_dw_etl to None, run_after=None
[2026-06-08T07:54:10.268+0000] {processor.py:183} INFO - Processing /opt/airflow/dags/ecommerce_etl_dag.py took 0.086 seconds
[2026-06-08T07:54:40.471+0000] {processor.py:161} INFO - Started process (PID=246) to work on /opt/airflow/dags/ecommerce_etl_dag.py
[2026-06-08T07:54:40.472+0000] {processor.py:830} INFO - Processing file /opt/airflow/dags/ecommerce_etl_dag.py for tasks to queue
[2026-06-08T07:54:40.473+0000] {logging_mixin.py:188} INFO - [2026-06-08T07:54:40.473+0000] {dagbag.py:545} INFO - Filling up the DagBag from /opt/airflow/dags/ecommerce_etl_dag.py
[2026-06-08T07:54:40.483+0000] {processor.py:840} INFO - DAG(s) 'ecommerce_distributed_dw_etl' retrieved from /opt/airflow/dags/ecommerce_etl_dag.py
[2026-06-08T07:54:40.508+0000] {logging_mixin.py:188} INFO - [2026-06-08T07:54:40.508+0000] {dag.py:3089} INFO - Sync 1 DAGs
[2026-06-08T07:54:40.522+0000] {logging_mixin.py:188} INFO - [2026-06-08T07:54:40.522+0000] {dag.py:3947} INFO - Setting next_dagrun for ecommerce_distributed_dw_etl to None, run_after=None
[2026-06-08T07:54:40.543+0000] {processor.py:183} INFO - Processing /opt/airflow/dags/ecommerce_etl_dag.py took 0.078 seconds
[2026-06-08T07:55:10.742+0000] {processor.py:161} INFO - Started process (PID=251) to work on /opt/airflow/dags/ecommerce_etl_dag.py
[2026-06-08T07:55:10.742+0000] {processor.py:830} INFO - Processing file /opt/airflow/dags/ecommerce_etl_dag.py for tasks to queue
[2026-06-08T07:55:10.744+0000] {logging_mixin.py:188} INFO - [2026-06-08T07:55:10.744+0000] {dagbag.py:545} INFO - Filling up the DagBag from /opt/airflow/dags/ecommerce_etl_dag.py
[2026-06-08T07:55:10.752+0000] {processor.py:840} INFO - DAG(s) 'ecommerce_distributed_dw_etl' retrieved from /opt/airflow/dags/ecommerce_etl_dag.py
[2026-06-08T07:55:10.775+0000] {logging_mixin.py:188} INFO - [2026-06-08T07:55:10.775+0000] {dag.py:3089} INFO - Sync 1 DAGs
[2026-06-08T07:55:10.781+0000] {logging_mixin.py:188} INFO - [2026-06-08T07:55:10.781+0000] {dag.py:3947} INFO - Setting next_dagrun for ecommerce_distributed_dw_etl to None, run_after=None
[2026-06-08T07:55:10.789+0000] {processor.py:183} INFO - Processing /opt/airflow/dags/ecommerce_etl_dag.py took 0.053 seconds
[2026-06-08T07:55:41.050+0000] {processor.py:161} INFO - Started process (PID=256) to work on /opt/airflow/dags/ecommerce_etl_dag.py
[2026-06-08T07:55:41.051+0000] {processor.py:830} INFO - Processing file /opt/airflow/dags/ecommerce_etl_dag.py for tasks to queue
[2026-06-08T07:55:41.055+0000] {logging_mixin.py:188} INFO - [2026-06-08T07:55:41.054+0000] {dagbag.py:545} INFO - Filling up the DagBag from /opt/airflow/dags/ecommerce_etl_dag.py
[2026-06-08T07:55:41.071+0000] {processor.py:840} INFO - DAG(s) 'ecommerce_distributed_dw_etl' retrieved from /opt/airflow/dags/ecommerce_etl_dag.py
[2026-06-08T07:55:41.099+0000] {logging_mixin.py:188} INFO - [2026-06-08T07:55:41.099+0000] {dag.py:3089} INFO - Sync 1 DAGs
[2026-06-08T07:55:41.106+0000] {logging_mixin.py:188} INFO - [2026-06-08T07:55:41.106+0000] {dag.py:3947} INFO - Setting next_dagrun for ecommerce_distributed_dw_etl to None, run_after=None
[2026-06-08T07:55:41.116+0000] {processor.py:183} INFO - Processing /opt/airflow/dags/ecommerce_etl_dag.py took 0.076 seconds
[2026-06-08T07:56:11.292+0000] {processor.py:161} INFO - Started process (PID=261) to work on /opt/airflow/dags/ecommerce_etl_dag.py
[2026-06-08T07:56:11.293+0000] {processor.py:830} INFO - Processing file /opt/airflow/dags/ecommerce_etl_dag.py for tasks to queue
[2026-06-08T07:56:11.295+0000] {logging_mixin.py:188} INFO - [2026-06-08T07:56:11.294+0000] {dagbag.py:545} INFO - Filling up the DagBag from /opt/airflow/dags/ecommerce_etl_dag.py
[2026-06-08T07:56:11.303+0000] {processor.py:840} INFO - DAG(s) 'ecommerce_distributed_dw_etl' retrieved from /opt/airflow/dags/ecommerce_etl_dag.py
[2026-06-08T07:56:11.326+0000] {logging_mixin.py:188} INFO - [2026-06-08T07:56:11.326+0000] {dag.py:3089} INFO - Sync 1 DAGs
[2026-06-08T07:56:11.334+0000] {logging_mixin.py:188} INFO - [2026-06-08T07:56:11.333+0000] {dag.py:3947} INFO - Setting next_dagrun for ecommerce_distributed_dw_etl to None, run_after=None
[2026-06-08T07:56:11.342+0000] {processor.py:183} INFO - Processing /opt/airflow/dags/ecommerce_etl_dag.py took 0.056 seconds
[2026-06-08T07:56:41.591+0000] {processor.py:161} INFO - Started process (PID=266) to work on /opt/airflow/dags/ecommerce_etl_dag.py
[2026-06-08T07:56:41.592+0000] {processor.py:830} INFO - Processing file /opt/airflow/dags/ecommerce_etl_dag.py for tasks to queue
[2026-06-08T07:56:41.595+0000] {logging_mixin.py:188} INFO - [2026-06-08T07:56:41.594+0000] {dagbag.py:545} INFO - Filling up the DagBag from /opt/airflow/dags/ecommerce_etl_dag.py
[2026-06-08T07:56:41.609+0000] {processor.py:840} INFO - DAG(s) 'ecommerce_distributed_dw_etl' retrieved from /opt/airflow/dags/ecommerce_etl_dag.py
[2026-06-08T07:56:41.640+0000] {logging_mixin.py:188} INFO - [2026-06-08T07:56:41.640+0000] {dag.py:3089} INFO - Sync 1 DAGs
[2026-06-08T07:56:41.648+0000] {logging_mixin.py:188} INFO - [2026-06-08T07:56:41.648+0000] {dag.py:3947} INFO - Setting next_dagrun for ecommerce_distributed_dw_etl to None, run_after=None
[2026-06-08T07:56:41.657+0000] {processor.py:183} INFO - Processing /opt/airflow/dags/ecommerce_etl_dag.py took 0.076 seconds
[2026-06-08T07:57:11.864+0000] {processor.py:161} INFO - Started process (PID=271) to work on /opt/airflow/dags/ecommerce_etl_dag.py
[2026-06-08T07:57:11.866+0000] {processor.py:830} INFO - Processing file /opt/airflow/dags/ecommerce_etl_dag.py for tasks to queue
[2026-06-08T07:57:11.869+0000] {logging_mixin.py:188} INFO - [2026-06-08T07:57:11.868+0000] {dagbag.py:545} INFO - Filling up the DagBag from /opt/airflow/dags/ecommerce_etl_dag.py
[2026-06-08T07:57:11.878+0000] {processor.py:840} INFO - DAG(s) 'ecommerce_distributed_dw_etl' retrieved from /opt/airflow/dags/ecommerce_etl_dag.py
[2026-06-08T07:57:11.902+0000] {logging_mixin.py:188} INFO - [2026-06-08T07:57:11.902+0000] {dag.py:3089} INFO - Sync 1 DAGs
[2026-06-08T07:57:11.909+0000] {logging_mixin.py:188} INFO - [2026-06-08T07:57:11.908+0000] {dag.py:3947} INFO - Setting next_dagrun for ecommerce_distributed_dw_etl to None, run_after=None
[2026-06-08T07:57:11.917+0000] {processor.py:183} INFO - Processing /opt/airflow/dags/ecommerce_etl_dag.py took 0.060 seconds
[2026-06-08T07:57:42.273+0000] {processor.py:161} INFO - Started process (PID=276) to work on /opt/airflow/dags/ecommerce_etl_dag.py
[2026-06-08T07:57:42.274+0000] {processor.py:830} INFO - Processing file /opt/airflow/dags/ecommerce_etl_dag.py for tasks to queue
[2026-06-08T07:57:42.277+0000] {logging_mixin.py:188} INFO - [2026-06-08T07:57:42.276+0000] {dagbag.py:545} INFO - Filling up the DagBag from /opt/airflow/dags/ecommerce_etl_dag.py
[2026-06-08T07:57:42.289+0000] {processor.py:840} INFO - DAG(s) 'ecommerce_distributed_dw_etl' retrieved from /opt/airflow/dags/ecommerce_etl_dag.py
[2026-06-08T07:57:42.320+0000] {logging_mixin.py:188} INFO - [2026-06-08T07:57:42.320+0000] {dag.py:3089} INFO - Sync 1 DAGs
[2026-06-08T07:57:42.332+0000] {logging_mixin.py:188} INFO - [2026-06-08T07:57:42.332+0000] {dag.py:3947} INFO - Setting next_dagrun for ecommerce_distributed_dw_etl to None, run_after=None
[2026-06-08T07:57:42.347+0000] {processor.py:183} INFO - Processing /opt/airflow/dags/ecommerce_etl_dag.py took 0.090 seconds
[2026-06-08T07:58:12.589+0000] {processor.py:161} INFO - Started process (PID=281) to work on /opt/airflow/dags/ecommerce_etl_dag.py
[2026-06-08T07:58:12.590+0000] {processor.py:830} INFO - Processing file /opt/airflow/dags/ecommerce_etl_dag.py for tasks to queue
[2026-06-08T07:58:12.593+0000] {logging_mixin.py:188} INFO - [2026-06-08T07:58:12.592+0000] {dagbag.py:545} INFO - Filling up the DagBag from /opt/airflow/dags/ecommerce_etl_dag.py
[2026-06-08T07:58:12.602+0000] {processor.py:840} INFO - DAG(s) 'ecommerce_distributed_dw_etl' retrieved from /opt/airflow/dags/ecommerce_etl_dag.py
[2026-06-08T07:58:12.627+0000] {logging_mixin.py:188} INFO - [2026-06-08T07:58:12.627+0000] {dag.py:3089} INFO - Sync 1 DAGs
[2026-06-08T07:58:12.635+0000] {logging_mixin.py:188} INFO - [2026-06-08T07:58:12.635+0000] {dag.py:3947} INFO - Setting next_dagrun for ecommerce_distributed_dw_etl to None, run_after=None
[2026-06-08T07:58:12.644+0000] {processor.py:183} INFO - Processing /opt/airflow/dags/ecommerce_etl_dag.py took 0.061 seconds
[2026-06-08T07:58:42.821+0000] {processor.py:161} INFO - Started process (PID=286) to work on /opt/airflow/dags/ecommerce_etl_dag.py
[2026-06-08T07:58:42.822+0000] {processor.py:830} INFO - Processing file /opt/airflow/dags/ecommerce_etl_dag.py for tasks to queue
[2026-06-08T07:58:42.825+0000] {logging_mixin.py:188} INFO - [2026-06-08T07:58:42.825+0000] {dagbag.py:545} INFO - Filling up the DagBag from /opt/airflow/dags/ecommerce_etl_dag.py
[2026-06-08T07:58:42.849+0000] {processor.py:840} INFO - DAG(s) 'ecommerce_distributed_dw_etl' retrieved from /opt/airflow/dags/ecommerce_etl_dag.py
[2026-06-08T07:58:42.884+0000] {logging_mixin.py:188} INFO - [2026-06-08T07:58:42.883+0000] {dag.py:3089} INFO - Sync 1 DAGs
[2026-06-08T07:58:42.901+0000] {logging_mixin.py:188} INFO - [2026-06-08T07:58:42.901+0000] {dag.py:3947} INFO - Setting next_dagrun for ecommerce_distributed_dw_etl to None, run_after=None
[2026-06-08T07:58:42.918+0000] {processor.py:183} INFO - Processing /opt/airflow/dags/ecommerce_etl_dag.py took 0.104 seconds
[2026-06-08T07:59:13.220+0000] {processor.py:161} INFO - Started process (PID=291) to work on /opt/airflow/dags/ecommerce_etl_dag.py
[2026-06-08T07:59:13.221+0000] {processor.py:830} INFO - Processing file /opt/airflow/dags/ecommerce_etl_dag.py for tasks to queue
[2026-06-08T07:59:13.225+0000] {logging_mixin.py:188} INFO - [2026-06-08T07:59:13.224+0000] {dagbag.py:545} INFO - Filling up the DagBag from /opt/airflow/dags/ecommerce_etl_dag.py
[2026-06-08T07:59:13.239+0000] {processor.py:840} INFO - DAG(s) 'ecommerce_distributed_dw_etl' retrieved from /opt/airflow/dags/ecommerce_etl_dag.py
[2026-06-08T07:59:13.328+0000] {logging_mixin.py:188} INFO - [2026-06-08T07:59:13.327+0000] {dag.py:3089} INFO - Sync 1 DAGs
[2026-06-08T07:59:13.334+0000] {logging_mixin.py:188} INFO - [2026-06-08T07:59:13.334+0000] {dag.py:3947} INFO - Setting next_dagrun for ecommerce_distributed_dw_etl to None, run_after=None
[2026-06-08T07:59:13.345+0000] {processor.py:183} INFO - Processing /opt/airflow/dags/ecommerce_etl_dag.py took 0.135 seconds
[2026-06-08T07:59:43.455+0000] {processor.py:161} INFO - Started process (PID=296) to work on /opt/airflow/dags/ecommerce_etl_dag.py
[2026-06-08T07:59:43.457+0000] {processor.py:830} INFO - Processing file /opt/airflow/dags/ecommerce_etl_dag.py for tasks to queue
[2026-06-08T07:59:43.460+0000] {logging_mixin.py:188} INFO - [2026-06-08T07:59:43.459+0000] {dagbag.py:545} INFO - Filling up the DagBag from /opt/airflow/dags/ecommerce_etl_dag.py
[2026-06-08T07:59:43.469+0000] {processor.py:840} INFO - DAG(s) 'ecommerce_distributed_dw_etl' retrieved from /opt/airflow/dags/ecommerce_etl_dag.py
[2026-06-08T07:59:43.496+0000] {logging_mixin.py:188} INFO - [2026-06-08T07:59:43.495+0000] {dag.py:3089} INFO - Sync 1 DAGs
[2026-06-08T07:59:43.503+0000] {logging_mixin.py:188} INFO - [2026-06-08T07:59:43.502+0000] {dag.py:3947} INFO - Setting next_dagrun for ecommerce_distributed_dw_etl to None, run_after=None
[2026-06-08T07:59:43.512+0000] {processor.py:183} INFO - Processing /opt/airflow/dags/ecommerce_etl_dag.py took 0.064 seconds
[2026-06-08T08:00:13.763+0000] {processor.py:161} INFO - Started process (PID=301) to work on /opt/airflow/dags/ecommerce_etl_dag.py
[2026-06-08T08:00:13.764+0000] {processor.py:830} INFO - Processing file /opt/airflow/dags/ecommerce_etl_dag.py for tasks to queue
[2026-06-08T08:00:13.768+0000] {logging_mixin.py:188} INFO - [2026-06-08T08:00:13.768+0000] {dagbag.py:545} INFO - Filling up the DagBag from /opt/airflow/dags/ecommerce_etl_dag.py
[2026-06-08T08:00:13.787+0000] {processor.py:840} INFO - DAG(s) 'ecommerce_distributed_dw_etl' retrieved from /opt/airflow/dags/ecommerce_etl_dag.py
[2026-06-08T08:00:13.819+0000] {logging_mixin.py:188} INFO - [2026-06-08T08:00:13.818+0000] {dag.py:3089} INFO - Sync 1 DAGs
[2026-06-08T08:00:13.828+0000] {logging_mixin.py:188} INFO - [2026-06-08T08:00:13.828+0000] {dag.py:3947} INFO - Setting next_dagrun for ecommerce_distributed_dw_etl to None, run_after=None
[2026-06-08T08:00:13.838+0000] {processor.py:183} INFO - Processing /opt/airflow/dags/ecommerce_etl_dag.py took 0.088 seconds
[2026-06-08T08:00:44.138+0000] {processor.py:161} INFO - Started process (PID=306) to work on /opt/airflow/dags/ecommerce_etl_dag.py
[2026-06-08T08:00:44.140+0000] {processor.py:830} INFO - Processing file /opt/airflow/dags/ecommerce_etl_dag.py for tasks to queue
[2026-06-08T08:00:44.144+0000] {logging_mixin.py:188} INFO - [2026-06-08T08:00:44.144+0000] {dagbag.py:545} INFO - Filling up the DagBag from /opt/airflow/dags/ecommerce_etl_dag.py
[2026-06-08T08:00:44.158+0000] {processor.py:840} INFO - DAG(s) 'ecommerce_distributed_dw_etl' retrieved from /opt/airflow/dags/ecommerce_etl_dag.py
[2026-06-08T08:00:44.195+0000] {logging_mixin.py:188} INFO - [2026-06-08T08:00:44.195+0000] {dag.py:3089} INFO - Sync 1 DAGs
[2026-06-08T08:00:44.206+0000] {logging_mixin.py:188} INFO - [2026-06-08T08:00:44.206+0000] {dag.py:3947} INFO - Setting next_dagrun for ecommerce_distributed_dw_etl to None, run_after=None
[2026-06-08T08:00:44.217+0000] {processor.py:183} INFO - Processing /opt/airflow/dags/ecommerce_etl_dag.py took 0.094 seconds
[2026-06-08T08:01:34.850+0000] {processor.py:161} INFO - Started process (PID=181) to work on /opt/airflow/dags/ecommerce_etl_dag.py
[2026-06-08T08:01:34.852+0000] {processor.py:830} INFO - Processing file /opt/airflow/dags/ecommerce_etl_dag.py for tasks to queue
[2026-06-08T08:01:34.855+0000] {logging_mixin.py:188} INFO - [2026-06-08T08:01:34.854+0000] {dagbag.py:545} INFO - Filling up the DagBag from /opt/airflow/dags/ecommerce_etl_dag.py
[2026-06-08T08:01:34.876+0000] {processor.py:840} INFO - DAG(s) 'ecommerce_distributed_dw_etl' retrieved from /opt/airflow/dags/ecommerce_etl_dag.py
[2026-06-08T08:01:35.059+0000] {logging_mixin.py:188} INFO - [2026-06-08T08:01:35.058+0000] {override.py:1858} INFO - Created Permission View: can delete on DAG:ecommerce_distributed_dw_etl
[2026-06-08T08:01:35.077+0000] {logging_mixin.py:188} INFO - [2026-06-08T08:01:35.077+0000] {override.py:1858} INFO - Created Permission View: can edit on DAG:ecommerce_distributed_dw_etl
[2026-06-08T08:01:35.087+0000] {logging_mixin.py:188} INFO - [2026-06-08T08:01:35.087+0000] {override.py:1858} INFO - Created Permission View: can read on DAG:ecommerce_distributed_dw_etl
[2026-06-08T08:01:35.088+0000] {logging_mixin.py:188} INFO - [2026-06-08T08:01:35.088+0000] {dag.py:3089} INFO - Sync 1 DAGs
[2026-06-08T08:01:35.095+0000] {logging_mixin.py:188} INFO - [2026-06-08T08:01:35.095+0000] {dag.py:3111} INFO - Creating ORM DAG for ecommerce_distributed_dw_etl
[2026-06-08T08:01:35.098+0000] {logging_mixin.py:188} INFO - [2026-06-08T08:01:35.098+0000] {dag.py:3947} INFO - Setting next_dagrun for ecommerce_distributed_dw_etl to None, run_after=None
[2026-06-08T08:01:35.116+0000] {processor.py:183} INFO - Processing /opt/airflow/dags/ecommerce_etl_dag.py took 0.270 seconds
[2026-06-08T08:02:05.366+0000] {processor.py:161} INFO - Started process (PID=186) to work on /opt/airflow/dags/ecommerce_etl_dag.py
[2026-06-08T08:02:05.366+0000] {processor.py:830} INFO - Processing file /opt/airflow/dags/ecommerce_etl_dag.py for tasks to queue
[2026-06-08T08:02:05.369+0000] {logging_mixin.py:188} INFO - [2026-06-08T08:02:05.368+0000] {dagbag.py:545} INFO - Filling up the DagBag from /opt/airflow/dags/ecommerce_etl_dag.py
[2026-06-08T08:02:05.387+0000] {processor.py:840} INFO - DAG(s) 'ecommerce_distributed_dw_etl' retrieved from /opt/airflow/dags/ecommerce_etl_dag.py
[2026-06-08T08:02:05.420+0000] {logging_mixin.py:188} INFO - [2026-06-08T08:02:05.420+0000] {dag.py:3089} INFO - Sync 1 DAGs
[2026-06-08T08:02:05.430+0000] {logging_mixin.py:188} INFO - [2026-06-08T08:02:05.430+0000] {dag.py:3947} INFO - Setting next_dagrun for ecommerce_distributed_dw_etl to None, run_after=None
[2026-06-08T08:02:05.442+0000] {processor.py:183} INFO - Processing /opt/airflow/dags/ecommerce_etl_dag.py took 0.083 seconds
[2026-06-08T08:02:35.583+0000] {processor.py:161} INFO - Started process (PID=205) to work on /opt/airflow/dags/ecommerce_etl_dag.py
[2026-06-08T08:02:35.584+0000] {processor.py:830} INFO - Processing file /opt/airflow/dags/ecommerce_etl_dag.py for tasks to queue
[2026-06-08T08:02:35.587+0000] {logging_mixin.py:188} INFO - [2026-06-08T08:02:35.586+0000] {dagbag.py:545} INFO - Filling up the DagBag from /opt/airflow/dags/ecommerce_etl_dag.py
[2026-06-08T08:02:35.600+0000] {processor.py:840} INFO - DAG(s) 'ecommerce_distributed_dw_etl' retrieved from /opt/airflow/dags/ecommerce_etl_dag.py
[2026-06-08T08:02:35.624+0000] {logging_mixin.py:188} INFO - [2026-06-08T08:02:35.624+0000] {dag.py:3089} INFO - Sync 1 DAGs
[2026-06-08T08:02:35.633+0000] {logging_mixin.py:188} INFO - [2026-06-08T08:02:35.633+0000] {dag.py:3947} INFO - Setting next_dagrun for ecommerce_distributed_dw_etl to None, run_after=None
[2026-06-08T08:02:35.643+0000] {processor.py:183} INFO - Processing /opt/airflow/dags/ecommerce_etl_dag.py took 0.066 seconds
[2026-06-08T08:03:05.902+0000] {processor.py:161} INFO - Started process (PID=216) to work on /opt/airflow/dags/ecommerce_etl_dag.py
[2026-06-08T08:03:05.903+0000] {processor.py:830} INFO - Processing file /opt/airflow/dags/ecommerce_etl_dag.py for tasks to queue
[2026-06-08T08:03:05.907+0000] {logging_mixin.py:188} INFO - [2026-06-08T08:03:05.906+0000] {dagbag.py:545} INFO - Filling up the DagBag from /opt/airflow/dags/ecommerce_etl_dag.py
[2026-06-08T08:03:05.923+0000] {processor.py:840} INFO - DAG(s) 'ecommerce_distributed_dw_etl' retrieved from /opt/airflow/dags/ecommerce_etl_dag.py
[2026-06-08T08:03:05.952+0000] {logging_mixin.py:188} INFO - [2026-06-08T08:03:05.952+0000] {dag.py:3089} INFO - Sync 1 DAGs
[2026-06-08T08:03:05.964+0000] {logging_mixin.py:188} INFO - [2026-06-08T08:03:05.964+0000] {dag.py:3947} INFO - Setting next_dagrun for ecommerce_distributed_dw_etl to None, run_after=None
[2026-06-08T08:03:05.976+0000] {processor.py:183} INFO - Processing /opt/airflow/dags/ecommerce_etl_dag.py took 0.084 seconds
[2026-06-08T08:03:36.228+0000] {processor.py:161} INFO - Started process (PID=221) to work on /opt/airflow/dags/ecommerce_etl_dag.py
[2026-06-08T08:03:36.229+0000] {processor.py:830} INFO - Processing file /opt/airflow/dags/ecommerce_etl_dag.py for tasks to queue
[2026-06-08T08:03:36.233+0000] {logging_mixin.py:188} INFO - [2026-06-08T08:03:36.232+0000] {dagbag.py:545} INFO - Filling up the DagBag from /opt/airflow/dags/ecommerce_etl_dag.py
[2026-06-08T08:03:36.260+0000] {processor.py:840} INFO - DAG(s) 'ecommerce_distributed_dw_etl' retrieved from /opt/airflow/dags/ecommerce_etl_dag.py
[2026-06-08T08:03:36.305+0000] {logging_mixin.py:188} INFO - [2026-06-08T08:03:36.305+0000] {dag.py:3089} INFO - Sync 1 DAGs
[2026-06-08T08:03:36.327+0000] {logging_mixin.py:188} INFO - [2026-06-08T08:03:36.327+0000] {dag.py:3947} INFO - Setting next_dagrun for ecommerce_distributed_dw_etl to None, run_after=None
[2026-06-08T08:03:36.347+0000] {processor.py:183} INFO - Processing /opt/airflow/dags/ecommerce_etl_dag.py took 0.134 seconds
[2026-06-08T08:04:06.627+0000] {processor.py:161} INFO - Started process (PID=226) to work on /opt/airflow/dags/ecommerce_etl_dag.py
[2026-06-08T08:04:06.629+0000] {processor.py:830} INFO - Processing file /opt/airflow/dags/ecommerce_etl_dag.py for tasks to queue
[2026-06-08T08:04:06.632+0000] {logging_mixin.py:188} INFO - [2026-06-08T08:04:06.631+0000] {dagbag.py:545} INFO - Filling up the DagBag from /opt/airflow/dags/ecommerce_etl_dag.py
[2026-06-08T08:04:06.645+0000] {processor.py:840} INFO - DAG(s) 'ecommerce_distributed_dw_etl' retrieved from /opt/airflow/dags/ecommerce_etl_dag.py
[2026-06-08T08:04:06.673+0000] {logging_mixin.py:188} INFO - [2026-06-08T08:04:06.673+0000] {dag.py:3089} INFO - Sync 1 DAGs
[2026-06-08T08:04:06.681+0000] {logging_mixin.py:188} INFO - [2026-06-08T08:04:06.681+0000] {dag.py:3947} INFO - Setting next_dagrun for ecommerce_distributed_dw_etl to None, run_after=None
[2026-06-08T08:04:06.690+0000] {processor.py:183} INFO - Processing /opt/airflow/dags/ecommerce_etl_dag.py took 0.072 seconds
[2026-06-08T08:04:36.982+0000] {processor.py:161} INFO - Started process (PID=231) to work on /opt/airflow/dags/ecommerce_etl_dag.py
[2026-06-08T08:04:36.984+0000] {processor.py:830} INFO - Processing file /opt/airflow/dags/ecommerce_etl_dag.py for tasks to queue
[2026-06-08T08:04:36.985+0000] {logging_mixin.py:188} INFO - [2026-06-08T08:04:36.985+0000] {dagbag.py:545} INFO - Filling up the DagBag from /opt/airflow/dags/ecommerce_etl_dag.py
[2026-06-08T08:04:36.995+0000] {processor.py:840} INFO - DAG(s) 'ecommerce_distributed_dw_etl' retrieved from /opt/airflow/dags/ecommerce_etl_dag.py
[2026-06-08T08:04:37.020+0000] {logging_mixin.py:188} INFO - [2026-06-08T08:04:37.020+0000] {dag.py:3089} INFO - Sync 1 DAGs
[2026-06-08T08:04:37.030+0000] {logging_mixin.py:188} INFO - [2026-06-08T08:04:37.030+0000] {dag.py:3947} INFO - Setting next_dagrun for ecommerce_distributed_dw_etl to None, run_after=None
[2026-06-08T08:04:37.041+0000] {processor.py:183} INFO - Processing /opt/airflow/dags/ecommerce_etl_dag.py took 0.065 seconds
[2026-06-08T08:05:07.350+0000] {processor.py:161} INFO - Started process (PID=236) to work on /opt/airflow/dags/ecommerce_etl_dag.py
[2026-06-08T08:05:07.351+0000] {processor.py:830} INFO - Processing file /opt/airflow/dags/ecommerce_etl_dag.py for tasks to queue
[2026-06-08T08:05:07.354+0000] {logging_mixin.py:188} INFO - [2026-06-08T08:05:07.353+0000] {dagbag.py:545} INFO - Filling up the DagBag from /opt/airflow/dags/ecommerce_etl_dag.py
[2026-06-08T08:05:07.365+0000] {processor.py:840} INFO - DAG(s) 'ecommerce_distributed_dw_etl' retrieved from /opt/airflow/dags/ecommerce_etl_dag.py
[2026-06-08T08:05:07.403+0000] {logging_mixin.py:188} INFO - [2026-06-08T08:05:07.403+0000] {dag.py:3089} INFO - Sync 1 DAGs
[2026-06-08T08:05:07.416+0000] {logging_mixin.py:188} INFO - [2026-06-08T08:05:07.416+0000] {dag.py:3947} INFO - Setting next_dagrun for ecommerce_distributed_dw_etl to None, run_after=None
[2026-06-08T08:05:07.432+0000] {processor.py:183} INFO - Processing /opt/airflow/dags/ecommerce_etl_dag.py took 0.089 seconds
[2026-06-08T08:05:37.632+0000] {processor.py:161} INFO - Started process (PID=241) to work on /opt/airflow/dags/ecommerce_etl_dag.py
[2026-06-08T08:05:37.633+0000] {processor.py:830} INFO - Processing file /opt/airflow/dags/ecommerce_etl_dag.py for tasks to queue
[2026-06-08T08:05:37.636+0000] {logging_mixin.py:188} INFO - [2026-06-08T08:05:37.635+0000] {dagbag.py:545} INFO - Filling up the DagBag from /opt/airflow/dags/ecommerce_etl_dag.py
[2026-06-08T08:05:37.650+0000] {processor.py:840} INFO - DAG(s) 'ecommerce_distributed_dw_etl' retrieved from /opt/airflow/dags/ecommerce_etl_dag.py
[2026-06-08T08:05:37.674+0000] {logging_mixin.py:188} INFO - [2026-06-08T08:05:37.674+0000] {dag.py:3089} INFO - Sync 1 DAGs
[2026-06-08T08:05:37.682+0000] {logging_mixin.py:188} INFO - [2026-06-08T08:05:37.682+0000] {dag.py:3947} INFO - Setting next_dagrun for ecommerce_distributed_dw_etl to None, run_after=None
[2026-06-08T08:05:37.695+0000] {processor.py:183} INFO - Processing /opt/airflow/dags/ecommerce_etl_dag.py took 0.068 seconds
[2026-06-08T08:06:07.936+0000] {processor.py:161} INFO - Started process (PID=246) to work on /opt/airflow/dags/ecommerce_etl_dag.py
[2026-06-08T08:06:07.937+0000] {processor.py:830} INFO - Processing file /opt/airflow/dags/ecommerce_etl_dag.py for tasks to queue
[2026-06-08T08:06:07.940+0000] {logging_mixin.py:188} INFO - [2026-06-08T08:06:07.939+0000] {dagbag.py:545} INFO - Filling up the DagBag from /opt/airflow/dags/ecommerce_etl_dag.py
[2026-06-08T08:06:07.951+0000] {processor.py:840} INFO - DAG(s) 'ecommerce_distributed_dw_etl' retrieved from /opt/airflow/dags/ecommerce_etl_dag.py
[2026-06-08T08:06:07.981+0000] {logging_mixin.py:188} INFO - [2026-06-08T08:06:07.980+0000] {dag.py:3089} INFO - Sync 1 DAGs
[2026-06-08T08:06:07.991+0000] {logging_mixin.py:188} INFO - [2026-06-08T08:06:07.991+0000] {dag.py:3947} INFO - Setting next_dagrun for ecommerce_distributed_dw_etl to None, run_after=None
[2026-06-08T08:06:08.004+0000] {processor.py:183} INFO - Processing /opt/airflow/dags/ecommerce_etl_dag.py took 0.075 seconds
[2026-06-08T08:06:38.277+0000] {processor.py:161} INFO - Started process (PID=251) to work on /opt/airflow/dags/ecommerce_etl_dag.py
[2026-06-08T08:06:38.278+0000] {processor.py:830} INFO - Processing file /opt/airflow/dags/ecommerce_etl_dag.py for tasks to queue
[2026-06-08T08:06:38.281+0000] {logging_mixin.py:188} INFO - [2026-06-08T08:06:38.281+0000] {dagbag.py:545} INFO - Filling up the DagBag from /opt/airflow/dags/ecommerce_etl_dag.py
[2026-06-08T08:06:38.297+0000] {processor.py:840} INFO - DAG(s) 'ecommerce_distributed_dw_etl' retrieved from /opt/airflow/dags/ecommerce_etl_dag.py
[2026-06-08T08:06:38.323+0000] {logging_mixin.py:188} INFO - [2026-06-08T08:06:38.323+0000] {dag.py:3089} INFO - Sync 1 DAGs
[2026-06-08T08:06:38.332+0000] {logging_mixin.py:188} INFO - [2026-06-08T08:06:38.332+0000] {dag.py:3947} INFO - Setting next_dagrun for ecommerce_distributed_dw_etl to None, run_after=None
[2026-06-08T08:06:38.344+0000] {processor.py:183} INFO - Processing /opt/airflow/dags/ecommerce_etl_dag.py took 0.075 seconds
[2026-06-08T08:07:08.685+0000] {processor.py:161} INFO - Started process (PID=256) to work on /opt/airflow/dags/ecommerce_etl_dag.py
[2026-06-08T08:07:08.690+0000] {processor.py:830} INFO - Processing file /opt/airflow/dags/ecommerce_etl_dag.py for tasks to queue
[2026-06-08T08:07:08.697+0000] {logging_mixin.py:188} INFO - [2026-06-08T08:07:08.694+0000] {dagbag.py:545} INFO - Filling up the DagBag from /opt/airflow/dags/ecommerce_etl_dag.py
[2026-06-08T08:07:08.734+0000] {processor.py:840} INFO - DAG(s) 'ecommerce_distributed_dw_etl' retrieved from /opt/airflow/dags/ecommerce_etl_dag.py
[2026-06-08T08:07:08.827+0000] {logging_mixin.py:188} INFO - [2026-06-08T08:07:08.826+0000] {dag.py:3089} INFO - Sync 1 DAGs
[2026-06-08T08:07:08.880+0000] {logging_mixin.py:188} INFO - [2026-06-08T08:07:08.879+0000] {dag.py:3947} INFO - Setting next_dagrun for ecommerce_distributed_dw_etl to None, run_after=None
[2026-06-08T08:07:08.920+0000] {processor.py:183} INFO - Processing /opt/airflow/dags/ecommerce_etl_dag.py took 0.254 seconds
[2026-06-08T08:07:39.284+0000] {processor.py:161} INFO - Started process (PID=261) to work on /opt/airflow/dags/ecommerce_etl_dag.py
[2026-06-08T08:07:39.285+0000] {processor.py:830} INFO - Processing file /opt/airflow/dags/ecommerce_etl_dag.py for tasks to queue
[2026-06-08T08:07:39.288+0000] {logging_mixin.py:188} INFO - [2026-06-08T08:07:39.287+0000] {dagbag.py:545} INFO - Filling up the DagBag from /opt/airflow/dags/ecommerce_etl_dag.py
[2026-06-08T08:07:39.304+0000] {processor.py:840} INFO - DAG(s) 'ecommerce_distributed_dw_etl' retrieved from /opt/airflow/dags/ecommerce_etl_dag.py
[2026-06-08T08:07:39.337+0000] {logging_mixin.py:188} INFO - [2026-06-08T08:07:39.337+0000] {dag.py:3089} INFO - Sync 1 DAGs
[2026-06-08T08:07:39.347+0000] {logging_mixin.py:188} INFO - [2026-06-08T08:07:39.346+0000] {dag.py:3947} INFO - Setting next_dagrun for ecommerce_distributed_dw_etl to None, run_after=None
[2026-06-08T08:07:39.363+0000] {processor.py:183} INFO - Processing /opt/airflow/dags/ecommerce_etl_dag.py took 0.088 seconds
[2026-06-08T08:08:09.622+0000] {processor.py:161} INFO - Started process (PID=266) to work on /opt/airflow/dags/ecommerce_etl_dag.py
[2026-06-08T08:08:09.624+0000] {processor.py:830} INFO - Processing file /opt/airflow/dags/ecommerce_etl_dag.py for tasks to queue
[2026-06-08T08:08:09.626+0000] {logging_mixin.py:188} INFO - [2026-06-08T08:08:09.626+0000] {dagbag.py:545} INFO - Filling up the DagBag from /opt/airflow/dags/ecommerce_etl_dag.py
[2026-06-08T08:08:09.645+0000] {processor.py:840} INFO - DAG(s) 'ecommerce_distributed_dw_etl' retrieved from /opt/airflow/dags/ecommerce_etl_dag.py
[2026-06-08T08:08:09.682+0000] {logging_mixin.py:188} INFO - [2026-06-08T08:08:09.682+0000] {dag.py:3089} INFO - Sync 1 DAGs
[2026-06-08T08:08:09.691+0000] {logging_mixin.py:188} INFO - [2026-06-08T08:08:09.691+0000] {dag.py:3947} INFO - Setting next_dagrun for ecommerce_distributed_dw_etl to None, run_after=None
[2026-06-08T08:08:09.704+0000] {processor.py:183} INFO - Processing /opt/airflow/dags/ecommerce_etl_dag.py took 0.089 seconds
[2026-06-08T08:08:39.961+0000] {processor.py:161} INFO - Started process (PID=271) to work on /opt/airflow/dags/ecommerce_etl_dag.py
[2026-06-08T08:08:39.962+0000] {processor.py:830} INFO - Processing file /opt/airflow/dags/ecommerce_etl_dag.py for tasks to queue
[2026-06-08T08:08:39.964+0000] {logging_mixin.py:188} INFO - [2026-06-08T08:08:39.963+0000] {dagbag.py:545} INFO - Filling up the DagBag from /opt/airflow/dags/ecommerce_etl_dag.py
[2026-06-08T08:08:39.974+0000] {processor.py:840} INFO - DAG(s) 'ecommerce_distributed_dw_etl' retrieved from /opt/airflow/dags/ecommerce_etl_dag.py
[2026-06-08T08:08:40.002+0000] {logging_mixin.py:188} INFO - [2026-06-08T08:08:40.002+0000] {dag.py:3089} INFO - Sync 1 DAGs
[2026-06-08T08:08:40.012+0000] {logging_mixin.py:188} INFO - [2026-06-08T08:08:40.012+0000] {dag.py:3947} INFO - Setting next_dagrun for ecommerce_distributed_dw_etl to None, run_after=None
[2026-06-08T08:08:40.022+0000] {processor.py:183} INFO - Processing /opt/airflow/dags/ecommerce_etl_dag.py took 0.067 seconds
[2026-06-08T08:09:10.284+0000] {processor.py:161} INFO - Started process (PID=276) to work on /opt/airflow/dags/ecommerce_etl_dag.py
[2026-06-08T08:09:10.285+0000] {processor.py:830} INFO - Processing file /opt/airflow/dags/ecommerce_etl_dag.py for tasks to queue
[2026-06-08T08:09:10.288+0000] {logging_mixin.py:188} INFO - [2026-06-08T08:09:10.287+0000] {dagbag.py:545} INFO - Filling up the DagBag from /opt/airflow/dags/ecommerce_etl_dag.py
[2026-06-08T08:09:10.303+0000] {processor.py:840} INFO - DAG(s) 'ecommerce_distributed_dw_etl' retrieved from /opt/airflow/dags/ecommerce_etl_dag.py
[2026-06-08T08:09:10.330+0000] {logging_mixin.py:188} INFO - [2026-06-08T08:09:10.330+0000] {dag.py:3089} INFO - Sync 1 DAGs
[2026-06-08T08:09:10.338+0000] {logging_mixin.py:188} INFO - [2026-06-08T08:09:10.338+0000] {dag.py:3947} INFO - Setting next_dagrun for ecommerce_distributed_dw_etl to None, run_after=None
[2026-06-08T08:09:10.348+0000] {processor.py:183} INFO - Processing /opt/airflow/dags/ecommerce_etl_dag.py took 0.074 seconds
[2026-06-08T08:09:40.592+0000] {processor.py:161} INFO - Started process (PID=281) to work on /opt/airflow/dags/ecommerce_etl_dag.py
[2026-06-08T08:09:40.593+0000] {processor.py:830} INFO - Processing file /opt/airflow/dags/ecommerce_etl_dag.py for tasks to queue
[2026-06-08T08:09:40.595+0000] {logging_mixin.py:188} INFO - [2026-06-08T08:09:40.595+0000] {dagbag.py:545} INFO - Filling up the DagBag from /opt/airflow/dags/ecommerce_etl_dag.py
[2026-06-08T08:09:40.605+0000] {processor.py:840} INFO - DAG(s) 'ecommerce_distributed_dw_etl' retrieved from /opt/airflow/dags/ecommerce_etl_dag.py
[2026-06-08T08:09:40.631+0000] {logging_mixin.py:188} INFO - [2026-06-08T08:09:40.631+0000] {dag.py:3089} INFO - Sync 1 DAGs
[2026-06-08T08:09:40.640+0000] {logging_mixin.py:188} INFO - [2026-06-08T08:09:40.640+0000] {dag.py:3947} INFO - Setting next_dagrun for ecommerce_distributed_dw_etl to None, run_after=None
[2026-06-08T08:09:40.649+0000] {processor.py:183} INFO - Processing /opt/airflow/dags/ecommerce_etl_dag.py took 0.065 seconds
[2026-06-08T08:10:10.976+0000] {processor.py:161} INFO - Started process (PID=286) to work on /opt/airflow/dags/ecommerce_etl_dag.py
[2026-06-08T08:10:10.977+0000] {processor.py:830} INFO - Processing file /opt/airflow/dags/ecommerce_etl_dag.py for tasks to queue
[2026-06-08T08:10:10.980+0000] {logging_mixin.py:188} INFO - [2026-06-08T08:10:10.980+0000] {dagbag.py:545} INFO - Filling up the DagBag from /opt/airflow/dags/ecommerce_etl_dag.py
[2026-06-08T08:10:10.994+0000] {processor.py:840} INFO - DAG(s) 'ecommerce_distributed_dw_etl' retrieved from /opt/airflow/dags/ecommerce_etl_dag.py
[2026-06-08T08:10:11.015+0000] {logging_mixin.py:188} INFO - [2026-06-08T08:10:11.015+0000] {dag.py:3089} INFO - Sync 1 DAGs
[2026-06-08T08:10:11.021+0000] {logging_mixin.py:188} INFO - [2026-06-08T08:10:11.021+0000] {dag.py:3947} INFO - Setting next_dagrun for ecommerce_distributed_dw_etl to None, run_after=None
[2026-06-08T08:10:11.031+0000] {processor.py:183} INFO - Processing /opt/airflow/dags/ecommerce_etl_dag.py took 0.065 seconds
[2026-06-08T08:10:41.267+0000] {processor.py:161} INFO - Started process (PID=291) to work on /opt/airflow/dags/ecommerce_etl_dag.py
[2026-06-08T08:10:41.268+0000] {processor.py:830} INFO - Processing file /opt/airflow/dags/ecommerce_etl_dag.py for tasks to queue
[2026-06-08T08:10:41.270+0000] {logging_mixin.py:188} INFO - [2026-06-08T08:10:41.269+0000] {dagbag.py:545} INFO - Filling up the DagBag from /opt/airflow/dags/ecommerce_etl_dag.py
[2026-06-08T08:10:41.282+0000] {processor.py:840} INFO - DAG(s) 'ecommerce_distributed_dw_etl' retrieved from /opt/airflow/dags/ecommerce_etl_dag.py
[2026-06-08T08:10:41.318+0000] {logging_mixin.py:188} INFO - [2026-06-08T08:10:41.318+0000] {dag.py:3089} INFO - Sync 1 DAGs
[2026-06-08T08:10:41.327+0000] {logging_mixin.py:188} INFO - [2026-06-08T08:10:41.327+0000] {dag.py:3947} INFO - Setting next_dagrun for ecommerce_distributed_dw_etl to None, run_after=None
[2026-06-08T08:10:41.338+0000] {processor.py:183} INFO - Processing /opt/airflow/dags/ecommerce_etl_dag.py took 0.078 seconds
[2026-06-08T08:11:11.599+0000] {processor.py:161} INFO - Started process (PID=296) to work on /opt/airflow/dags/ecommerce_etl_dag.py
[2026-06-08T08:11:11.600+0000] {processor.py:830} INFO - Processing file /opt/airflow/dags/ecommerce_etl_dag.py for tasks to queue
[2026-06-08T08:11:11.603+0000] {logging_mixin.py:188} INFO - [2026-06-08T08:11:11.603+0000] {dagbag.py:545} INFO - Filling up the DagBag from /opt/airflow/dags/ecommerce_etl_dag.py
[2026-06-08T08:11:11.624+0000] {processor.py:840} INFO - DAG(s) 'ecommerce_distributed_dw_etl' retrieved from /opt/airflow/dags/ecommerce_etl_dag.py
[2026-06-08T08:11:11.646+0000] {logging_mixin.py:188} INFO - [2026-06-08T08:11:11.646+0000] {dag.py:3089} INFO - Sync 1 DAGs
[2026-06-08T08:11:11.652+0000] {logging_mixin.py:188} INFO - [2026-06-08T08:11:11.652+0000] {dag.py:3947} INFO - Setting next_dagrun for ecommerce_distributed_dw_etl to None, run_after=None
[2026-06-08T08:11:11.661+0000] {processor.py:183} INFO - Processing /opt/airflow/dags/ecommerce_etl_dag.py took 0.072 seconds
[2026-06-08T08:11:41.926+0000] {processor.py:161} INFO - Started process (PID=301) to work on /opt/airflow/dags/ecommerce_etl_dag.py
[2026-06-08T08:11:41.927+0000] {processor.py:830} INFO - Processing file /opt/airflow/dags/ecommerce_etl_dag.py for tasks to queue
[2026-06-08T08:11:41.930+0000] {logging_mixin.py:188} INFO - [2026-06-08T08:11:41.929+0000] {dagbag.py:545} INFO - Filling up the DagBag from /opt/airflow/dags/ecommerce_etl_dag.py
[2026-06-08T08:11:41.941+0000] {processor.py:840} INFO - DAG(s) 'ecommerce_distributed_dw_etl' retrieved from /opt/airflow/dags/ecommerce_etl_dag.py
[2026-06-08T08:11:41.974+0000] {logging_mixin.py:188} INFO - [2026-06-08T08:11:41.973+0000] {dag.py:3089} INFO - Sync 1 DAGs
[2026-06-08T08:11:41.983+0000] {logging_mixin.py:188} INFO - [2026-06-08T08:11:41.982+0000] {dag.py:3947} INFO - Setting next_dagrun for ecommerce_distributed_dw_etl to None, run_after=None
[2026-06-08T08:11:41.993+0000] {processor.py:183} INFO - Processing /opt/airflow/dags/ecommerce_etl_dag.py took 0.073 seconds
[2026-06-08T08:12:12.280+0000] {processor.py:161} INFO - Started process (PID=306) to work on /opt/airflow/dags/ecommerce_etl_dag.py
[2026-06-08T08:12:12.281+0000] {processor.py:830} INFO - Processing file /opt/airflow/dags/ecommerce_etl_dag.py for tasks to queue
[2026-06-08T08:12:12.285+0000] {logging_mixin.py:188} INFO - [2026-06-08T08:12:12.284+0000] {dagbag.py:545} INFO - Filling up the DagBag from /opt/airflow/dags/ecommerce_etl_dag.py
[2026-06-08T08:12:12.300+0000] {processor.py:840} INFO - DAG(s) 'ecommerce_distributed_dw_etl' retrieved from /opt/airflow/dags/ecommerce_etl_dag.py
[2026-06-08T08:12:12.329+0000] {logging_mixin.py:188} INFO - [2026-06-08T08:12:12.328+0000] {dag.py:3089} INFO - Sync 1 DAGs
[2026-06-08T08:12:12.336+0000] {logging_mixin.py:188} INFO - [2026-06-08T08:12:12.336+0000] {dag.py:3947} INFO - Setting next_dagrun for ecommerce_distributed_dw_etl to None, run_after=None
[2026-06-08T08:12:12.347+0000] {processor.py:183} INFO - Processing /opt/airflow/dags/ecommerce_etl_dag.py took 0.075 seconds
[2026-06-08T08:12:42.575+0000] {processor.py:161} INFO - Started process (PID=311) to work on /opt/airflow/dags/ecommerce_etl_dag.py
[2026-06-08T08:12:42.576+0000] {processor.py:830} INFO - Processing file /opt/airflow/dags/ecommerce_etl_dag.py for tasks to queue
[2026-06-08T08:12:42.579+0000] {logging_mixin.py:188} INFO - [2026-06-08T08:12:42.579+0000] {dagbag.py:545} INFO - Filling up the DagBag from /opt/airflow/dags/ecommerce_etl_dag.py
[2026-06-08T08:12:42.589+0000] {processor.py:840} INFO - DAG(s) 'ecommerce_distributed_dw_etl' retrieved from /opt/airflow/dags/ecommerce_etl_dag.py
[2026-06-08T08:12:42.615+0000] {logging_mixin.py:188} INFO - [2026-06-08T08:12:42.615+0000] {dag.py:3089} INFO - Sync 1 DAGs
[2026-06-08T08:12:42.623+0000] {logging_mixin.py:188} INFO - [2026-06-08T08:12:42.623+0000] {dag.py:3947} INFO - Setting next_dagrun for ecommerce_distributed_dw_etl to None, run_after=None
[2026-06-08T08:12:42.632+0000] {processor.py:183} INFO - Processing /opt/airflow/dags/ecommerce_etl_dag.py took 0.063 seconds
[2026-06-08T08:13:12.854+0000] {processor.py:161} INFO - Started process (PID=316) to work on /opt/airflow/dags/ecommerce_etl_dag.py
[2026-06-08T08:13:12.855+0000] {processor.py:830} INFO - Processing file /opt/airflow/dags/ecommerce_etl_dag.py for tasks to queue
[2026-06-08T08:13:12.858+0000] {logging_mixin.py:188} INFO - [2026-06-08T08:13:12.858+0000] {dagbag.py:545} INFO - Filling up the DagBag from /opt/airflow/dags/ecommerce_etl_dag.py
[2026-06-08T08:13:12.877+0000] {processor.py:840} INFO - DAG(s) 'ecommerce_distributed_dw_etl' retrieved from /opt/airflow/dags/ecommerce_etl_dag.py
[2026-06-08T08:13:12.915+0000] {logging_mixin.py:188} INFO - [2026-06-08T08:13:12.915+0000] {dag.py:3089} INFO - Sync 1 DAGs
[2026-06-08T08:13:12.924+0000] {logging_mixin.py:188} INFO - [2026-06-08T08:13:12.924+0000] {dag.py:3947} INFO - Setting next_dagrun for ecommerce_distributed_dw_etl to None, run_after=None
[2026-06-08T08:13:12.934+0000] {processor.py:183} INFO - Processing /opt/airflow/dags/ecommerce_etl_dag.py took 0.088 seconds
[2026-06-08T08:13:43.137+0000] {processor.py:161} INFO - Started process (PID=321) to work on /opt/airflow/dags/ecommerce_etl_dag.py
[2026-06-08T08:13:43.138+0000] {processor.py:830} INFO - Processing file /opt/airflow/dags/ecommerce_etl_dag.py for tasks to queue
[2026-06-08T08:13:43.140+0000] {logging_mixin.py:188} INFO - [2026-06-08T08:13:43.139+0000] {dagbag.py:545} INFO - Filling up the DagBag from /opt/airflow/dags/ecommerce_etl_dag.py
[2026-06-08T08:13:43.149+0000] {processor.py:840} INFO - DAG(s) 'ecommerce_distributed_dw_etl' retrieved from /opt/airflow/dags/ecommerce_etl_dag.py
[2026-06-08T08:13:43.174+0000] {logging_mixin.py:188} INFO - [2026-06-08T08:13:43.174+0000] {dag.py:3089} INFO - Sync 1 DAGs
[2026-06-08T08:13:43.181+0000] {logging_mixin.py:188} INFO - [2026-06-08T08:13:43.181+0000] {dag.py:3947} INFO - Setting next_dagrun for ecommerce_distributed_dw_etl to None, run_after=None
[2026-06-08T08:13:43.190+0000] {processor.py:183} INFO - Processing /opt/airflow/dags/ecommerce_etl_dag.py took 0.060 seconds
[2026-06-08T08:14:13.429+0000] {processor.py:161} INFO - Started process (PID=326) to work on /opt/airflow/dags/ecommerce_etl_dag.py
[2026-06-08T08:14:13.429+0000] {processor.py:830} INFO - Processing file /opt/airflow/dags/ecommerce_etl_dag.py for tasks to queue
[2026-06-08T08:14:13.432+0000] {logging_mixin.py:188} INFO - [2026-06-08T08:14:13.431+0000] {dagbag.py:545} INFO - Filling up the DagBag from /opt/airflow/dags/ecommerce_etl_dag.py
[2026-06-08T08:14:13.441+0000] {processor.py:840} INFO - DAG(s) 'ecommerce_distributed_dw_etl' retrieved from /opt/airflow/dags/ecommerce_etl_dag.py
[2026-06-08T08:14:13.465+0000] {logging_mixin.py:188} INFO - [2026-06-08T08:14:13.465+0000] {dag.py:3089} INFO - Sync 1 DAGs
[2026-06-08T08:14:13.473+0000] {logging_mixin.py:188} INFO - [2026-06-08T08:14:13.473+0000] {dag.py:3947} INFO - Setting next_dagrun for ecommerce_distributed_dw_etl to None, run_after=None
[2026-06-08T08:14:13.483+0000] {processor.py:183} INFO - Processing /opt/airflow/dags/ecommerce_etl_dag.py took 0.061 seconds
[2026-06-08T08:14:43.768+0000] {processor.py:161} INFO - Started process (PID=331) to work on /opt/airflow/dags/ecommerce_etl_dag.py
[2026-06-08T08:14:43.769+0000] {processor.py:830} INFO - Processing file /opt/airflow/dags/ecommerce_etl_dag.py for tasks to queue
[2026-06-08T08:14:43.771+0000] {logging_mixin.py:188} INFO - [2026-06-08T08:14:43.771+0000] {dagbag.py:545} INFO - Filling up the DagBag from /opt/airflow/dags/ecommerce_etl_dag.py
[2026-06-08T08:14:43.781+0000] {processor.py:840} INFO - DAG(s) 'ecommerce_distributed_dw_etl' retrieved from /opt/airflow/dags/ecommerce_etl_dag.py
[2026-06-08T08:14:43.807+0000] {logging_mixin.py:188} INFO - [2026-06-08T08:14:43.807+0000] {dag.py:3089} INFO - Sync 1 DAGs
[2026-06-08T08:14:43.814+0000] {logging_mixin.py:188} INFO - [2026-06-08T08:14:43.814+0000] {dag.py:3947} INFO - Setting next_dagrun for ecommerce_distributed_dw_etl to None, run_after=None
[2026-06-08T08:14:43.823+0000] {processor.py:183} INFO - Processing /opt/airflow/dags/ecommerce_etl_dag.py took 0.063 seconds
[2026-06-08T08:15:14.095+0000] {processor.py:161} INFO - Started process (PID=336) to work on /opt/airflow/dags/ecommerce_etl_dag.py
[2026-06-08T08:15:14.096+0000] {processor.py:830} INFO - Processing file /opt/airflow/dags/ecommerce_etl_dag.py for tasks to queue
[2026-06-08T08:15:14.099+0000] {logging_mixin.py:188} INFO - [2026-06-08T08:15:14.099+0000] {dagbag.py:545} INFO - Filling up the DagBag from /opt/airflow/dags/ecommerce_etl_dag.py
[2026-06-08T08:15:14.115+0000] {processor.py:840} INFO - DAG(s) 'ecommerce_distributed_dw_etl' retrieved from /opt/airflow/dags/ecommerce_etl_dag.py
[2026-06-08T08:15:14.143+0000] {logging_mixin.py:188} INFO - [2026-06-08T08:15:14.143+0000] {dag.py:3089} INFO - Sync 1 DAGs
[2026-06-08T08:15:14.155+0000] {logging_mixin.py:188} INFO - [2026-06-08T08:15:14.155+0000] {dag.py:3947} INFO - Setting next_dagrun for ecommerce_distributed_dw_etl to None, run_after=None
[2026-06-08T08:15:14.166+0000] {processor.py:183} INFO - Processing /opt/airflow/dags/ecommerce_etl_dag.py took 0.080 seconds
[2026-06-08T08:15:44.465+0000] {processor.py:161} INFO - Started process (PID=341) to work on /opt/airflow/dags/ecommerce_etl_dag.py
[2026-06-08T08:15:44.468+0000] {processor.py:830} INFO - Processing file /opt/airflow/dags/ecommerce_etl_dag.py for tasks to queue
[2026-06-08T08:15:44.471+0000] {logging_mixin.py:188} INFO - [2026-06-08T08:15:44.471+0000] {dagbag.py:545} INFO - Filling up the DagBag from /opt/airflow/dags/ecommerce_etl_dag.py
[2026-06-08T08:15:44.510+0000] {processor.py:840} INFO - DAG(s) 'ecommerce_distributed_dw_etl' retrieved from /opt/airflow/dags/ecommerce_etl_dag.py
[2026-06-08T08:15:44.539+0000] {logging_mixin.py:188} INFO - [2026-06-08T08:15:44.539+0000] {dag.py:3089} INFO - Sync 1 DAGs
[2026-06-08T08:15:44.547+0000] {logging_mixin.py:188} INFO - [2026-06-08T08:15:44.547+0000] {dag.py:3947} INFO - Setting next_dagrun for ecommerce_distributed_dw_etl to None, run_after=None
[2026-06-08T08:15:44.563+0000] {processor.py:183} INFO - Processing /opt/airflow/dags/ecommerce_etl_dag.py took 0.105 seconds
[2026-06-08T08:16:14.747+0000] {processor.py:161} INFO - Started process (PID=346) to work on /opt/airflow/dags/ecommerce_etl_dag.py
[2026-06-08T08:16:14.749+0000] {processor.py:830} INFO - Processing file /opt/airflow/dags/ecommerce_etl_dag.py for tasks to queue
[2026-06-08T08:16:14.750+0000] {logging_mixin.py:188} INFO - [2026-06-08T08:16:14.750+0000] {dagbag.py:545} INFO - Filling up the DagBag from /opt/airflow/dags/ecommerce_etl_dag.py
[2026-06-08T08:16:14.761+0000] {processor.py:840} INFO - DAG(s) 'ecommerce_distributed_dw_etl' retrieved from /opt/airflow/dags/ecommerce_etl_dag.py
[2026-06-08T08:16:14.785+0000] {logging_mixin.py:188} INFO - [2026-06-08T08:16:14.785+0000] {dag.py:3089} INFO - Sync 1 DAGs
[2026-06-08T08:16:14.792+0000] {logging_mixin.py:188} INFO - [2026-06-08T08:16:14.792+0000] {dag.py:3947} INFO - Setting next_dagrun for ecommerce_distributed_dw_etl to None, run_after=None
[2026-06-08T08:16:14.802+0000] {processor.py:183} INFO - Processing /opt/airflow/dags/ecommerce_etl_dag.py took 0.060 seconds
[2026-06-08T08:16:45.108+0000] {processor.py:161} INFO - Started process (PID=351) to work on /opt/airflow/dags/ecommerce_etl_dag.py
[2026-06-08T08:16:45.109+0000] {processor.py:830} INFO - Processing file /opt/airflow/dags/ecommerce_etl_dag.py for tasks to queue
[2026-06-08T08:16:45.111+0000] {logging_mixin.py:188} INFO - [2026-06-08T08:16:45.111+0000] {dagbag.py:545} INFO - Filling up the DagBag from /opt/airflow/dags/ecommerce_etl_dag.py
[2026-06-08T08:16:45.122+0000] {processor.py:840} INFO - DAG(s) 'ecommerce_distributed_dw_etl' retrieved from /opt/airflow/dags/ecommerce_etl_dag.py
[2026-06-08T08:16:45.149+0000] {logging_mixin.py:188} INFO - [2026-06-08T08:16:45.149+0000] {dag.py:3089} INFO - Sync 1 DAGs
[2026-06-08T08:16:45.156+0000] {logging_mixin.py:188} INFO - [2026-06-08T08:16:45.156+0000] {dag.py:3947} INFO - Setting next_dagrun for ecommerce_distributed_dw_etl to None, run_after=None
[2026-06-08T08:16:45.165+0000] {processor.py:183} INFO - Processing /opt/airflow/dags/ecommerce_etl_dag.py took 0.065 seconds
[2026-06-08T08:17:15.516+0000] {processor.py:161} INFO - Started process (PID=356) to work on /opt/airflow/dags/ecommerce_etl_dag.py
[2026-06-08T08:17:15.517+0000] {processor.py:830} INFO - Processing file /opt/airflow/dags/ecommerce_etl_dag.py for tasks to queue
[2026-06-08T08:17:15.520+0000] {logging_mixin.py:188} INFO - [2026-06-08T08:17:15.519+0000] {dagbag.py:545} INFO - Filling up the DagBag from /opt/airflow/dags/ecommerce_etl_dag.py
[2026-06-08T08:17:15.534+0000] {processor.py:840} INFO - DAG(s) 'ecommerce_distributed_dw_etl' retrieved from /opt/airflow/dags/ecommerce_etl_dag.py
[2026-06-08T08:17:15.564+0000] {logging_mixin.py:188} INFO - [2026-06-08T08:17:15.564+0000] {dag.py:3089} INFO - Sync 1 DAGs
[2026-06-08T08:17:15.572+0000] {logging_mixin.py:188} INFO - [2026-06-08T08:17:15.572+0000] {dag.py:3947} INFO - Setting next_dagrun for ecommerce_distributed_dw_etl to None, run_after=None
[2026-06-08T08:17:15.581+0000] {processor.py:183} INFO - Processing /opt/airflow/dags/ecommerce_etl_dag.py took 0.074 seconds
[2026-06-08T08:17:45.911+0000] {processor.py:161} INFO - Started process (PID=361) to work on /opt/airflow/dags/ecommerce_etl_dag.py
[2026-06-08T08:17:45.913+0000] {processor.py:830} INFO - Processing file /opt/airflow/dags/ecommerce_etl_dag.py for tasks to queue
[2026-06-08T08:17:45.916+0000] {logging_mixin.py:188} INFO - [2026-06-08T08:17:45.915+0000] {dagbag.py:545} INFO - Filling up the DagBag from /opt/airflow/dags/ecommerce_etl_dag.py
[2026-06-08T08:17:45.930+0000] {processor.py:840} INFO - DAG(s) 'ecommerce_distributed_dw_etl' retrieved from /opt/airflow/dags/ecommerce_etl_dag.py
[2026-06-08T08:17:45.958+0000] {logging_mixin.py:188} INFO - [2026-06-08T08:17:45.958+0000] {dag.py:3089} INFO - Sync 1 DAGs
[2026-06-08T08:17:45.967+0000] {logging_mixin.py:188} INFO - [2026-06-08T08:17:45.967+0000] {dag.py:3947} INFO - Setting next_dagrun for ecommerce_distributed_dw_etl to None, run_after=None
[2026-06-08T08:17:45.976+0000] {processor.py:183} INFO - Processing /opt/airflow/dags/ecommerce_etl_dag.py took 0.074 seconds
[2026-06-08T08:18:16.241+0000] {processor.py:161} INFO - Started process (PID=366) to work on /opt/airflow/dags/ecommerce_etl_dag.py
[2026-06-08T08:18:16.242+0000] {processor.py:830} INFO - Processing file /opt/airflow/dags/ecommerce_etl_dag.py for tasks to queue
[2026-06-08T08:18:16.243+0000] {logging_mixin.py:188} INFO - [2026-06-08T08:18:16.243+0000] {dagbag.py:545} INFO - Filling up the DagBag from /opt/airflow/dags/ecommerce_etl_dag.py
[2026-06-08T08:18:16.250+0000] {processor.py:840} INFO - DAG(s) 'ecommerce_distributed_dw_etl' retrieved from /opt/airflow/dags/ecommerce_etl_dag.py
[2026-06-08T08:18:16.268+0000] {logging_mixin.py:188} INFO - [2026-06-08T08:18:16.268+0000] {dag.py:3089} INFO - Sync 1 DAGs
[2026-06-08T08:18:16.275+0000] {logging_mixin.py:188} INFO - [2026-06-08T08:18:16.275+0000] {dag.py:3947} INFO - Setting next_dagrun for ecommerce_distributed_dw_etl to None, run_after=None
[2026-06-08T08:18:16.285+0000] {processor.py:183} INFO - Processing /opt/airflow/dags/ecommerce_etl_dag.py took 0.048 seconds
[2026-06-08T08:18:46.656+0000] {processor.py:161} INFO - Started process (PID=371) to work on /opt/airflow/dags/ecommerce_etl_dag.py
[2026-06-08T08:18:46.657+0000] {processor.py:830} INFO - Processing file /opt/airflow/dags/ecommerce_etl_dag.py for tasks to queue
[2026-06-08T08:18:46.660+0000] {logging_mixin.py:188} INFO - [2026-06-08T08:18:46.659+0000] {dagbag.py:545} INFO - Filling up the DagBag from /opt/airflow/dags/ecommerce_etl_dag.py
[2026-06-08T08:18:46.678+0000] {processor.py:840} INFO - DAG(s) 'ecommerce_distributed_dw_etl' retrieved from /opt/airflow/dags/ecommerce_etl_dag.py
[2026-06-08T08:18:46.712+0000] {logging_mixin.py:188} INFO - [2026-06-08T08:18:46.712+0000] {dag.py:3089} INFO - Sync 1 DAGs
[2026-06-08T08:18:46.723+0000] {logging_mixin.py:188} INFO - [2026-06-08T08:18:46.723+0000] {dag.py:3947} INFO - Setting next_dagrun for ecommerce_distributed_dw_etl to None, run_after=None
[2026-06-08T08:18:46.742+0000] {processor.py:183} INFO - Processing /opt/airflow/dags/ecommerce_etl_dag.py took 0.096 seconds
[2026-06-08T08:19:17.021+0000] {processor.py:161} INFO - Started process (PID=376) to work on /opt/airflow/dags/ecommerce_etl_dag.py
[2026-06-08T08:19:17.022+0000] {processor.py:830} INFO - Processing file /opt/airflow/dags/ecommerce_etl_dag.py for tasks to queue
[2026-06-08T08:19:17.025+0000] {logging_mixin.py:188} INFO - [2026-06-08T08:19:17.025+0000] {dagbag.py:545} INFO - Filling up the DagBag from /opt/airflow/dags/ecommerce_etl_dag.py
[2026-06-08T08:19:17.040+0000] {processor.py:840} INFO - DAG(s) 'ecommerce_distributed_dw_etl' retrieved from /opt/airflow/dags/ecommerce_etl_dag.py
[2026-06-08T08:19:17.068+0000] {logging_mixin.py:188} INFO - [2026-06-08T08:19:17.068+0000] {dag.py:3089} INFO - Sync 1 DAGs
[2026-06-08T08:19:17.076+0000] {logging_mixin.py:188} INFO - [2026-06-08T08:19:17.076+0000] {dag.py:3947} INFO - Setting next_dagrun for ecommerce_distributed_dw_etl to None, run_after=None
[2026-06-08T08:19:17.084+0000] {processor.py:183} INFO - Processing /opt/airflow/dags/ecommerce_etl_dag.py took 0.074 seconds
[2026-06-08T08:19:47.383+0000] {processor.py:161} INFO - Started process (PID=381) to work on /opt/airflow/dags/ecommerce_etl_dag.py
[2026-06-08T08:19:47.383+0000] {processor.py:830} INFO - Processing file /opt/airflow/dags/ecommerce_etl_dag.py for tasks to queue
[2026-06-08T08:19:47.384+0000] {logging_mixin.py:188} INFO - [2026-06-08T08:19:47.384+0000] {dagbag.py:545} INFO - Filling up the DagBag from /opt/airflow/dags/ecommerce_etl_dag.py
[2026-06-08T08:19:47.390+0000] {processor.py:840} INFO - DAG(s) 'ecommerce_distributed_dw_etl' retrieved from /opt/airflow/dags/ecommerce_etl_dag.py
[2026-06-08T08:19:47.407+0000] {logging_mixin.py:188} INFO - [2026-06-08T08:19:47.407+0000] {dag.py:3089} INFO - Sync 1 DAGs
[2026-06-08T08:19:47.413+0000] {logging_mixin.py:188} INFO - [2026-06-08T08:19:47.413+0000] {dag.py:3947} INFO - Setting next_dagrun for ecommerce_distributed_dw_etl to None, run_after=None
[2026-06-08T08:19:47.422+0000] {processor.py:183} INFO - Processing /opt/airflow/dags/ecommerce_etl_dag.py took 0.043 seconds
[2026-06-08T08:20:17.788+0000] {processor.py:161} INFO - Started process (PID=386) to work on /opt/airflow/dags/ecommerce_etl_dag.py
[2026-06-08T08:20:17.789+0000] {processor.py:830} INFO - Processing file /opt/airflow/dags/ecommerce_etl_dag.py for tasks to queue
[2026-06-08T08:20:17.790+0000] {logging_mixin.py:188} INFO - [2026-06-08T08:20:17.790+0000] {dagbag.py:545} INFO - Filling up the DagBag from /opt/airflow/dags/ecommerce_etl_dag.py
[2026-06-08T08:20:17.796+0000] {processor.py:840} INFO - DAG(s) 'ecommerce_distributed_dw_etl' retrieved from /opt/airflow/dags/ecommerce_etl_dag.py
[2026-06-08T08:20:17.814+0000] {logging_mixin.py:188} INFO - [2026-06-08T08:20:17.814+0000] {dag.py:3089} INFO - Sync 1 DAGs
[2026-06-08T08:20:17.820+0000] {logging_mixin.py:188} INFO - [2026-06-08T08:20:17.820+0000] {dag.py:3947} INFO - Setting next_dagrun for ecommerce_distributed_dw_etl to None, run_after=None
[2026-06-08T08:20:17.828+0000] {processor.py:183} INFO - Processing /opt/airflow/dags/ecommerce_etl_dag.py took 0.043 seconds
[2026-06-08T08:20:48.280+0000] {processor.py:161} INFO - Started process (PID=391) to work on /opt/airflow/dags/ecommerce_etl_dag.py
[2026-06-08T08:20:48.281+0000] {processor.py:830} INFO - Processing file /opt/airflow/dags/ecommerce_etl_dag.py for tasks to queue
[2026-06-08T08:20:48.284+0000] {logging_mixin.py:188} INFO - [2026-06-08T08:20:48.284+0000] {dagbag.py:545} INFO - Filling up the DagBag from /opt/airflow/dags/ecommerce_etl_dag.py
[2026-06-08T08:20:48.298+0000] {processor.py:840} INFO - DAG(s) 'ecommerce_distributed_dw_etl' retrieved from /opt/airflow/dags/ecommerce_etl_dag.py
[2026-06-08T08:20:48.325+0000] {logging_mixin.py:188} INFO - [2026-06-08T08:20:48.325+0000] {dag.py:3089} INFO - Sync 1 DAGs
[2026-06-08T08:20:48.333+0000] {logging_mixin.py:188} INFO - [2026-06-08T08:20:48.333+0000] {dag.py:3947} INFO - Setting next_dagrun for ecommerce_distributed_dw_etl to None, run_after=None
[2026-06-08T08:20:48.342+0000] {processor.py:183} INFO - Processing /opt/airflow/dags/ecommerce_etl_dag.py took 0.070 seconds
[2026-06-08T08:21:18.672+0000] {processor.py:161} INFO - Started process (PID=396) to work on /opt/airflow/dags/ecommerce_etl_dag.py
[2026-06-08T08:21:18.673+0000] {processor.py:830} INFO - Processing file /opt/airflow/dags/ecommerce_etl_dag.py for tasks to queue
[2026-06-08T08:21:18.675+0000] {logging_mixin.py:188} INFO - [2026-06-08T08:21:18.675+0000] {dagbag.py:545} INFO - Filling up the DagBag from /opt/airflow/dags/ecommerce_etl_dag.py
[2026-06-08T08:21:18.686+0000] {processor.py:840} INFO - DAG(s) 'ecommerce_distributed_dw_etl' retrieved from /opt/airflow/dags/ecommerce_etl_dag.py
[2026-06-08T08:21:18.714+0000] {logging_mixin.py:188} INFO - [2026-06-08T08:21:18.714+0000] {dag.py:3089} INFO - Sync 1 DAGs
[2026-06-08T08:21:18.722+0000] {logging_mixin.py:188} INFO - [2026-06-08T08:21:18.722+0000] {dag.py:3947} INFO - Setting next_dagrun for ecommerce_distributed_dw_etl to None, run_after=None
[2026-06-08T08:21:18.735+0000] {processor.py:183} INFO - Processing /opt/airflow/dags/ecommerce_etl_dag.py took 0.070 seconds
[2026-06-08T08:21:49.035+0000] {processor.py:161} INFO - Started process (PID=401) to work on /opt/airflow/dags/ecommerce_etl_dag.py
[2026-06-08T08:21:49.035+0000] {processor.py:830} INFO - Processing file /opt/airflow/dags/ecommerce_etl_dag.py for tasks to queue
[2026-06-08T08:21:49.038+0000] {logging_mixin.py:188} INFO - [2026-06-08T08:21:49.038+0000] {dagbag.py:545} INFO - Filling up the DagBag from /opt/airflow/dags/ecommerce_etl_dag.py
[2026-06-08T08:21:49.053+0000] {processor.py:840} INFO - DAG(s) 'ecommerce_distributed_dw_etl' retrieved from /opt/airflow/dags/ecommerce_etl_dag.py
[2026-06-08T08:21:49.082+0000] {logging_mixin.py:188} INFO - [2026-06-08T08:21:49.082+0000] {dag.py:3089} INFO - Sync 1 DAGs
[2026-06-08T08:21:49.089+0000] {logging_mixin.py:188} INFO - [2026-06-08T08:21:49.089+0000] {dag.py:3947} INFO - Setting next_dagrun for ecommerce_distributed_dw_etl to None, run_after=None
[2026-06-08T08:21:49.098+0000] {processor.py:183} INFO - Processing /opt/airflow/dags/ecommerce_etl_dag.py took 0.072 seconds
[2026-06-08T08:22:19.171+0000] {processor.py:161} INFO - Started process (PID=406) to work on /opt/airflow/dags/ecommerce_etl_dag.py
[2026-06-08T08:22:19.172+0000] {processor.py:830} INFO - Processing file /opt/airflow/dags/ecommerce_etl_dag.py for tasks to queue
[2026-06-08T08:22:19.176+0000] {logging_mixin.py:188} INFO - [2026-06-08T08:22:19.175+0000] {dagbag.py:545} INFO - Filling up the DagBag from /opt/airflow/dags/ecommerce_etl_dag.py
[2026-06-08T08:22:19.199+0000] {processor.py:840} INFO - DAG(s) 'ecommerce_distributed_dw_etl' retrieved from /opt/airflow/dags/ecommerce_etl_dag.py
[2026-06-08T08:22:19.241+0000] {logging_mixin.py:188} INFO - [2026-06-08T08:22:19.241+0000] {dag.py:3089} INFO - Sync 1 DAGs
[2026-06-08T08:22:19.252+0000] {logging_mixin.py:188} INFO - [2026-06-08T08:22:19.252+0000] {dag.py:3947} INFO - Setting next_dagrun for ecommerce_distributed_dw_etl to None, run_after=None
[2026-06-08T08:22:19.273+0000] {processor.py:183} INFO - Processing /opt/airflow/dags/ecommerce_etl_dag.py took 0.110 seconds
[2026-06-08T08:30:39.292+0000] {processor.py:161} INFO - Started process (PID=411) to work on /opt/airflow/dags/ecommerce_etl_dag.py
[2026-06-08T08:30:39.293+0000] {processor.py:830} INFO - Processing file /opt/airflow/dags/ecommerce_etl_dag.py for tasks to queue
[2026-06-08T08:30:39.295+0000] {logging_mixin.py:188} INFO - [2026-06-08T08:30:39.295+0000] {dagbag.py:545} INFO - Filling up the DagBag from /opt/airflow/dags/ecommerce_etl_dag.py
[2026-06-08T08:30:39.307+0000] {processor.py:840} INFO - DAG(s) 'ecommerce_distributed_dw_etl' retrieved from /opt/airflow/dags/ecommerce_etl_dag.py
[2026-06-08T08:30:39.333+0000] {logging_mixin.py:188} INFO - [2026-06-08T08:30:39.333+0000] {dag.py:3089} INFO - Sync 1 DAGs
[2026-06-08T08:30:39.341+0000] {logging_mixin.py:188} INFO - [2026-06-08T08:30:39.340+0000] {dag.py:3947} INFO - Setting next_dagrun for ecommerce_distributed_dw_etl to None, run_after=None
[2026-06-08T08:30:39.350+0000] {processor.py:183} INFO - Processing /opt/airflow/dags/ecommerce_etl_dag.py took 0.066 seconds
[2026-06-08T08:31:09.588+0000] {processor.py:161} INFO - Started process (PID=416) to work on /opt/airflow/dags/ecommerce_etl_dag.py
[2026-06-08T08:31:09.589+0000] {processor.py:830} INFO - Processing file /opt/airflow/dags/ecommerce_etl_dag.py for tasks to queue
[2026-06-08T08:31:09.592+0000] {logging_mixin.py:188} INFO - [2026-06-08T08:31:09.591+0000] {dagbag.py:545} INFO - Filling up the DagBag from /opt/airflow/dags/ecommerce_etl_dag.py
[2026-06-08T08:31:09.605+0000] {processor.py:840} INFO - DAG(s) 'ecommerce_distributed_dw_etl' retrieved from /opt/airflow/dags/ecommerce_etl_dag.py
[2026-06-08T08:31:09.643+0000] {logging_mixin.py:188} INFO - [2026-06-08T08:31:09.643+0000] {dag.py:3089} INFO - Sync 1 DAGs
[2026-06-08T08:31:09.652+0000] {logging_mixin.py:188} INFO - [2026-06-08T08:31:09.652+0000] {dag.py:3947} INFO - Setting next_dagrun for ecommerce_distributed_dw_etl to None, run_after=None
[2026-06-08T08:31:09.662+0000] {processor.py:183} INFO - Processing /opt/airflow/dags/ecommerce_etl_dag.py took 0.090 seconds
[2026-06-08T08:31:39.959+0000] {processor.py:161} INFO - Started process (PID=421) to work on /opt/airflow/dags/ecommerce_etl_dag.py
[2026-06-08T08:31:39.960+0000] {processor.py:830} INFO - Processing file /opt/airflow/dags/ecommerce_etl_dag.py for tasks to queue
[2026-06-08T08:31:39.962+0000] {logging_mixin.py:188} INFO - [2026-06-08T08:31:39.961+0000] {dagbag.py:545} INFO - Filling up the DagBag from /opt/airflow/dags/ecommerce_etl_dag.py
[2026-06-08T08:31:39.973+0000] {processor.py:840} INFO - DAG(s) 'ecommerce_distributed_dw_etl' retrieved from /opt/airflow/dags/ecommerce_etl_dag.py
[2026-06-08T08:31:40.002+0000] {logging_mixin.py:188} INFO - [2026-06-08T08:31:40.002+0000] {dag.py:3089} INFO - Sync 1 DAGs
[2026-06-08T08:31:40.010+0000] {logging_mixin.py:188} INFO - [2026-06-08T08:31:40.010+0000] {dag.py:3947} INFO - Setting next_dagrun for ecommerce_distributed_dw_etl to None, run_after=None
[2026-06-08T08:31:40.019+0000] {processor.py:183} INFO - Processing /opt/airflow/dags/ecommerce_etl_dag.py took 0.068 seconds
[2026-06-08T08:32:10.396+0000] {processor.py:161} INFO - Started process (PID=426) to work on /opt/airflow/dags/ecommerce_etl_dag.py
[2026-06-08T08:32:10.397+0000] {processor.py:830} INFO - Processing file /opt/airflow/dags/ecommerce_etl_dag.py for tasks to queue
[2026-06-08T08:32:10.409+0000] {logging_mixin.py:188} INFO - [2026-06-08T08:32:10.407+0000] {dagbag.py:545} INFO - Filling up the DagBag from /opt/airflow/dags/ecommerce_etl_dag.py
[2026-06-08T08:32:10.428+0000] {processor.py:840} INFO - DAG(s) 'ecommerce_distributed_dw_etl' retrieved from /opt/airflow/dags/ecommerce_etl_dag.py
[2026-06-08T08:32:10.467+0000] {logging_mixin.py:188} INFO - [2026-06-08T08:32:10.467+0000] {dag.py:3089} INFO - Sync 1 DAGs
[2026-06-08T08:32:10.479+0000] {logging_mixin.py:188} INFO - [2026-06-08T08:32:10.478+0000] {dag.py:3947} INFO - Setting next_dagrun for ecommerce_distributed_dw_etl to None, run_after=None
[2026-06-08T08:32:10.491+0000] {processor.py:183} INFO - Processing /opt/airflow/dags/ecommerce_etl_dag.py took 0.105 seconds
[2026-06-08T08:32:40.664+0000] {processor.py:161} INFO - Started process (PID=431) to work on /opt/airflow/dags/ecommerce_etl_dag.py
[2026-06-08T08:32:40.664+0000] {processor.py:830} INFO - Processing file /opt/airflow/dags/ecommerce_etl_dag.py for tasks to queue
[2026-06-08T08:32:40.665+0000] {logging_mixin.py:188} INFO - [2026-06-08T08:32:40.665+0000] {dagbag.py:545} INFO - Filling up the DagBag from /opt/airflow/dags/ecommerce_etl_dag.py
[2026-06-08T08:32:40.671+0000] {processor.py:840} INFO - DAG(s) 'ecommerce_distributed_dw_etl' retrieved from /opt/airflow/dags/ecommerce_etl_dag.py
[2026-06-08T08:32:40.689+0000] {logging_mixin.py:188} INFO - [2026-06-08T08:32:40.689+0000] {dag.py:3089} INFO - Sync 1 DAGs
[2026-06-08T08:32:40.696+0000] {logging_mixin.py:188} INFO - [2026-06-08T08:32:40.696+0000] {dag.py:3947} INFO - Setting next_dagrun for ecommerce_distributed_dw_etl to None, run_after=None
[2026-06-08T08:32:40.705+0000] {processor.py:183} INFO - Processing /opt/airflow/dags/ecommerce_etl_dag.py took 0.044 seconds
[2026-06-08T08:33:11.032+0000] {processor.py:161} INFO - Started process (PID=436) to work on /opt/airflow/dags/ecommerce_etl_dag.py
[2026-06-08T08:33:11.033+0000] {processor.py:830} INFO - Processing file /opt/airflow/dags/ecommerce_etl_dag.py for tasks to queue
[2026-06-08T08:33:11.036+0000] {logging_mixin.py:188} INFO - [2026-06-08T08:33:11.035+0000] {dagbag.py:545} INFO - Filling up the DagBag from /opt/airflow/dags/ecommerce_etl_dag.py
[2026-06-08T08:33:11.050+0000] {processor.py:840} INFO - DAG(s) 'ecommerce_distributed_dw_etl' retrieved from /opt/airflow/dags/ecommerce_etl_dag.py
[2026-06-08T08:33:11.080+0000] {logging_mixin.py:188} INFO - [2026-06-08T08:33:11.080+0000] {dag.py:3089} INFO - Sync 1 DAGs
[2026-06-08T08:33:11.088+0000] {logging_mixin.py:188} INFO - [2026-06-08T08:33:11.088+0000] {dag.py:3947} INFO - Setting next_dagrun for ecommerce_distributed_dw_etl to None, run_after=None
[2026-06-08T08:33:11.098+0000] {processor.py:183} INFO - Processing /opt/airflow/dags/ecommerce_etl_dag.py took 0.075 seconds
[2026-06-08T08:33:41.352+0000] {processor.py:161} INFO - Started process (PID=441) to work on /opt/airflow/dags/ecommerce_etl_dag.py
[2026-06-08T08:33:41.353+0000] {processor.py:830} INFO - Processing file /opt/airflow/dags/ecommerce_etl_dag.py for tasks to queue
[2026-06-08T08:33:41.354+0000] {logging_mixin.py:188} INFO - [2026-06-08T08:33:41.354+0000] {dagbag.py:545} INFO - Filling up the DagBag from /opt/airflow/dags/ecommerce_etl_dag.py
[2026-06-08T08:33:41.364+0000] {processor.py:840} INFO - DAG(s) 'ecommerce_distributed_dw_etl' retrieved from /opt/airflow/dags/ecommerce_etl_dag.py
[2026-06-08T08:33:41.388+0000] {logging_mixin.py:188} INFO - [2026-06-08T08:33:41.388+0000] {dag.py:3089} INFO - Sync 1 DAGs
[2026-06-08T08:33:41.394+0000] {logging_mixin.py:188} INFO - [2026-06-08T08:33:41.394+0000] {dag.py:3947} INFO - Setting next_dagrun for ecommerce_distributed_dw_etl to None, run_after=None
[2026-06-08T08:33:41.403+0000] {processor.py:183} INFO - Processing /opt/airflow/dags/ecommerce_etl_dag.py took 0.057 seconds
[2026-06-08T08:34:11.702+0000] {processor.py:161} INFO - Started process (PID=446) to work on /opt/airflow/dags/ecommerce_etl_dag.py
[2026-06-08T08:34:11.703+0000] {processor.py:830} INFO - Processing file /opt/airflow/dags/ecommerce_etl_dag.py for tasks to queue
[2026-06-08T08:34:11.706+0000] {logging_mixin.py:188} INFO - [2026-06-08T08:34:11.705+0000] {dagbag.py:545} INFO - Filling up the DagBag from /opt/airflow/dags/ecommerce_etl_dag.py
[2026-06-08T08:34:11.718+0000] {processor.py:840} INFO - DAG(s) 'ecommerce_distributed_dw_etl' retrieved from /opt/airflow/dags/ecommerce_etl_dag.py
[2026-06-08T08:34:11.749+0000] {logging_mixin.py:188} INFO - [2026-06-08T08:34:11.749+0000] {dag.py:3089} INFO - Sync 1 DAGs
[2026-06-08T08:34:11.759+0000] {logging_mixin.py:188} INFO - [2026-06-08T08:34:11.759+0000] {dag.py:3947} INFO - Setting next_dagrun for ecommerce_distributed_dw_etl to None, run_after=None
[2026-06-08T08:34:11.769+0000] {processor.py:183} INFO - Processing /opt/airflow/dags/ecommerce_etl_dag.py took 0.078 seconds
[2026-06-08T08:34:41.987+0000] {processor.py:161} INFO - Started process (PID=451) to work on /opt/airflow/dags/ecommerce_etl_dag.py
[2026-06-08T08:34:41.988+0000] {processor.py:830} INFO - Processing file /opt/airflow/dags/ecommerce_etl_dag.py for tasks to queue
[2026-06-08T08:34:41.990+0000] {logging_mixin.py:188} INFO - [2026-06-08T08:34:41.990+0000] {dagbag.py:545} INFO - Filling up the DagBag from /opt/airflow/dags/ecommerce_etl_dag.py
[2026-06-08T08:34:42.001+0000] {processor.py:840} INFO - DAG(s) 'ecommerce_distributed_dw_etl' retrieved from /opt/airflow/dags/ecommerce_etl_dag.py
[2026-06-08T08:34:42.026+0000] {logging_mixin.py:188} INFO - [2026-06-08T08:34:42.025+0000] {dag.py:3089} INFO - Sync 1 DAGs
[2026-06-08T08:34:42.033+0000] {logging_mixin.py:188} INFO - [2026-06-08T08:34:42.033+0000] {dag.py:3947} INFO - Setting next_dagrun for ecommerce_distributed_dw_etl to None, run_after=None
[2026-06-08T08:34:42.043+0000] {processor.py:183} INFO - Processing /opt/airflow/dags/ecommerce_etl_dag.py took 0.063 seconds
[2026-06-08T08:35:12.389+0000] {processor.py:161} INFO - Started process (PID=456) to work on /opt/airflow/dags/ecommerce_etl_dag.py
[2026-06-08T08:35:12.390+0000] {processor.py:830} INFO - Processing file /opt/airflow/dags/ecommerce_etl_dag.py for tasks to queue
[2026-06-08T08:35:12.393+0000] {logging_mixin.py:188} INFO - [2026-06-08T08:35:12.392+0000] {dagbag.py:545} INFO - Filling up the DagBag from /opt/airflow/dags/ecommerce_etl_dag.py
[2026-06-08T08:35:12.407+0000] {processor.py:840} INFO - DAG(s) 'ecommerce_distributed_dw_etl' retrieved from /opt/airflow/dags/ecommerce_etl_dag.py
[2026-06-08T08:35:12.434+0000] {logging_mixin.py:188} INFO - [2026-06-08T08:35:12.434+0000] {dag.py:3089} INFO - Sync 1 DAGs
[2026-06-08T08:35:12.443+0000] {logging_mixin.py:188} INFO - [2026-06-08T08:35:12.442+0000] {dag.py:3947} INFO - Setting next_dagrun for ecommerce_distributed_dw_etl to None, run_after=None
[2026-06-08T08:35:12.452+0000] {processor.py:183} INFO - Processing /opt/airflow/dags/ecommerce_etl_dag.py took 0.072 seconds
[2026-06-08T08:35:42.731+0000] {processor.py:161} INFO - Started process (PID=461) to work on /opt/airflow/dags/ecommerce_etl_dag.py
[2026-06-08T08:35:42.732+0000] {processor.py:830} INFO - Processing file /opt/airflow/dags/ecommerce_etl_dag.py for tasks to queue
[2026-06-08T08:35:42.734+0000] {logging_mixin.py:188} INFO - [2026-06-08T08:35:42.733+0000] {dagbag.py:545} INFO - Filling up the DagBag from /opt/airflow/dags/ecommerce_etl_dag.py
[2026-06-08T08:35:42.744+0000] {processor.py:840} INFO - DAG(s) 'ecommerce_distributed_dw_etl' retrieved from /opt/airflow/dags/ecommerce_etl_dag.py
[2026-06-08T08:35:42.771+0000] {logging_mixin.py:188} INFO - [2026-06-08T08:35:42.771+0000] {dag.py:3089} INFO - Sync 1 DAGs
[2026-06-08T08:35:42.778+0000] {logging_mixin.py:188} INFO - [2026-06-08T08:35:42.778+0000] {dag.py:3947} INFO - Setting next_dagrun for ecommerce_distributed_dw_etl to None, run_after=None
[2026-06-08T08:35:42.788+0000] {processor.py:183} INFO - Processing /opt/airflow/dags/ecommerce_etl_dag.py took 0.064 seconds
[2026-06-08T08:36:13.045+0000] {processor.py:161} INFO - Started process (PID=466) to work on /opt/airflow/dags/ecommerce_etl_dag.py
[2026-06-08T08:36:13.046+0000] {processor.py:830} INFO - Processing file /opt/airflow/dags/ecommerce_etl_dag.py for tasks to queue
[2026-06-08T08:36:13.050+0000] {logging_mixin.py:188} INFO - [2026-06-08T08:36:13.049+0000] {dagbag.py:545} INFO - Filling up the DagBag from /opt/airflow/dags/ecommerce_etl_dag.py
[2026-06-08T08:36:13.064+0000] {processor.py:840} INFO - DAG(s) 'ecommerce_distributed_dw_etl' retrieved from /opt/airflow/dags/ecommerce_etl_dag.py
[2026-06-08T08:36:13.093+0000] {logging_mixin.py:188} INFO - [2026-06-08T08:36:13.093+0000] {dag.py:3089} INFO - Sync 1 DAGs
[2026-06-08T08:36:13.101+0000] {logging_mixin.py:188} INFO - [2026-06-08T08:36:13.101+0000] {dag.py:3947} INFO - Setting next_dagrun for ecommerce_distributed_dw_etl to None, run_after=None
[2026-06-08T08:36:13.111+0000] {processor.py:183} INFO - Processing /opt/airflow/dags/ecommerce_etl_dag.py took 0.076 seconds
[2026-06-08T08:36:43.321+0000] {processor.py:161} INFO - Started process (PID=471) to work on /opt/airflow/dags/ecommerce_etl_dag.py
[2026-06-08T08:36:43.323+0000] {processor.py:830} INFO - Processing file /opt/airflow/dags/ecommerce_etl_dag.py for tasks to queue
[2026-06-08T08:36:43.325+0000] {logging_mixin.py:188} INFO - [2026-06-08T08:36:43.324+0000] {dagbag.py:545} INFO - Filling up the DagBag from /opt/airflow/dags/ecommerce_etl_dag.py
[2026-06-08T08:36:43.335+0000] {processor.py:840} INFO - DAG(s) 'ecommerce_distributed_dw_etl' retrieved from /opt/airflow/dags/ecommerce_etl_dag.py
[2026-06-08T08:36:43.362+0000] {logging_mixin.py:188} INFO - [2026-06-08T08:36:43.361+0000] {dag.py:3089} INFO - Sync 1 DAGs
[2026-06-08T08:36:43.369+0000] {logging_mixin.py:188} INFO - [2026-06-08T08:36:43.369+0000] {dag.py:3947} INFO - Setting next_dagrun for ecommerce_distributed_dw_etl to None, run_after=None
[2026-06-08T08:36:43.378+0000] {processor.py:183} INFO - Processing /opt/airflow/dags/ecommerce_etl_dag.py took 0.065 seconds
[2026-06-08T08:37:13.617+0000] {processor.py:161} INFO - Started process (PID=476) to work on /opt/airflow/dags/ecommerce_etl_dag.py
[2026-06-08T08:37:13.619+0000] {processor.py:830} INFO - Processing file /opt/airflow/dags/ecommerce_etl_dag.py for tasks to queue
[2026-06-08T08:37:13.622+0000] {logging_mixin.py:188} INFO - [2026-06-08T08:37:13.621+0000] {dagbag.py:545} INFO - Filling up the DagBag from /opt/airflow/dags/ecommerce_etl_dag.py
[2026-06-08T08:37:13.636+0000] {processor.py:840} INFO - DAG(s) 'ecommerce_distributed_dw_etl' retrieved from /opt/airflow/dags/ecommerce_etl_dag.py
[2026-06-08T08:37:13.665+0000] {logging_mixin.py:188} INFO - [2026-06-08T08:37:13.665+0000] {dag.py:3089} INFO - Sync 1 DAGs
[2026-06-08T08:37:13.673+0000] {logging_mixin.py:188} INFO - [2026-06-08T08:37:13.673+0000] {dag.py:3947} INFO - Setting next_dagrun for ecommerce_distributed_dw_etl to None, run_after=None
[2026-06-08T08:37:13.683+0000] {processor.py:183} INFO - Processing /opt/airflow/dags/ecommerce_etl_dag.py took 0.075 seconds
[2026-06-08T08:37:43.999+0000] {processor.py:161} INFO - Started process (PID=481) to work on /opt/airflow/dags/ecommerce_etl_dag.py
[2026-06-08T08:37:44.000+0000] {processor.py:830} INFO - Processing file /opt/airflow/dags/ecommerce_etl_dag.py for tasks to queue
[2026-06-08T08:37:44.003+0000] {logging_mixin.py:188} INFO - [2026-06-08T08:37:44.002+0000] {dagbag.py:545} INFO - Filling up the DagBag from /opt/airflow/dags/ecommerce_etl_dag.py
[2026-06-08T08:37:44.013+0000] {processor.py:840} INFO - DAG(s) 'ecommerce_distributed_dw_etl' retrieved from /opt/airflow/dags/ecommerce_etl_dag.py
[2026-06-08T08:37:44.041+0000] {logging_mixin.py:188} INFO - [2026-06-08T08:37:44.041+0000] {dag.py:3089} INFO - Sync 1 DAGs
[2026-06-08T08:37:44.048+0000] {logging_mixin.py:188} INFO - [2026-06-08T08:37:44.048+0000] {dag.py:3947} INFO - Setting next_dagrun for ecommerce_distributed_dw_etl to None, run_after=None
[2026-06-08T08:37:44.057+0000] {processor.py:183} INFO - Processing /opt/airflow/dags/ecommerce_etl_dag.py took 0.065 seconds
[2026-06-08T08:38:14.325+0000] {processor.py:161} INFO - Started process (PID=486) to work on /opt/airflow/dags/ecommerce_etl_dag.py
[2026-06-08T08:38:14.326+0000] {processor.py:830} INFO - Processing file /opt/airflow/dags/ecommerce_etl_dag.py for tasks to queue
[2026-06-08T08:38:14.327+0000] {logging_mixin.py:188} INFO - [2026-06-08T08:38:14.327+0000] {dagbag.py:545} INFO - Filling up the DagBag from /opt/airflow/dags/ecommerce_etl_dag.py
[2026-06-08T08:38:14.334+0000] {processor.py:840} INFO - DAG(s) 'ecommerce_distributed_dw_etl' retrieved from /opt/airflow/dags/ecommerce_etl_dag.py
[2026-06-08T08:38:14.354+0000] {logging_mixin.py:188} INFO - [2026-06-08T08:38:14.354+0000] {dag.py:3089} INFO - Sync 1 DAGs
[2026-06-08T08:38:14.361+0000] {logging_mixin.py:188} INFO - [2026-06-08T08:38:14.361+0000] {dag.py:3947} INFO - Setting next_dagrun for ecommerce_distributed_dw_etl to None, run_after=None
[2026-06-08T08:38:14.369+0000] {processor.py:183} INFO - Processing /opt/airflow/dags/ecommerce_etl_dag.py took 0.048 seconds
[2026-06-08T08:38:44.671+0000] {processor.py:161} INFO - Started process (PID=491) to work on /opt/airflow/dags/ecommerce_etl_dag.py
[2026-06-08T08:38:44.672+0000] {processor.py:830} INFO - Processing file /opt/airflow/dags/ecommerce_etl_dag.py for tasks to queue
[2026-06-08T08:38:44.675+0000] {logging_mixin.py:188} INFO - [2026-06-08T08:38:44.675+0000] {dagbag.py:545} INFO - Filling up the DagBag from /opt/airflow/dags/ecommerce_etl_dag.py
[2026-06-08T08:38:44.690+0000] {processor.py:840} INFO - DAG(s) 'ecommerce_distributed_dw_etl' retrieved from /opt/airflow/dags/ecommerce_etl_dag.py
[2026-06-08T08:38:44.719+0000] {logging_mixin.py:188} INFO - [2026-06-08T08:38:44.719+0000] {dag.py:3089} INFO - Sync 1 DAGs
[2026-06-08T08:38:44.728+0000] {logging_mixin.py:188} INFO - [2026-06-08T08:38:44.728+0000] {dag.py:3947} INFO - Setting next_dagrun for ecommerce_distributed_dw_etl to None, run_after=None
[2026-06-08T08:38:44.738+0000] {processor.py:183} INFO - Processing /opt/airflow/dags/ecommerce_etl_dag.py took 0.075 seconds
[2026-06-08T08:39:15.011+0000] {processor.py:161} INFO - Started process (PID=496) to work on /opt/airflow/dags/ecommerce_etl_dag.py
[2026-06-08T08:39:15.013+0000] {processor.py:830} INFO - Processing file /opt/airflow/dags/ecommerce_etl_dag.py for tasks to queue
[2026-06-08T08:39:15.015+0000] {logging_mixin.py:188} INFO - [2026-06-08T08:39:15.014+0000] {dagbag.py:545} INFO - Filling up the DagBag from /opt/airflow/dags/ecommerce_etl_dag.py
[2026-06-08T08:39:15.026+0000] {processor.py:840} INFO - DAG(s) 'ecommerce_distributed_dw_etl' retrieved from /opt/airflow/dags/ecommerce_etl_dag.py
[2026-06-08T08:39:15.054+0000] {logging_mixin.py:188} INFO - [2026-06-08T08:39:15.054+0000] {dag.py:3089} INFO - Sync 1 DAGs
[2026-06-08T08:39:15.061+0000] {logging_mixin.py:188} INFO - [2026-06-08T08:39:15.061+0000] {dag.py:3947} INFO - Setting next_dagrun for ecommerce_distributed_dw_etl to None, run_after=None
[2026-06-08T08:39:15.076+0000] {processor.py:183} INFO - Processing /opt/airflow/dags/ecommerce_etl_dag.py took 0.072 seconds
[2026-06-08T08:39:45.391+0000] {processor.py:161} INFO - Started process (PID=501) to work on /opt/airflow/dags/ecommerce_etl_dag.py
[2026-06-08T08:39:45.394+0000] {processor.py:830} INFO - Processing file /opt/airflow/dags/ecommerce_etl_dag.py for tasks to queue
[2026-06-08T08:39:45.400+0000] {logging_mixin.py:188} INFO - [2026-06-08T08:39:45.399+0000] {dagbag.py:545} INFO - Filling up the DagBag from /opt/airflow/dags/ecommerce_etl_dag.py
[2026-06-08T08:39:45.440+0000] {processor.py:840} INFO - DAG(s) 'ecommerce_distributed_dw_etl' retrieved from /opt/airflow/dags/ecommerce_etl_dag.py
[2026-06-08T08:39:45.472+0000] {logging_mixin.py:188} INFO - [2026-06-08T08:39:45.472+0000] {dag.py:3089} INFO - Sync 1 DAGs
[2026-06-08T08:39:45.483+0000] {logging_mixin.py:188} INFO - [2026-06-08T08:39:45.483+0000] {dag.py:3947} INFO - Setting next_dagrun for ecommerce_distributed_dw_etl to None, run_after=None
[2026-06-08T08:39:45.498+0000] {processor.py:183} INFO - Processing /opt/airflow/dags/ecommerce_etl_dag.py took 0.115 seconds
[2026-06-08T08:40:15.763+0000] {processor.py:161} INFO - Started process (PID=506) to work on /opt/airflow/dags/ecommerce_etl_dag.py
[2026-06-08T08:40:15.764+0000] {processor.py:830} INFO - Processing file /opt/airflow/dags/ecommerce_etl_dag.py for tasks to queue
[2026-06-08T08:40:15.766+0000] {logging_mixin.py:188} INFO - [2026-06-08T08:40:15.766+0000] {dagbag.py:545} INFO - Filling up the DagBag from /opt/airflow/dags/ecommerce_etl_dag.py
[2026-06-08T08:40:15.776+0000] {processor.py:840} INFO - DAG(s) 'ecommerce_distributed_dw_etl' retrieved from /opt/airflow/dags/ecommerce_etl_dag.py
[2026-06-08T08:40:15.801+0000] {logging_mixin.py:188} INFO - [2026-06-08T08:40:15.801+0000] {dag.py:3089} INFO - Sync 1 DAGs
[2026-06-08T08:40:15.808+0000] {logging_mixin.py:188} INFO - [2026-06-08T08:40:15.808+0000] {dag.py:3947} INFO - Setting next_dagrun for ecommerce_distributed_dw_etl to None, run_after=None
[2026-06-08T08:40:15.817+0000] {processor.py:183} INFO - Processing /opt/airflow/dags/ecommerce_etl_dag.py took 0.061 seconds
[2026-06-08T08:40:46.206+0000] {processor.py:161} INFO - Started process (PID=511) to work on /opt/airflow/dags/ecommerce_etl_dag.py
[2026-06-08T08:40:46.207+0000] {processor.py:830} INFO - Processing file /opt/airflow/dags/ecommerce_etl_dag.py for tasks to queue
[2026-06-08T08:40:46.210+0000] {logging_mixin.py:188} INFO - [2026-06-08T08:40:46.209+0000] {dagbag.py:545} INFO - Filling up the DagBag from /opt/airflow/dags/ecommerce_etl_dag.py
[2026-06-08T08:40:46.220+0000] {processor.py:840} INFO - DAG(s) 'ecommerce_distributed_dw_etl' retrieved from /opt/airflow/dags/ecommerce_etl_dag.py
[2026-06-08T08:40:46.246+0000] {logging_mixin.py:188} INFO - [2026-06-08T08:40:46.246+0000] {dag.py:3089} INFO - Sync 1 DAGs
[2026-06-08T08:40:46.253+0000] {logging_mixin.py:188} INFO - [2026-06-08T08:40:46.253+0000] {dag.py:3947} INFO - Setting next_dagrun for ecommerce_distributed_dw_etl to None, run_after=None
[2026-06-08T08:40:46.262+0000] {processor.py:183} INFO - Processing /opt/airflow/dags/ecommerce_etl_dag.py took 0.063 seconds
[2026-06-08T08:41:16.566+0000] {processor.py:161} INFO - Started process (PID=516) to work on /opt/airflow/dags/ecommerce_etl_dag.py
[2026-06-08T08:41:16.568+0000] {processor.py:830} INFO - Processing file /opt/airflow/dags/ecommerce_etl_dag.py for tasks to queue
[2026-06-08T08:41:16.571+0000] {logging_mixin.py:188} INFO - [2026-06-08T08:41:16.571+0000] {dagbag.py:545} INFO - Filling up the DagBag from /opt/airflow/dags/ecommerce_etl_dag.py
[2026-06-08T08:41:16.584+0000] {processor.py:840} INFO - DAG(s) 'ecommerce_distributed_dw_etl' retrieved from /opt/airflow/dags/ecommerce_etl_dag.py
[2026-06-08T08:41:16.611+0000] {logging_mixin.py:188} INFO - [2026-06-08T08:41:16.611+0000] {dag.py:3089} INFO - Sync 1 DAGs
[2026-06-08T08:41:16.619+0000] {logging_mixin.py:188} INFO - [2026-06-08T08:41:16.619+0000] {dag.py:3947} INFO - Setting next_dagrun for ecommerce_distributed_dw_etl to None, run_after=None
[2026-06-08T08:41:16.629+0000] {processor.py:183} INFO - Processing /opt/airflow/dags/ecommerce_etl_dag.py took 0.071 seconds
[2026-06-08T08:41:46.859+0000] {processor.py:161} INFO - Started process (PID=521) to work on /opt/airflow/dags/ecommerce_etl_dag.py
[2026-06-08T08:41:46.860+0000] {processor.py:830} INFO - Processing file /opt/airflow/dags/ecommerce_etl_dag.py for tasks to queue
[2026-06-08T08:41:46.862+0000] {logging_mixin.py:188} INFO - [2026-06-08T08:41:46.862+0000] {dagbag.py:545} INFO - Filling up the DagBag from /opt/airflow/dags/ecommerce_etl_dag.py
[2026-06-08T08:41:46.871+0000] {processor.py:840} INFO - DAG(s) 'ecommerce_distributed_dw_etl' retrieved from /opt/airflow/dags/ecommerce_etl_dag.py
[2026-06-08T08:41:46.902+0000] {logging_mixin.py:188} INFO - [2026-06-08T08:41:46.901+0000] {dag.py:3089} INFO - Sync 1 DAGs
[2026-06-08T08:41:46.908+0000] {logging_mixin.py:188} INFO - [2026-06-08T08:41:46.908+0000] {dag.py:3947} INFO - Setting next_dagrun for ecommerce_distributed_dw_etl to None, run_after=None
[2026-06-08T08:41:46.918+0000] {processor.py:183} INFO - Processing /opt/airflow/dags/ecommerce_etl_dag.py took 0.067 seconds
[2026-06-08T08:42:17.126+0000] {processor.py:161} INFO - Started process (PID=526) to work on /opt/airflow/dags/ecommerce_etl_dag.py
[2026-06-08T08:42:17.127+0000] {processor.py:830} INFO - Processing file /opt/airflow/dags/ecommerce_etl_dag.py for tasks to queue
[2026-06-08T08:42:17.131+0000] {logging_mixin.py:188} INFO - [2026-06-08T08:42:17.130+0000] {dagbag.py:545} INFO - Filling up the DagBag from /opt/airflow/dags/ecommerce_etl_dag.py
[2026-06-08T08:42:17.146+0000] {processor.py:840} INFO - DAG(s) 'ecommerce_distributed_dw_etl' retrieved from /opt/airflow/dags/ecommerce_etl_dag.py
[2026-06-08T08:42:17.172+0000] {logging_mixin.py:188} INFO - [2026-06-08T08:42:17.172+0000] {dag.py:3089} INFO - Sync 1 DAGs
[2026-06-08T08:42:17.181+0000] {logging_mixin.py:188} INFO - [2026-06-08T08:42:17.180+0000] {dag.py:3947} INFO - Setting next_dagrun for ecommerce_distributed_dw_etl to None, run_after=None
[2026-06-08T08:42:17.190+0000] {processor.py:183} INFO - Processing /opt/airflow/dags/ecommerce_etl_dag.py took 0.074 seconds
[2026-06-08T08:42:47.415+0000] {processor.py:161} INFO - Started process (PID=531) to work on /opt/airflow/dags/ecommerce_etl_dag.py
[2026-06-08T08:42:47.416+0000] {processor.py:830} INFO - Processing file /opt/airflow/dags/ecommerce_etl_dag.py for tasks to queue
[2026-06-08T08:42:47.419+0000] {logging_mixin.py:188} INFO - [2026-06-08T08:42:47.419+0000] {dagbag.py:545} INFO - Filling up the DagBag from /opt/airflow/dags/ecommerce_etl_dag.py
[2026-06-08T08:42:47.431+0000] {processor.py:840} INFO - DAG(s) 'ecommerce_distributed_dw_etl' retrieved from /opt/airflow/dags/ecommerce_etl_dag.py
[2026-06-08T08:42:47.458+0000] {logging_mixin.py:188} INFO - [2026-06-08T08:42:47.458+0000] {dag.py:3089} INFO - Sync 1 DAGs
[2026-06-08T08:42:47.466+0000] {logging_mixin.py:188} INFO - [2026-06-08T08:42:47.465+0000] {dag.py:3947} INFO - Setting next_dagrun for ecommerce_distributed_dw_etl to None, run_after=None
[2026-06-08T08:42:47.474+0000] {processor.py:183} INFO - Processing /opt/airflow/dags/ecommerce_etl_dag.py took 0.067 seconds
[2026-06-08T08:43:17.679+0000] {processor.py:161} INFO - Started process (PID=536) to work on /opt/airflow/dags/ecommerce_etl_dag.py
[2026-06-08T08:43:17.680+0000] {processor.py:830} INFO - Processing file /opt/airflow/dags/ecommerce_etl_dag.py for tasks to queue
[2026-06-08T08:43:17.681+0000] {logging_mixin.py:188} INFO - [2026-06-08T08:43:17.681+0000] {dagbag.py:545} INFO - Filling up the DagBag from /opt/airflow/dags/ecommerce_etl_dag.py
[2026-06-08T08:43:17.688+0000] {processor.py:840} INFO - DAG(s) 'ecommerce_distributed_dw_etl' retrieved from /opt/airflow/dags/ecommerce_etl_dag.py
[2026-06-08T08:43:17.708+0000] {logging_mixin.py:188} INFO - [2026-06-08T08:43:17.708+0000] {dag.py:3089} INFO - Sync 1 DAGs
[2026-06-08T08:43:17.715+0000] {logging_mixin.py:188} INFO - [2026-06-08T08:43:17.715+0000] {dag.py:3947} INFO - Setting next_dagrun for ecommerce_distributed_dw_etl to None, run_after=None
[2026-06-08T08:43:17.723+0000] {processor.py:183} INFO - Processing /opt/airflow/dags/ecommerce_etl_dag.py took 0.049 seconds
[2026-06-08T08:43:48.031+0000] {processor.py:161} INFO - Started process (PID=541) to work on /opt/airflow/dags/ecommerce_etl_dag.py
[2026-06-08T08:43:48.032+0000] {processor.py:830} INFO - Processing file /opt/airflow/dags/ecommerce_etl_dag.py for tasks to queue
[2026-06-08T08:43:48.036+0000] {logging_mixin.py:188} INFO - [2026-06-08T08:43:48.035+0000] {dagbag.py:545} INFO - Filling up the DagBag from /opt/airflow/dags/ecommerce_etl_dag.py
[2026-06-08T08:43:48.049+0000] {processor.py:840} INFO - DAG(s) 'ecommerce_distributed_dw_etl' retrieved from /opt/airflow/dags/ecommerce_etl_dag.py
[2026-06-08T08:43:48.077+0000] {logging_mixin.py:188} INFO - [2026-06-08T08:43:48.076+0000] {dag.py:3089} INFO - Sync 1 DAGs
[2026-06-08T08:43:48.085+0000] {logging_mixin.py:188} INFO - [2026-06-08T08:43:48.085+0000] {dag.py:3947} INFO - Setting next_dagrun for ecommerce_distributed_dw_etl to None, run_after=None
[2026-06-08T08:43:48.094+0000] {processor.py:183} INFO - Processing /opt/airflow/dags/ecommerce_etl_dag.py took 0.072 seconds
[2026-06-08T08:44:18.349+0000] {processor.py:161} INFO - Started process (PID=546) to work on /opt/airflow/dags/ecommerce_etl_dag.py
[2026-06-08T08:44:18.350+0000] {processor.py:830} INFO - Processing file /opt/airflow/dags/ecommerce_etl_dag.py for tasks to queue
[2026-06-08T08:44:18.353+0000] {logging_mixin.py:188} INFO - [2026-06-08T08:44:18.353+0000] {dagbag.py:545} INFO - Filling up the DagBag from /opt/airflow/dags/ecommerce_etl_dag.py
[2026-06-08T08:44:18.364+0000] {processor.py:840} INFO - DAG(s) 'ecommerce_distributed_dw_etl' retrieved from /opt/airflow/dags/ecommerce_etl_dag.py
[2026-06-08T08:44:18.392+0000] {logging_mixin.py:188} INFO - [2026-06-08T08:44:18.392+0000] {dag.py:3089} INFO - Sync 1 DAGs
[2026-06-08T08:44:18.401+0000] {logging_mixin.py:188} INFO - [2026-06-08T08:44:18.400+0000] {dag.py:3947} INFO - Setting next_dagrun for ecommerce_distributed_dw_etl to None, run_after=None
[2026-06-08T08:44:18.412+0000] {processor.py:183} INFO - Processing /opt/airflow/dags/ecommerce_etl_dag.py took 0.070 seconds
[2026-06-08T08:44:48.733+0000] {processor.py:161} INFO - Started process (PID=551) to work on /opt/airflow/dags/ecommerce_etl_dag.py
[2026-06-08T08:44:48.734+0000] {processor.py:830} INFO - Processing file /opt/airflow/dags/ecommerce_etl_dag.py for tasks to queue
[2026-06-08T08:44:48.737+0000] {logging_mixin.py:188} INFO - [2026-06-08T08:44:48.736+0000] {dagbag.py:545} INFO - Filling up the DagBag from /opt/airflow/dags/ecommerce_etl_dag.py
[2026-06-08T08:44:48.749+0000] {processor.py:840} INFO - DAG(s) 'ecommerce_distributed_dw_etl' retrieved from /opt/airflow/dags/ecommerce_etl_dag.py
[2026-06-08T08:44:48.775+0000] {logging_mixin.py:188} INFO - [2026-06-08T08:44:48.775+0000] {dag.py:3089} INFO - Sync 1 DAGs
[2026-06-08T08:44:48.784+0000] {logging_mixin.py:188} INFO - [2026-06-08T08:44:48.784+0000] {dag.py:3947} INFO - Setting next_dagrun for ecommerce_distributed_dw_etl to None, run_after=None
[2026-06-08T08:44:48.794+0000] {processor.py:183} INFO - Processing /opt/airflow/dags/ecommerce_etl_dag.py took 0.069 seconds
[2026-06-08T08:45:19.083+0000] {processor.py:161} INFO - Started process (PID=556) to work on /opt/airflow/dags/ecommerce_etl_dag.py
[2026-06-08T08:45:19.085+0000] {processor.py:830} INFO - Processing file /opt/airflow/dags/ecommerce_etl_dag.py for tasks to queue
[2026-06-08T08:45:19.089+0000] {logging_mixin.py:188} INFO - [2026-06-08T08:45:19.088+0000] {dagbag.py:545} INFO - Filling up the DagBag from /opt/airflow/dags/ecommerce_etl_dag.py
[2026-06-08T08:45:19.105+0000] {processor.py:840} INFO - DAG(s) 'ecommerce_distributed_dw_etl' retrieved from /opt/airflow/dags/ecommerce_etl_dag.py
[2026-06-08T08:45:19.135+0000] {logging_mixin.py:188} INFO - [2026-06-08T08:45:19.134+0000] {dag.py:3089} INFO - Sync 1 DAGs
[2026-06-08T08:45:19.144+0000] {logging_mixin.py:188} INFO - [2026-06-08T08:45:19.143+0000] {dag.py:3947} INFO - Setting next_dagrun for ecommerce_distributed_dw_etl to None, run_after=None
[2026-06-08T08:45:19.154+0000] {processor.py:183} INFO - Processing /opt/airflow/dags/ecommerce_etl_dag.py took 0.081 seconds
[2026-06-08T08:45:49.388+0000] {processor.py:161} INFO - Started process (PID=561) to work on /opt/airflow/dags/ecommerce_etl_dag.py
[2026-06-08T08:45:49.389+0000] {processor.py:830} INFO - Processing file /opt/airflow/dags/ecommerce_etl_dag.py for tasks to queue
[2026-06-08T08:45:49.390+0000] {logging_mixin.py:188} INFO - [2026-06-08T08:45:49.390+0000] {dagbag.py:545} INFO - Filling up the DagBag from /opt/airflow/dags/ecommerce_etl_dag.py
[2026-06-08T08:45:49.396+0000] {processor.py:840} INFO - DAG(s) 'ecommerce_distributed_dw_etl' retrieved from /opt/airflow/dags/ecommerce_etl_dag.py
[2026-06-08T08:45:49.413+0000] {logging_mixin.py:188} INFO - [2026-06-08T08:45:49.413+0000] {dag.py:3089} INFO - Sync 1 DAGs
[2026-06-08T08:45:49.420+0000] {logging_mixin.py:188} INFO - [2026-06-08T08:45:49.419+0000] {dag.py:3947} INFO - Setting next_dagrun for ecommerce_distributed_dw_etl to None, run_after=None
[2026-06-08T08:45:49.427+0000] {processor.py:183} INFO - Processing /opt/airflow/dags/ecommerce_etl_dag.py took 0.042 seconds
[2026-06-08T08:46:19.744+0000] {processor.py:161} INFO - Started process (PID=566) to work on /opt/airflow/dags/ecommerce_etl_dag.py
[2026-06-08T08:46:19.745+0000] {processor.py:830} INFO - Processing file /opt/airflow/dags/ecommerce_etl_dag.py for tasks to queue
[2026-06-08T08:46:19.748+0000] {logging_mixin.py:188} INFO - [2026-06-08T08:46:19.748+0000] {dagbag.py:545} INFO - Filling up the DagBag from /opt/airflow/dags/ecommerce_etl_dag.py
[2026-06-08T08:46:19.763+0000] {processor.py:840} INFO - DAG(s) 'ecommerce_distributed_dw_etl' retrieved from /opt/airflow/dags/ecommerce_etl_dag.py
[2026-06-08T08:46:19.790+0000] {logging_mixin.py:188} INFO - [2026-06-08T08:46:19.790+0000] {dag.py:3089} INFO - Sync 1 DAGs
[2026-06-08T08:46:19.798+0000] {logging_mixin.py:188} INFO - [2026-06-08T08:46:19.798+0000] {dag.py:3947} INFO - Setting next_dagrun for ecommerce_distributed_dw_etl to None, run_after=None
[2026-06-08T08:46:19.809+0000] {processor.py:183} INFO - Processing /opt/airflow/dags/ecommerce_etl_dag.py took 0.075 seconds
[2026-06-08T08:46:50.010+0000] {processor.py:161} INFO - Started process (PID=571) to work on /opt/airflow/dags/ecommerce_etl_dag.py
[2026-06-08T08:46:50.010+0000] {processor.py:830} INFO - Processing file /opt/airflow/dags/ecommerce_etl_dag.py for tasks to queue
[2026-06-08T08:46:50.011+0000] {logging_mixin.py:188} INFO - [2026-06-08T08:46:50.011+0000] {dagbag.py:545} INFO - Filling up the DagBag from /opt/airflow/dags/ecommerce_etl_dag.py
[2026-06-08T08:46:50.018+0000] {processor.py:840} INFO - DAG(s) 'ecommerce_distributed_dw_etl' retrieved from /opt/airflow/dags/ecommerce_etl_dag.py
[2026-06-08T08:46:50.036+0000] {logging_mixin.py:188} INFO - [2026-06-08T08:46:50.036+0000] {dag.py:3089} INFO - Sync 1 DAGs
[2026-06-08T08:46:50.042+0000] {logging_mixin.py:188} INFO - [2026-06-08T08:46:50.042+0000] {dag.py:3947} INFO - Setting next_dagrun for ecommerce_distributed_dw_etl to None, run_after=None
[2026-06-08T08:46:50.050+0000] {processor.py:183} INFO - Processing /opt/airflow/dags/ecommerce_etl_dag.py took 0.044 seconds
[2026-06-08T08:47:20.390+0000] {processor.py:161} INFO - Started process (PID=576) to work on /opt/airflow/dags/ecommerce_etl_dag.py
[2026-06-08T08:47:20.392+0000] {processor.py:830} INFO - Processing file /opt/airflow/dags/ecommerce_etl_dag.py for tasks to queue
[2026-06-08T08:47:20.394+0000] {logging_mixin.py:188} INFO - [2026-06-08T08:47:20.393+0000] {dagbag.py:545} INFO - Filling up the DagBag from /opt/airflow/dags/ecommerce_etl_dag.py
[2026-06-08T08:47:20.404+0000] {processor.py:840} INFO - DAG(s) 'ecommerce_distributed_dw_etl' retrieved from /opt/airflow/dags/ecommerce_etl_dag.py
[2026-06-08T08:47:20.430+0000] {logging_mixin.py:188} INFO - [2026-06-08T08:47:20.430+0000] {dag.py:3089} INFO - Sync 1 DAGs
[2026-06-08T08:47:20.438+0000] {logging_mixin.py:188} INFO - [2026-06-08T08:47:20.437+0000] {dag.py:3947} INFO - Setting next_dagrun for ecommerce_distributed_dw_etl to None, run_after=None
[2026-06-08T08:47:20.447+0000] {processor.py:183} INFO - Processing /opt/airflow/dags/ecommerce_etl_dag.py took 0.063 seconds
[2026-06-08T08:47:50.701+0000] {processor.py:161} INFO - Started process (PID=581) to work on /opt/airflow/dags/ecommerce_etl_dag.py
[2026-06-08T08:47:50.702+0000] {processor.py:830} INFO - Processing file /opt/airflow/dags/ecommerce_etl_dag.py for tasks to queue
[2026-06-08T08:47:50.705+0000] {logging_mixin.py:188} INFO - [2026-06-08T08:47:50.705+0000] {dagbag.py:545} INFO - Filling up the DagBag from /opt/airflow/dags/ecommerce_etl_dag.py
[2026-06-08T08:47:50.720+0000] {processor.py:840} INFO - DAG(s) 'ecommerce_distributed_dw_etl' retrieved from /opt/airflow/dags/ecommerce_etl_dag.py
[2026-06-08T08:47:50.748+0000] {logging_mixin.py:188} INFO - [2026-06-08T08:47:50.748+0000] {dag.py:3089} INFO - Sync 1 DAGs
[2026-06-08T08:47:50.756+0000] {logging_mixin.py:188} INFO - [2026-06-08T08:47:50.756+0000] {dag.py:3947} INFO - Setting next_dagrun for ecommerce_distributed_dw_etl to None, run_after=None
[2026-06-08T08:47:50.766+0000] {processor.py:183} INFO - Processing /opt/airflow/dags/ecommerce_etl_dag.py took 0.074 seconds
[2026-06-08T08:48:21.007+0000] {processor.py:161} INFO - Started process (PID=586) to work on /opt/airflow/dags/ecommerce_etl_dag.py
[2026-06-08T08:48:21.008+0000] {processor.py:830} INFO - Processing file /opt/airflow/dags/ecommerce_etl_dag.py for tasks to queue
[2026-06-08T08:48:21.010+0000] {logging_mixin.py:188} INFO - [2026-06-08T08:48:21.010+0000] {dagbag.py:545} INFO - Filling up the DagBag from /opt/airflow/dags/ecommerce_etl_dag.py
[2026-06-08T08:48:21.021+0000] {processor.py:840} INFO - DAG(s) 'ecommerce_distributed_dw_etl' retrieved from /opt/airflow/dags/ecommerce_etl_dag.py
[2026-06-08T08:48:21.046+0000] {logging_mixin.py:188} INFO - [2026-06-08T08:48:21.046+0000] {dag.py:3089} INFO - Sync 1 DAGs
[2026-06-08T08:48:21.054+0000] {logging_mixin.py:188} INFO - [2026-06-08T08:48:21.054+0000] {dag.py:3947} INFO - Setting next_dagrun for ecommerce_distributed_dw_etl to None, run_after=None
[2026-06-08T08:48:21.063+0000] {processor.py:183} INFO - Processing /opt/airflow/dags/ecommerce_etl_dag.py took 0.063 seconds
[2026-06-08T08:48:51.337+0000] {processor.py:161} INFO - Started process (PID=591) to work on /opt/airflow/dags/ecommerce_etl_dag.py
[2026-06-08T08:48:51.338+0000] {processor.py:830} INFO - Processing file /opt/airflow/dags/ecommerce_etl_dag.py for tasks to queue
[2026-06-08T08:48:51.340+0000] {logging_mixin.py:188} INFO - [2026-06-08T08:48:51.340+0000] {dagbag.py:545} INFO - Filling up the DagBag from /opt/airflow/dags/ecommerce_etl_dag.py
[2026-06-08T08:48:51.350+0000] {processor.py:840} INFO - DAG(s) 'ecommerce_distributed_dw_etl' retrieved from /opt/airflow/dags/ecommerce_etl_dag.py
[2026-06-08T08:48:51.375+0000] {logging_mixin.py:188} INFO - [2026-06-08T08:48:51.375+0000] {dag.py:3089} INFO - Sync 1 DAGs
[2026-06-08T08:48:51.383+0000] {logging_mixin.py:188} INFO - [2026-06-08T08:48:51.382+0000] {dag.py:3947} INFO - Setting next_dagrun for ecommerce_distributed_dw_etl to None, run_after=None
[2026-06-08T08:48:51.392+0000] {processor.py:183} INFO - Processing /opt/airflow/dags/ecommerce_etl_dag.py took 0.062 seconds
[2026-06-08T08:49:21.736+0000] {processor.py:161} INFO - Started process (PID=596) to work on /opt/airflow/dags/ecommerce_etl_dag.py
[2026-06-08T08:49:21.737+0000] {processor.py:830} INFO - Processing file /opt/airflow/dags/ecommerce_etl_dag.py for tasks to queue
[2026-06-08T08:49:21.740+0000] {logging_mixin.py:188} INFO - [2026-06-08T08:49:21.740+0000] {dagbag.py:545} INFO - Filling up the DagBag from /opt/airflow/dags/ecommerce_etl_dag.py
[2026-06-08T08:49:21.755+0000] {processor.py:840} INFO - DAG(s) 'ecommerce_distributed_dw_etl' retrieved from /opt/airflow/dags/ecommerce_etl_dag.py
[2026-06-08T08:49:21.782+0000] {logging_mixin.py:188} INFO - [2026-06-08T08:49:21.782+0000] {dag.py:3089} INFO - Sync 1 DAGs
[2026-06-08T08:49:21.790+0000] {logging_mixin.py:188} INFO - [2026-06-08T08:49:21.790+0000] {dag.py:3947} INFO - Setting next_dagrun for ecommerce_distributed_dw_etl to None, run_after=None
[2026-06-08T08:49:21.800+0000] {processor.py:183} INFO - Processing /opt/airflow/dags/ecommerce_etl_dag.py took 0.072 seconds
[2026-06-08T08:49:51.995+0000] {processor.py:161} INFO - Started process (PID=601) to work on /opt/airflow/dags/ecommerce_etl_dag.py
[2026-06-08T08:49:51.996+0000] {processor.py:830} INFO - Processing file /opt/airflow/dags/ecommerce_etl_dag.py for tasks to queue
[2026-06-08T08:49:51.998+0000] {logging_mixin.py:188} INFO - [2026-06-08T08:49:51.997+0000] {dagbag.py:545} INFO - Filling up the DagBag from /opt/airflow/dags/ecommerce_etl_dag.py
[2026-06-08T08:49:52.008+0000] {processor.py:840} INFO - DAG(s) 'ecommerce_distributed_dw_etl' retrieved from /opt/airflow/dags/ecommerce_etl_dag.py
[2026-06-08T08:49:52.030+0000] {logging_mixin.py:188} INFO - [2026-06-08T08:49:52.030+0000] {dag.py:3089} INFO - Sync 1 DAGs
[2026-06-08T08:49:52.037+0000] {logging_mixin.py:188} INFO - [2026-06-08T08:49:52.037+0000] {dag.py:3947} INFO - Setting next_dagrun for ecommerce_distributed_dw_etl to None, run_after=None
[2026-06-08T08:49:52.046+0000] {processor.py:183} INFO - Processing /opt/airflow/dags/ecommerce_etl_dag.py took 0.056 seconds
[2026-06-08T08:50:22.280+0000] {processor.py:161} INFO - Started process (PID=606) to work on /opt/airflow/dags/ecommerce_etl_dag.py
[2026-06-08T08:50:22.281+0000] {processor.py:830} INFO - Processing file /opt/airflow/dags/ecommerce_etl_dag.py for tasks to queue
[2026-06-08T08:50:22.283+0000] {logging_mixin.py:188} INFO - [2026-06-08T08:50:22.282+0000] {dagbag.py:545} INFO - Filling up the DagBag from /opt/airflow/dags/ecommerce_etl_dag.py
[2026-06-08T08:50:22.295+0000] {processor.py:840} INFO - DAG(s) 'ecommerce_distributed_dw_etl' retrieved from /opt/airflow/dags/ecommerce_etl_dag.py
[2026-06-08T08:50:22.325+0000] {logging_mixin.py:188} INFO - [2026-06-08T08:50:22.325+0000] {dag.py:3089} INFO - Sync 1 DAGs
[2026-06-08T08:50:22.338+0000] {logging_mixin.py:188} INFO - [2026-06-08T08:50:22.338+0000] {dag.py:3947} INFO - Setting next_dagrun for ecommerce_distributed_dw_etl to None, run_after=None
[2026-06-08T08:50:22.352+0000] {processor.py:183} INFO - Processing /opt/airflow/dags/ecommerce_etl_dag.py took 0.080 seconds
[2026-06-08T08:50:52.720+0000] {processor.py:161} INFO - Started process (PID=611) to work on /opt/airflow/dags/ecommerce_etl_dag.py
[2026-06-08T08:50:52.721+0000] {processor.py:830} INFO - Processing file /opt/airflow/dags/ecommerce_etl_dag.py for tasks to queue
[2026-06-08T08:50:52.724+0000] {logging_mixin.py:188} INFO - [2026-06-08T08:50:52.723+0000] {dagbag.py:545} INFO - Filling up the DagBag from /opt/airflow/dags/ecommerce_etl_dag.py
[2026-06-08T08:50:52.739+0000] {processor.py:840} INFO - DAG(s) 'ecommerce_distributed_dw_etl' retrieved from /opt/airflow/dags/ecommerce_etl_dag.py
[2026-06-08T08:50:52.766+0000] {logging_mixin.py:188} INFO - [2026-06-08T08:50:52.766+0000] {dag.py:3089} INFO - Sync 1 DAGs
[2026-06-08T08:50:52.774+0000] {logging_mixin.py:188} INFO - [2026-06-08T08:50:52.774+0000] {dag.py:3947} INFO - Setting next_dagrun for ecommerce_distributed_dw_etl to None, run_after=None
[2026-06-08T08:50:52.784+0000] {processor.py:183} INFO - Processing /opt/airflow/dags/ecommerce_etl_dag.py took 0.073 seconds
[2026-06-08T08:51:23.070+0000] {processor.py:161} INFO - Started process (PID=616) to work on /opt/airflow/dags/ecommerce_etl_dag.py
[2026-06-08T08:51:23.071+0000] {processor.py:830} INFO - Processing file /opt/airflow/dags/ecommerce_etl_dag.py for tasks to queue
[2026-06-08T08:51:23.073+0000] {logging_mixin.py:188} INFO - [2026-06-08T08:51:23.072+0000] {dagbag.py:545} INFO - Filling up the DagBag from /opt/airflow/dags/ecommerce_etl_dag.py
[2026-06-08T08:51:23.085+0000] {processor.py:840} INFO - DAG(s) 'ecommerce_distributed_dw_etl' retrieved from /opt/airflow/dags/ecommerce_etl_dag.py
[2026-06-08T08:51:23.113+0000] {logging_mixin.py:188} INFO - [2026-06-08T08:51:23.113+0000] {dag.py:3089} INFO - Sync 1 DAGs
[2026-06-08T08:51:23.120+0000] {logging_mixin.py:188} INFO - [2026-06-08T08:51:23.120+0000] {dag.py:3947} INFO - Setting next_dagrun for ecommerce_distributed_dw_etl to None, run_after=None
[2026-06-08T08:51:23.130+0000] {processor.py:183} INFO - Processing /opt/airflow/dags/ecommerce_etl_dag.py took 0.067 seconds
[2026-06-08T08:51:53.490+0000] {processor.py:161} INFO - Started process (PID=621) to work on /opt/airflow/dags/ecommerce_etl_dag.py
[2026-06-08T08:51:53.491+0000] {processor.py:830} INFO - Processing file /opt/airflow/dags/ecommerce_etl_dag.py for tasks to queue
[2026-06-08T08:51:53.493+0000] {logging_mixin.py:188} INFO - [2026-06-08T08:51:53.493+0000] {dagbag.py:545} INFO - Filling up the DagBag from /opt/airflow/dags/ecommerce_etl_dag.py
[2026-06-08T08:51:53.504+0000] {processor.py:840} INFO - DAG(s) 'ecommerce_distributed_dw_etl' retrieved from /opt/airflow/dags/ecommerce_etl_dag.py
[2026-06-08T08:51:53.532+0000] {logging_mixin.py:188} INFO - [2026-06-08T08:51:53.532+0000] {dag.py:3089} INFO - Sync 1 DAGs
[2026-06-08T08:51:53.540+0000] {logging_mixin.py:188} INFO - [2026-06-08T08:51:53.540+0000] {dag.py:3947} INFO - Setting next_dagrun for ecommerce_distributed_dw_etl to None, run_after=None
[2026-06-08T08:51:53.550+0000] {processor.py:183} INFO - Processing /opt/airflow/dags/ecommerce_etl_dag.py took 0.067 seconds
[2026-06-08T08:52:23.857+0000] {processor.py:161} INFO - Started process (PID=626) to work on /opt/airflow/dags/ecommerce_etl_dag.py
[2026-06-08T08:52:23.858+0000] {processor.py:830} INFO - Processing file /opt/airflow/dags/ecommerce_etl_dag.py for tasks to queue
[2026-06-08T08:52:23.860+0000] {logging_mixin.py:188} INFO - [2026-06-08T08:52:23.859+0000] {dagbag.py:545} INFO - Filling up the DagBag from /opt/airflow/dags/ecommerce_etl_dag.py
[2026-06-08T08:52:23.870+0000] {processor.py:840} INFO - DAG(s) 'ecommerce_distributed_dw_etl' retrieved from /opt/airflow/dags/ecommerce_etl_dag.py
[2026-06-08T08:52:23.898+0000] {logging_mixin.py:188} INFO - [2026-06-08T08:52:23.897+0000] {dag.py:3089} INFO - Sync 1 DAGs
[2026-06-08T08:52:23.906+0000] {logging_mixin.py:188} INFO - [2026-06-08T08:52:23.906+0000] {dag.py:3947} INFO - Setting next_dagrun for ecommerce_distributed_dw_etl to None, run_after=None
[2026-06-08T08:52:23.916+0000] {processor.py:183} INFO - Processing /opt/airflow/dags/ecommerce_etl_dag.py took 0.066 seconds
[2026-06-08T08:52:54.279+0000] {processor.py:161} INFO - Started process (PID=631) to work on /opt/airflow/dags/ecommerce_etl_dag.py
[2026-06-08T08:52:54.280+0000] {processor.py:830} INFO - Processing file /opt/airflow/dags/ecommerce_etl_dag.py for tasks to queue
[2026-06-08T08:52:54.283+0000] {logging_mixin.py:188} INFO - [2026-06-08T08:52:54.283+0000] {dagbag.py:545} INFO - Filling up the DagBag from /opt/airflow/dags/ecommerce_etl_dag.py
[2026-06-08T08:52:54.297+0000] {processor.py:840} INFO - DAG(s) 'ecommerce_distributed_dw_etl' retrieved from /opt/airflow/dags/ecommerce_etl_dag.py
[2026-06-08T08:52:54.326+0000] {logging_mixin.py:188} INFO - [2026-06-08T08:52:54.326+0000] {dag.py:3089} INFO - Sync 1 DAGs
[2026-06-08T08:52:54.334+0000] {logging_mixin.py:188} INFO - [2026-06-08T08:52:54.334+0000] {dag.py:3947} INFO - Setting next_dagrun for ecommerce_distributed_dw_etl to None, run_after=None
[2026-06-08T08:52:54.344+0000] {processor.py:183} INFO - Processing /opt/airflow/dags/ecommerce_etl_dag.py took 0.075 seconds
[2026-06-08T08:53:24.678+0000] {processor.py:161} INFO - Started process (PID=636) to work on /opt/airflow/dags/ecommerce_etl_dag.py
[2026-06-08T08:53:24.680+0000] {processor.py:830} INFO - Processing file /opt/airflow/dags/ecommerce_etl_dag.py for tasks to queue
[2026-06-08T08:53:24.681+0000] {logging_mixin.py:188} INFO - [2026-06-08T08:53:24.681+0000] {dagbag.py:545} INFO - Filling up the DagBag from /opt/airflow/dags/ecommerce_etl_dag.py
[2026-06-08T08:53:24.692+0000] {processor.py:840} INFO - DAG(s) 'ecommerce_distributed_dw_etl' retrieved from /opt/airflow/dags/ecommerce_etl_dag.py
[2026-06-08T08:53:24.716+0000] {logging_mixin.py:188} INFO - [2026-06-08T08:53:24.716+0000] {dag.py:3089} INFO - Sync 1 DAGs
[2026-06-08T08:53:24.723+0000] {logging_mixin.py:188} INFO - [2026-06-08T08:53:24.723+0000] {dag.py:3947} INFO - Setting next_dagrun for ecommerce_distributed_dw_etl to None, run_after=None
[2026-06-08T08:53:24.732+0000] {processor.py:183} INFO - Processing /opt/airflow/dags/ecommerce_etl_dag.py took 0.062 seconds
[2026-06-08T08:53:55.005+0000] {processor.py:161} INFO - Started process (PID=641) to work on /opt/airflow/dags/ecommerce_etl_dag.py
[2026-06-08T08:53:55.006+0000] {processor.py:830} INFO - Processing file /opt/airflow/dags/ecommerce_etl_dag.py for tasks to queue
[2026-06-08T08:53:55.008+0000] {logging_mixin.py:188} INFO - [2026-06-08T08:53:55.008+0000] {dagbag.py:545} INFO - Filling up the DagBag from /opt/airflow/dags/ecommerce_etl_dag.py
[2026-06-08T08:53:55.018+0000] {processor.py:840} INFO - DAG(s) 'ecommerce_distributed_dw_etl' retrieved from /opt/airflow/dags/ecommerce_etl_dag.py
[2026-06-08T08:53:55.038+0000] {logging_mixin.py:188} INFO - [2026-06-08T08:53:55.038+0000] {dag.py:3089} INFO - Sync 1 DAGs
[2026-06-08T08:53:55.045+0000] {logging_mixin.py:188} INFO - [2026-06-08T08:53:55.044+0000] {dag.py:3947} INFO - Setting next_dagrun for ecommerce_distributed_dw_etl to None, run_after=None
[2026-06-08T08:53:55.053+0000] {processor.py:183} INFO - Processing /opt/airflow/dags/ecommerce_etl_dag.py took 0.057 seconds
[2026-06-08T08:54:25.287+0000] {processor.py:161} INFO - Started process (PID=646) to work on /opt/airflow/dags/ecommerce_etl_dag.py
[2026-06-08T08:54:25.288+0000] {processor.py:830} INFO - Processing file /opt/airflow/dags/ecommerce_etl_dag.py for tasks to queue
[2026-06-08T08:54:25.291+0000] {logging_mixin.py:188} INFO - [2026-06-08T08:54:25.290+0000] {dagbag.py:545} INFO - Filling up the DagBag from /opt/airflow/dags/ecommerce_etl_dag.py
[2026-06-08T08:54:25.305+0000] {processor.py:840} INFO - DAG(s) 'ecommerce_distributed_dw_etl' retrieved from /opt/airflow/dags/ecommerce_etl_dag.py
[2026-06-08T08:54:25.336+0000] {logging_mixin.py:188} INFO - [2026-06-08T08:54:25.336+0000] {dag.py:3089} INFO - Sync 1 DAGs
[2026-06-08T08:54:25.344+0000] {logging_mixin.py:188} INFO - [2026-06-08T08:54:25.344+0000] {dag.py:3947} INFO - Setting next_dagrun for ecommerce_distributed_dw_etl to None, run_after=None
[2026-06-08T08:54:25.354+0000] {processor.py:183} INFO - Processing /opt/airflow/dags/ecommerce_etl_dag.py took 0.073 seconds
[2026-06-08T08:54:55.717+0000] {processor.py:161} INFO - Started process (PID=651) to work on /opt/airflow/dags/ecommerce_etl_dag.py
[2026-06-08T08:54:55.719+0000] {processor.py:830} INFO - Processing file /opt/airflow/dags/ecommerce_etl_dag.py for tasks to queue
[2026-06-08T08:54:55.722+0000] {logging_mixin.py:188} INFO - [2026-06-08T08:54:55.721+0000] {dagbag.py:545} INFO - Filling up the DagBag from /opt/airflow/dags/ecommerce_etl_dag.py
[2026-06-08T08:54:55.757+0000] {processor.py:840} INFO - DAG(s) 'ecommerce_distributed_dw_etl' retrieved from /opt/airflow/dags/ecommerce_etl_dag.py
[2026-06-08T08:54:55.859+0000] {logging_mixin.py:188} INFO - [2026-06-08T08:54:55.859+0000] {dag.py:3089} INFO - Sync 1 DAGs
[2026-06-08T08:54:55.874+0000] {logging_mixin.py:188} INFO - [2026-06-08T08:54:55.874+0000] {dag.py:3947} INFO - Setting next_dagrun for ecommerce_distributed_dw_etl to None, run_after=None
[2026-06-08T08:54:55.892+0000] {processor.py:183} INFO - Processing /opt/airflow/dags/ecommerce_etl_dag.py took 0.182 seconds
[2026-06-08T08:55:26.115+0000] {processor.py:161} INFO - Started process (PID=656) to work on /opt/airflow/dags/ecommerce_etl_dag.py
[2026-06-08T08:55:26.117+0000] {processor.py:830} INFO - Processing file /opt/airflow/dags/ecommerce_etl_dag.py for tasks to queue
[2026-06-08T08:55:26.119+0000] {logging_mixin.py:188} INFO - [2026-06-08T08:55:26.118+0000] {dagbag.py:545} INFO - Filling up the DagBag from /opt/airflow/dags/ecommerce_etl_dag.py
[2026-06-08T08:55:26.128+0000] {processor.py:840} INFO - DAG(s) 'ecommerce_distributed_dw_etl' retrieved from /opt/airflow/dags/ecommerce_etl_dag.py
[2026-06-08T08:55:26.151+0000] {logging_mixin.py:188} INFO - [2026-06-08T08:55:26.151+0000] {dag.py:3089} INFO - Sync 1 DAGs
[2026-06-08T08:55:26.159+0000] {logging_mixin.py:188} INFO - [2026-06-08T08:55:26.159+0000] {dag.py:3947} INFO - Setting next_dagrun for ecommerce_distributed_dw_etl to None, run_after=None
[2026-06-08T08:55:26.169+0000] {processor.py:183} INFO - Processing /opt/airflow/dags/ecommerce_etl_dag.py took 0.060 seconds
[2026-06-08T08:55:56.625+0000] {processor.py:161} INFO - Started process (PID=661) to work on /opt/airflow/dags/ecommerce_etl_dag.py
[2026-06-08T08:55:56.627+0000] {processor.py:830} INFO - Processing file /opt/airflow/dags/ecommerce_etl_dag.py for tasks to queue
[2026-06-08T08:55:56.630+0000] {logging_mixin.py:188} INFO - [2026-06-08T08:55:56.629+0000] {dagbag.py:545} INFO - Filling up the DagBag from /opt/airflow/dags/ecommerce_etl_dag.py
[2026-06-08T08:55:56.644+0000] {processor.py:840} INFO - DAG(s) 'ecommerce_distributed_dw_etl' retrieved from /opt/airflow/dags/ecommerce_etl_dag.py
[2026-06-08T08:55:56.681+0000] {logging_mixin.py:188} INFO - [2026-06-08T08:55:56.680+0000] {dag.py:3089} INFO - Sync 1 DAGs
[2026-06-08T08:55:56.712+0000] {logging_mixin.py:188} INFO - [2026-06-08T08:55:56.712+0000] {dag.py:3947} INFO - Setting next_dagrun for ecommerce_distributed_dw_etl to None, run_after=None
[2026-06-08T08:55:56.726+0000] {processor.py:183} INFO - Processing /opt/airflow/dags/ecommerce_etl_dag.py took 0.122 seconds
[2026-06-08T09:20:43.984+0000] {processor.py:161} INFO - Started process (PID=666) to work on /opt/airflow/dags/ecommerce_etl_dag.py
[2026-06-08T09:20:43.985+0000] {processor.py:830} INFO - Processing file /opt/airflow/dags/ecommerce_etl_dag.py for tasks to queue
[2026-06-08T09:20:43.987+0000] {logging_mixin.py:188} INFO - [2026-06-08T09:20:43.986+0000] {dagbag.py:545} INFO - Filling up the DagBag from /opt/airflow/dags/ecommerce_etl_dag.py
[2026-06-08T09:20:43.998+0000] {processor.py:840} INFO - DAG(s) 'ecommerce_distributed_dw_etl' retrieved from /opt/airflow/dags/ecommerce_etl_dag.py
[2026-06-08T09:20:44.022+0000] {logging_mixin.py:188} INFO - [2026-06-08T09:20:44.022+0000] {dag.py:3089} INFO - Sync 1 DAGs
[2026-06-08T09:20:44.034+0000] {logging_mixin.py:188} INFO - [2026-06-08T09:20:44.034+0000] {dag.py:3947} INFO - Setting next_dagrun for ecommerce_distributed_dw_etl to None, run_after=None
[2026-06-08T09:20:44.044+0000] {processor.py:183} INFO - Processing /opt/airflow/dags/ecommerce_etl_dag.py took 0.069 seconds
[2026-06-08T09:21:14.326+0000] {processor.py:161} INFO - Started process (PID=671) to work on /opt/airflow/dags/ecommerce_etl_dag.py
[2026-06-08T09:21:14.327+0000] {processor.py:830} INFO - Processing file /opt/airflow/dags/ecommerce_etl_dag.py for tasks to queue
[2026-06-08T09:21:14.328+0000] {logging_mixin.py:188} INFO - [2026-06-08T09:21:14.328+0000] {dagbag.py:545} INFO - Filling up the DagBag from /opt/airflow/dags/ecommerce_etl_dag.py
[2026-06-08T09:21:14.338+0000] {processor.py:840} INFO - DAG(s) 'ecommerce_distributed_dw_etl' retrieved from /opt/airflow/dags/ecommerce_etl_dag.py
[2026-06-08T09:21:14.367+0000] {logging_mixin.py:188} INFO - [2026-06-08T09:21:14.367+0000] {dag.py:3089} INFO - Sync 1 DAGs
[2026-06-08T09:21:14.375+0000] {logging_mixin.py:188} INFO - [2026-06-08T09:21:14.375+0000] {dag.py:3947} INFO - Setting next_dagrun for ecommerce_distributed_dw_etl to None, run_after=None
[2026-06-08T09:21:14.386+0000] {processor.py:183} INFO - Processing /opt/airflow/dags/ecommerce_etl_dag.py took 0.066 seconds
[2026-06-08T09:21:44.706+0000] {processor.py:161} INFO - Started process (PID=676) to work on /opt/airflow/dags/ecommerce_etl_dag.py
[2026-06-08T09:21:44.707+0000] {processor.py:830} INFO - Processing file /opt/airflow/dags/ecommerce_etl_dag.py for tasks to queue
[2026-06-08T09:21:44.710+0000] {logging_mixin.py:188} INFO - [2026-06-08T09:21:44.709+0000] {dagbag.py:545} INFO - Filling up the DagBag from /opt/airflow/dags/ecommerce_etl_dag.py
[2026-06-08T09:21:44.723+0000] {processor.py:840} INFO - DAG(s) 'ecommerce_distributed_dw_etl' retrieved from /opt/airflow/dags/ecommerce_etl_dag.py
[2026-06-08T09:21:44.752+0000] {logging_mixin.py:188} INFO - [2026-06-08T09:21:44.752+0000] {dag.py:3089} INFO - Sync 1 DAGs
[2026-06-08T09:21:44.760+0000] {logging_mixin.py:188} INFO - [2026-06-08T09:21:44.760+0000] {dag.py:3947} INFO - Setting next_dagrun for ecommerce_distributed_dw_etl to None, run_after=None
[2026-06-08T09:21:44.769+0000] {processor.py:183} INFO - Processing /opt/airflow/dags/ecommerce_etl_dag.py took 0.081 seconds
[2026-06-08T09:22:14.979+0000] {processor.py:161} INFO - Started process (PID=681) to work on /opt/airflow/dags/ecommerce_etl_dag.py
[2026-06-08T09:22:14.980+0000] {processor.py:830} INFO - Processing file /opt/airflow/dags/ecommerce_etl_dag.py for tasks to queue
[2026-06-08T09:22:14.981+0000] {logging_mixin.py:188} INFO - [2026-06-08T09:22:14.981+0000] {dagbag.py:545} INFO - Filling up the DagBag from /opt/airflow/dags/ecommerce_etl_dag.py
[2026-06-08T09:22:14.990+0000] {processor.py:840} INFO - DAG(s) 'ecommerce_distributed_dw_etl' retrieved from /opt/airflow/dags/ecommerce_etl_dag.py
[2026-06-08T09:22:15.013+0000] {logging_mixin.py:188} INFO - [2026-06-08T09:22:15.013+0000] {dag.py:3089} INFO - Sync 1 DAGs
[2026-06-08T09:22:15.019+0000] {logging_mixin.py:188} INFO - [2026-06-08T09:22:15.019+0000] {dag.py:3947} INFO - Setting next_dagrun for ecommerce_distributed_dw_etl to None, run_after=None
[2026-06-08T09:22:15.028+0000] {processor.py:183} INFO - Processing /opt/airflow/dags/ecommerce_etl_dag.py took 0.056 seconds
[2026-06-08T09:22:45.278+0000] {processor.py:161} INFO - Started process (PID=686) to work on /opt/airflow/dags/ecommerce_etl_dag.py
[2026-06-08T09:22:45.279+0000] {processor.py:830} INFO - Processing file /opt/airflow/dags/ecommerce_etl_dag.py for tasks to queue
[2026-06-08T09:22:45.280+0000] {logging_mixin.py:188} INFO - [2026-06-08T09:22:45.280+0000] {dagbag.py:545} INFO - Filling up the DagBag from /opt/airflow/dags/ecommerce_etl_dag.py
[2026-06-08T09:22:45.286+0000] {processor.py:840} INFO - DAG(s) 'ecommerce_distributed_dw_etl' retrieved from /opt/airflow/dags/ecommerce_etl_dag.py
[2026-06-08T09:22:45.303+0000] {logging_mixin.py:188} INFO - [2026-06-08T09:22:45.303+0000] {dag.py:3089} INFO - Sync 1 DAGs
[2026-06-08T09:22:45.309+0000] {logging_mixin.py:188} INFO - [2026-06-08T09:22:45.309+0000] {dag.py:3947} INFO - Setting next_dagrun for ecommerce_distributed_dw_etl to None, run_after=None
[2026-06-08T09:22:45.318+0000] {processor.py:183} INFO - Processing /opt/airflow/dags/ecommerce_etl_dag.py took 0.044 seconds
[2026-06-08T09:23:15.539+0000] {processor.py:161} INFO - Started process (PID=691) to work on /opt/airflow/dags/ecommerce_etl_dag.py
[2026-06-08T09:23:15.539+0000] {processor.py:830} INFO - Processing file /opt/airflow/dags/ecommerce_etl_dag.py for tasks to queue
[2026-06-08T09:23:15.541+0000] {logging_mixin.py:188} INFO - [2026-06-08T09:23:15.541+0000] {dagbag.py:545} INFO - Filling up the DagBag from /opt/airflow/dags/ecommerce_etl_dag.py
[2026-06-08T09:23:15.550+0000] {processor.py:840} INFO - DAG(s) 'ecommerce_distributed_dw_etl' retrieved from /opt/airflow/dags/ecommerce_etl_dag.py
[2026-06-08T09:23:15.572+0000] {logging_mixin.py:188} INFO - [2026-06-08T09:23:15.572+0000] {dag.py:3089} INFO - Sync 1 DAGs
[2026-06-08T09:23:15.580+0000] {logging_mixin.py:188} INFO - [2026-06-08T09:23:15.580+0000] {dag.py:3947} INFO - Setting next_dagrun for ecommerce_distributed_dw_etl to None, run_after=None
[2026-06-08T09:23:15.590+0000] {processor.py:183} INFO - Processing /opt/airflow/dags/ecommerce_etl_dag.py took 0.057 seconds
[2026-06-08T09:23:45.788+0000] {processor.py:161} INFO - Started process (PID=696) to work on /opt/airflow/dags/ecommerce_etl_dag.py
[2026-06-08T09:23:45.789+0000] {processor.py:830} INFO - Processing file /opt/airflow/dags/ecommerce_etl_dag.py for tasks to queue
[2026-06-08T09:23:45.790+0000] {logging_mixin.py:188} INFO - [2026-06-08T09:23:45.790+0000] {dagbag.py:545} INFO - Filling up the DagBag from /opt/airflow/dags/ecommerce_etl_dag.py
[2026-06-08T09:23:45.795+0000] {processor.py:840} INFO - DAG(s) 'ecommerce_distributed_dw_etl' retrieved from /opt/airflow/dags/ecommerce_etl_dag.py
[2026-06-08T09:23:45.811+0000] {logging_mixin.py:188} INFO - [2026-06-08T09:23:45.811+0000] {dag.py:3089} INFO - Sync 1 DAGs
[2026-06-08T09:23:45.817+0000] {logging_mixin.py:188} INFO - [2026-06-08T09:23:45.817+0000] {dag.py:3947} INFO - Setting next_dagrun for ecommerce_distributed_dw_etl to None, run_after=None
[2026-06-08T09:23:45.825+0000] {processor.py:183} INFO - Processing /opt/airflow/dags/ecommerce_etl_dag.py took 0.041 seconds
[2026-06-08T09:24:16.066+0000] {processor.py:161} INFO - Started process (PID=701) to work on /opt/airflow/dags/ecommerce_etl_dag.py
[2026-06-08T09:24:16.066+0000] {processor.py:830} INFO - Processing file /opt/airflow/dags/ecommerce_etl_dag.py for tasks to queue
[2026-06-08T09:24:16.067+0000] {logging_mixin.py:188} INFO - [2026-06-08T09:24:16.067+0000] {dagbag.py:545} INFO - Filling up the DagBag from /opt/airflow/dags/ecommerce_etl_dag.py
[2026-06-08T09:24:16.073+0000] {processor.py:840} INFO - DAG(s) 'ecommerce_distributed_dw_etl' retrieved from /opt/airflow/dags/ecommerce_etl_dag.py
[2026-06-08T09:24:16.091+0000] {logging_mixin.py:188} INFO - [2026-06-08T09:24:16.091+0000] {dag.py:3089} INFO - Sync 1 DAGs
[2026-06-08T09:24:16.097+0000] {logging_mixin.py:188} INFO - [2026-06-08T09:24:16.097+0000] {dag.py:3947} INFO - Setting next_dagrun for ecommerce_distributed_dw_etl to None, run_after=None
[2026-06-08T09:24:16.105+0000] {processor.py:183} INFO - Processing /opt/airflow/dags/ecommerce_etl_dag.py took 0.043 seconds
[2026-06-08T09:24:46.376+0000] {processor.py:161} INFO - Started process (PID=706) to work on /opt/airflow/dags/ecommerce_etl_dag.py
[2026-06-08T09:24:46.376+0000] {processor.py:830} INFO - Processing file /opt/airflow/dags/ecommerce_etl_dag.py for tasks to queue
[2026-06-08T09:24:46.378+0000] {logging_mixin.py:188} INFO - [2026-06-08T09:24:46.378+0000] {dagbag.py:545} INFO - Filling up the DagBag from /opt/airflow/dags/ecommerce_etl_dag.py
[2026-06-08T09:24:46.385+0000] {processor.py:840} INFO - DAG(s) 'ecommerce_distributed_dw_etl' retrieved from /opt/airflow/dags/ecommerce_etl_dag.py
[2026-06-08T09:24:46.405+0000] {logging_mixin.py:188} INFO - [2026-06-08T09:24:46.405+0000] {dag.py:3089} INFO - Sync 1 DAGs
[2026-06-08T09:24:46.411+0000] {logging_mixin.py:188} INFO - [2026-06-08T09:24:46.411+0000] {dag.py:3947} INFO - Setting next_dagrun for ecommerce_distributed_dw_etl to None, run_after=None
[2026-06-08T09:24:46.420+0000] {processor.py:183} INFO - Processing /opt/airflow/dags/ecommerce_etl_dag.py took 0.049 seconds
[2026-06-08T09:25:16.667+0000] {processor.py:161} INFO - Started process (PID=711) to work on /opt/airflow/dags/ecommerce_etl_dag.py
[2026-06-08T09:25:16.668+0000] {processor.py:830} INFO - Processing file /opt/airflow/dags/ecommerce_etl_dag.py for tasks to queue
[2026-06-08T09:25:16.669+0000] {logging_mixin.py:188} INFO - [2026-06-08T09:25:16.669+0000] {dagbag.py:545} INFO - Filling up the DagBag from /opt/airflow/dags/ecommerce_etl_dag.py
[2026-06-08T09:25:16.678+0000] {processor.py:840} INFO - DAG(s) 'ecommerce_distributed_dw_etl' retrieved from /opt/airflow/dags/ecommerce_etl_dag.py
[2026-06-08T09:25:16.701+0000] {logging_mixin.py:188} INFO - [2026-06-08T09:25:16.701+0000] {dag.py:3089} INFO - Sync 1 DAGs
[2026-06-08T09:25:16.708+0000] {logging_mixin.py:188} INFO - [2026-06-08T09:25:16.708+0000] {dag.py:3947} INFO - Setting next_dagrun for ecommerce_distributed_dw_etl to None, run_after=None
[2026-06-08T09:25:16.716+0000] {processor.py:183} INFO - Processing /opt/airflow/dags/ecommerce_etl_dag.py took 0.055 seconds
[2026-06-08T09:25:47.045+0000] {processor.py:161} INFO - Started process (PID=716) to work on /opt/airflow/dags/ecommerce_etl_dag.py
[2026-06-08T09:25:47.047+0000] {processor.py:830} INFO - Processing file /opt/airflow/dags/ecommerce_etl_dag.py for tasks to queue
[2026-06-08T09:25:47.054+0000] {logging_mixin.py:188} INFO - [2026-06-08T09:25:47.052+0000] {dagbag.py:545} INFO - Filling up the DagBag from /opt/airflow/dags/ecommerce_etl_dag.py
[2026-06-08T09:25:47.093+0000] {processor.py:840} INFO - DAG(s) 'ecommerce_distributed_dw_etl' retrieved from /opt/airflow/dags/ecommerce_etl_dag.py
[2026-06-08T09:25:47.231+0000] {logging_mixin.py:188} INFO - [2026-06-08T09:25:47.231+0000] {dag.py:3089} INFO - Sync 1 DAGs
[2026-06-08T09:25:47.242+0000] {logging_mixin.py:188} INFO - [2026-06-08T09:25:47.242+0000] {dag.py:3947} INFO - Setting next_dagrun for ecommerce_distributed_dw_etl to None, run_after=None
[2026-06-08T09:25:47.262+0000] {processor.py:183} INFO - Processing /opt/airflow/dags/ecommerce_etl_dag.py took 0.228 seconds
[2026-06-08T09:26:17.404+0000] {processor.py:161} INFO - Started process (PID=721) to work on /opt/airflow/dags/ecommerce_etl_dag.py
[2026-06-08T09:26:17.405+0000] {processor.py:830} INFO - Processing file /opt/airflow/dags/ecommerce_etl_dag.py for tasks to queue
[2026-06-08T09:26:17.406+0000] {logging_mixin.py:188} INFO - [2026-06-08T09:26:17.406+0000] {dagbag.py:545} INFO - Filling up the DagBag from /opt/airflow/dags/ecommerce_etl_dag.py
[2026-06-08T09:26:17.411+0000] {processor.py:840} INFO - DAG(s) 'ecommerce_distributed_dw_etl' retrieved from /opt/airflow/dags/ecommerce_etl_dag.py
[2026-06-08T09:26:17.427+0000] {logging_mixin.py:188} INFO - [2026-06-08T09:26:17.426+0000] {dag.py:3089} INFO - Sync 1 DAGs
[2026-06-08T09:26:17.432+0000] {logging_mixin.py:188} INFO - [2026-06-08T09:26:17.432+0000] {dag.py:3947} INFO - Setting next_dagrun for ecommerce_distributed_dw_etl to None, run_after=None
[2026-06-08T09:26:17.441+0000] {processor.py:183} INFO - Processing /opt/airflow/dags/ecommerce_etl_dag.py took 0.039 seconds
[2026-06-08T09:26:47.788+0000] {processor.py:161} INFO - Started process (PID=726) to work on /opt/airflow/dags/ecommerce_etl_dag.py
[2026-06-08T09:26:47.789+0000] {processor.py:830} INFO - Processing file /opt/airflow/dags/ecommerce_etl_dag.py for tasks to queue
[2026-06-08T09:26:47.791+0000] {logging_mixin.py:188} INFO - [2026-06-08T09:26:47.790+0000] {dagbag.py:545} INFO - Filling up the DagBag from /opt/airflow/dags/ecommerce_etl_dag.py
[2026-06-08T09:26:47.800+0000] {processor.py:840} INFO - DAG(s) 'ecommerce_distributed_dw_etl' retrieved from /opt/airflow/dags/ecommerce_etl_dag.py
[2026-06-08T09:26:47.825+0000] {logging_mixin.py:188} INFO - [2026-06-08T09:26:47.825+0000] {dag.py:3089} INFO - Sync 1 DAGs
[2026-06-08T09:26:47.833+0000] {logging_mixin.py:188} INFO - [2026-06-08T09:26:47.832+0000] {dag.py:3947} INFO - Setting next_dagrun for ecommerce_distributed_dw_etl to None, run_after=None
[2026-06-08T09:26:47.841+0000] {processor.py:183} INFO - Processing /opt/airflow/dags/ecommerce_etl_dag.py took 0.061 seconds
[2026-06-08T09:27:18.199+0000] {processor.py:161} INFO - Started process (PID=731) to work on /opt/airflow/dags/ecommerce_etl_dag.py
[2026-06-08T09:27:18.200+0000] {processor.py:830} INFO - Processing file /opt/airflow/dags/ecommerce_etl_dag.py for tasks to queue
[2026-06-08T09:27:18.202+0000] {logging_mixin.py:188} INFO - [2026-06-08T09:27:18.202+0000] {dagbag.py:545} INFO - Filling up the DagBag from /opt/airflow/dags/ecommerce_etl_dag.py
[2026-06-08T09:27:18.212+0000] {processor.py:840} INFO - DAG(s) 'ecommerce_distributed_dw_etl' retrieved from /opt/airflow/dags/ecommerce_etl_dag.py
[2026-06-08T09:27:18.240+0000] {logging_mixin.py:188} INFO - [2026-06-08T09:27:18.240+0000] {dag.py:3089} INFO - Sync 1 DAGs
[2026-06-08T09:27:18.247+0000] {logging_mixin.py:188} INFO - [2026-06-08T09:27:18.247+0000] {dag.py:3947} INFO - Setting next_dagrun for ecommerce_distributed_dw_etl to None, run_after=None
[2026-06-08T09:27:18.256+0000] {processor.py:183} INFO - Processing /opt/airflow/dags/ecommerce_etl_dag.py took 0.065 seconds
[2026-06-08T09:27:48.595+0000] {processor.py:161} INFO - Started process (PID=736) to work on /opt/airflow/dags/ecommerce_etl_dag.py
[2026-06-08T09:27:48.596+0000] {processor.py:830} INFO - Processing file /opt/airflow/dags/ecommerce_etl_dag.py for tasks to queue
[2026-06-08T09:27:48.600+0000] {logging_mixin.py:188} INFO - [2026-06-08T09:27:48.599+0000] {dagbag.py:545} INFO - Filling up the DagBag from /opt/airflow/dags/ecommerce_etl_dag.py
[2026-06-08T09:27:48.614+0000] {processor.py:840} INFO - DAG(s) 'ecommerce_distributed_dw_etl' retrieved from /opt/airflow/dags/ecommerce_etl_dag.py
[2026-06-08T09:27:48.641+0000] {logging_mixin.py:188} INFO - [2026-06-08T09:27:48.641+0000] {dag.py:3089} INFO - Sync 1 DAGs
[2026-06-08T09:27:48.649+0000] {logging_mixin.py:188} INFO - [2026-06-08T09:27:48.649+0000] {dag.py:3947} INFO - Setting next_dagrun for ecommerce_distributed_dw_etl to None, run_after=None
[2026-06-08T09:27:48.658+0000] {processor.py:183} INFO - Processing /opt/airflow/dags/ecommerce_etl_dag.py took 0.072 seconds
[2026-06-08T09:28:19.005+0000] {processor.py:161} INFO - Started process (PID=741) to work on /opt/airflow/dags/ecommerce_etl_dag.py
[2026-06-08T09:28:19.006+0000] {processor.py:830} INFO - Processing file /opt/airflow/dags/ecommerce_etl_dag.py for tasks to queue
[2026-06-08T09:28:19.008+0000] {logging_mixin.py:188} INFO - [2026-06-08T09:28:19.008+0000] {dagbag.py:545} INFO - Filling up the DagBag from /opt/airflow/dags/ecommerce_etl_dag.py
[2026-06-08T09:28:19.018+0000] {processor.py:840} INFO - DAG(s) 'ecommerce_distributed_dw_etl' retrieved from /opt/airflow/dags/ecommerce_etl_dag.py
[2026-06-08T09:28:19.043+0000] {logging_mixin.py:188} INFO - [2026-06-08T09:28:19.043+0000] {dag.py:3089} INFO - Sync 1 DAGs
[2026-06-08T09:28:19.050+0000] {logging_mixin.py:188} INFO - [2026-06-08T09:28:19.050+0000] {dag.py:3947} INFO - Setting next_dagrun for ecommerce_distributed_dw_etl to None, run_after=None
[2026-06-08T09:28:19.059+0000] {processor.py:183} INFO - Processing /opt/airflow/dags/ecommerce_etl_dag.py took 0.061 seconds
[2026-06-08T09:28:49.340+0000] {processor.py:161} INFO - Started process (PID=746) to work on /opt/airflow/dags/ecommerce_etl_dag.py
[2026-06-08T09:28:49.341+0000] {processor.py:830} INFO - Processing file /opt/airflow/dags/ecommerce_etl_dag.py for tasks to queue
[2026-06-08T09:28:49.342+0000] {logging_mixin.py:188} INFO - [2026-06-08T09:28:49.342+0000] {dagbag.py:545} INFO - Filling up the DagBag from /opt/airflow/dags/ecommerce_etl_dag.py
[2026-06-08T09:28:49.347+0000] {processor.py:840} INFO - DAG(s) 'ecommerce_distributed_dw_etl' retrieved from /opt/airflow/dags/ecommerce_etl_dag.py
[2026-06-08T09:28:49.364+0000] {logging_mixin.py:188} INFO - [2026-06-08T09:28:49.364+0000] {dag.py:3089} INFO - Sync 1 DAGs
[2026-06-08T09:28:49.370+0000] {logging_mixin.py:188} INFO - [2026-06-08T09:28:49.370+0000] {dag.py:3947} INFO - Setting next_dagrun for ecommerce_distributed_dw_etl to None, run_after=None
[2026-06-08T09:28:49.379+0000] {processor.py:183} INFO - Processing /opt/airflow/dags/ecommerce_etl_dag.py took 0.042 seconds
[2026-06-08T09:29:19.732+0000] {processor.py:161} INFO - Started process (PID=751) to work on /opt/airflow/dags/ecommerce_etl_dag.py
[2026-06-08T09:29:19.733+0000] {processor.py:830} INFO - Processing file /opt/airflow/dags/ecommerce_etl_dag.py for tasks to queue
[2026-06-08T09:29:19.735+0000] {logging_mixin.py:188} INFO - [2026-06-08T09:29:19.735+0000] {dagbag.py:545} INFO - Filling up the DagBag from /opt/airflow/dags/ecommerce_etl_dag.py
[2026-06-08T09:29:19.745+0000] {processor.py:840} INFO - DAG(s) 'ecommerce_distributed_dw_etl' retrieved from /opt/airflow/dags/ecommerce_etl_dag.py
[2026-06-08T09:29:19.770+0000] {logging_mixin.py:188} INFO - [2026-06-08T09:29:19.770+0000] {dag.py:3089} INFO - Sync 1 DAGs
[2026-06-08T09:29:19.777+0000] {logging_mixin.py:188} INFO - [2026-06-08T09:29:19.777+0000] {dag.py:3947} INFO - Setting next_dagrun for ecommerce_distributed_dw_etl to None, run_after=None
[2026-06-08T09:29:19.787+0000] {processor.py:183} INFO - Processing /opt/airflow/dags/ecommerce_etl_dag.py took 0.061 seconds
[2026-06-08T09:29:50.061+0000] {processor.py:161} INFO - Started process (PID=756) to work on /opt/airflow/dags/ecommerce_etl_dag.py
[2026-06-08T09:29:50.063+0000] {processor.py:830} INFO - Processing file /opt/airflow/dags/ecommerce_etl_dag.py for tasks to queue
[2026-06-08T09:29:50.065+0000] {logging_mixin.py:188} INFO - [2026-06-08T09:29:50.064+0000] {dagbag.py:545} INFO - Filling up the DagBag from /opt/airflow/dags/ecommerce_etl_dag.py
[2026-06-08T09:29:50.074+0000] {processor.py:840} INFO - DAG(s) 'ecommerce_distributed_dw_etl' retrieved from /opt/airflow/dags/ecommerce_etl_dag.py
[2026-06-08T09:29:50.092+0000] {logging_mixin.py:188} INFO - [2026-06-08T09:29:50.092+0000] {dag.py:3089} INFO - Sync 1 DAGs
[2026-06-08T09:29:50.099+0000] {logging_mixin.py:188} INFO - [2026-06-08T09:29:50.098+0000] {dag.py:3947} INFO - Setting next_dagrun for ecommerce_distributed_dw_etl to None, run_after=None
[2026-06-08T09:29:50.106+0000] {processor.py:183} INFO - Processing /opt/airflow/dags/ecommerce_etl_dag.py took 0.050 seconds
[2026-06-08T09:30:20.491+0000] {processor.py:161} INFO - Started process (PID=761) to work on /opt/airflow/dags/ecommerce_etl_dag.py
[2026-06-08T09:30:20.492+0000] {processor.py:830} INFO - Processing file /opt/airflow/dags/ecommerce_etl_dag.py for tasks to queue
[2026-06-08T09:30:20.493+0000] {logging_mixin.py:188} INFO - [2026-06-08T09:30:20.493+0000] {dagbag.py:545} INFO - Filling up the DagBag from /opt/airflow/dags/ecommerce_etl_dag.py
[2026-06-08T09:30:20.503+0000] {processor.py:840} INFO - DAG(s) 'ecommerce_distributed_dw_etl' retrieved from /opt/airflow/dags/ecommerce_etl_dag.py
[2026-06-08T09:30:20.532+0000] {logging_mixin.py:188} INFO - [2026-06-08T09:30:20.532+0000] {dag.py:3089} INFO - Sync 1 DAGs
[2026-06-08T09:30:20.541+0000] {logging_mixin.py:188} INFO - [2026-06-08T09:30:20.541+0000] {dag.py:3947} INFO - Setting next_dagrun for ecommerce_distributed_dw_etl to None, run_after=None
[2026-06-08T09:30:20.551+0000] {processor.py:183} INFO - Processing /opt/airflow/dags/ecommerce_etl_dag.py took 0.067 seconds
[2026-06-08T09:30:50.937+0000] {processor.py:161} INFO - Started process (PID=766) to work on /opt/airflow/dags/ecommerce_etl_dag.py
[2026-06-08T09:30:50.938+0000] {processor.py:830} INFO - Processing file /opt/airflow/dags/ecommerce_etl_dag.py for tasks to queue
[2026-06-08T09:30:50.940+0000] {logging_mixin.py:188} INFO - [2026-06-08T09:30:50.940+0000] {dagbag.py:545} INFO - Filling up the DagBag from /opt/airflow/dags/ecommerce_etl_dag.py
[2026-06-08T09:30:50.949+0000] {processor.py:840} INFO - DAG(s) 'ecommerce_distributed_dw_etl' retrieved from /opt/airflow/dags/ecommerce_etl_dag.py
[2026-06-08T09:30:50.973+0000] {logging_mixin.py:188} INFO - [2026-06-08T09:30:50.973+0000] {dag.py:3089} INFO - Sync 1 DAGs
[2026-06-08T09:30:50.979+0000] {logging_mixin.py:188} INFO - [2026-06-08T09:30:50.979+0000] {dag.py:3947} INFO - Setting next_dagrun for ecommerce_distributed_dw_etl to None, run_after=None
[2026-06-08T09:30:50.988+0000] {processor.py:183} INFO - Processing /opt/airflow/dags/ecommerce_etl_dag.py took 0.057 seconds
[2026-06-08T09:31:21.353+0000] {processor.py:161} INFO - Started process (PID=771) to work on /opt/airflow/dags/ecommerce_etl_dag.py
[2026-06-08T09:31:21.355+0000] {processor.py:830} INFO - Processing file /opt/airflow/dags/ecommerce_etl_dag.py for tasks to queue
[2026-06-08T09:31:21.362+0000] {logging_mixin.py:188} INFO - [2026-06-08T09:31:21.362+0000] {dagbag.py:545} INFO - Filling up the DagBag from /opt/airflow/dags/ecommerce_etl_dag.py
[2026-06-08T09:31:21.383+0000] {processor.py:840} INFO - DAG(s) 'ecommerce_distributed_dw_etl' retrieved from /opt/airflow/dags/ecommerce_etl_dag.py
[2026-06-08T09:31:21.423+0000] {logging_mixin.py:188} INFO - [2026-06-08T09:31:21.422+0000] {dag.py:3089} INFO - Sync 1 DAGs
[2026-06-08T09:31:21.442+0000] {logging_mixin.py:188} INFO - [2026-06-08T09:31:21.442+0000] {dag.py:3947} INFO - Setting next_dagrun for ecommerce_distributed_dw_etl to None, run_after=None
[2026-06-08T09:31:21.468+0000] {processor.py:183} INFO - Processing /opt/airflow/dags/ecommerce_etl_dag.py took 0.124 seconds
[2026-06-08T09:31:51.710+0000] {processor.py:161} INFO - Started process (PID=776) to work on /opt/airflow/dags/ecommerce_etl_dag.py
[2026-06-08T09:31:51.711+0000] {processor.py:830} INFO - Processing file /opt/airflow/dags/ecommerce_etl_dag.py for tasks to queue
[2026-06-08T09:31:51.714+0000] {logging_mixin.py:188} INFO - [2026-06-08T09:31:51.713+0000] {dagbag.py:545} INFO - Filling up the DagBag from /opt/airflow/dags/ecommerce_etl_dag.py
[2026-06-08T09:31:51.729+0000] {processor.py:840} INFO - DAG(s) 'ecommerce_distributed_dw_etl' retrieved from /opt/airflow/dags/ecommerce_etl_dag.py
[2026-06-08T09:31:51.755+0000] {logging_mixin.py:188} INFO - [2026-06-08T09:31:51.755+0000] {dag.py:3089} INFO - Sync 1 DAGs
[2026-06-08T09:31:51.763+0000] {logging_mixin.py:188} INFO - [2026-06-08T09:31:51.763+0000] {dag.py:3947} INFO - Setting next_dagrun for ecommerce_distributed_dw_etl to None, run_after=None
[2026-06-08T09:31:51.773+0000] {processor.py:183} INFO - Processing /opt/airflow/dags/ecommerce_etl_dag.py took 0.076 seconds
[2026-06-08T09:32:22.042+0000] {processor.py:161} INFO - Started process (PID=781) to work on /opt/airflow/dags/ecommerce_etl_dag.py
[2026-06-08T09:32:22.043+0000] {processor.py:830} INFO - Processing file /opt/airflow/dags/ecommerce_etl_dag.py for tasks to queue
[2026-06-08T09:32:22.047+0000] {logging_mixin.py:188} INFO - [2026-06-08T09:32:22.046+0000] {dagbag.py:545} INFO - Filling up the DagBag from /opt/airflow/dags/ecommerce_etl_dag.py
[2026-06-08T09:32:22.057+0000] {processor.py:840} INFO - DAG(s) 'ecommerce_distributed_dw_etl' retrieved from /opt/airflow/dags/ecommerce_etl_dag.py
[2026-06-08T09:32:22.085+0000] {logging_mixin.py:188} INFO - [2026-06-08T09:32:22.085+0000] {dag.py:3089} INFO - Sync 1 DAGs
[2026-06-08T09:32:22.092+0000] {logging_mixin.py:188} INFO - [2026-06-08T09:32:22.092+0000] {dag.py:3947} INFO - Setting next_dagrun for ecommerce_distributed_dw_etl to None, run_after=None
[2026-06-08T09:32:22.102+0000] {processor.py:183} INFO - Processing /opt/airflow/dags/ecommerce_etl_dag.py took 0.067 seconds
[2026-06-08T09:32:52.382+0000] {processor.py:161} INFO - Started process (PID=786) to work on /opt/airflow/dags/ecommerce_etl_dag.py
[2026-06-08T09:32:52.383+0000] {processor.py:830} INFO - Processing file /opt/airflow/dags/ecommerce_etl_dag.py for tasks to queue
[2026-06-08T09:32:52.386+0000] {logging_mixin.py:188} INFO - [2026-06-08T09:32:52.386+0000] {dagbag.py:545} INFO - Filling up the DagBag from /opt/airflow/dags/ecommerce_etl_dag.py
[2026-06-08T09:32:52.396+0000] {processor.py:840} INFO - DAG(s) 'ecommerce_distributed_dw_etl' retrieved from /opt/airflow/dags/ecommerce_etl_dag.py
[2026-06-08T09:32:52.422+0000] {logging_mixin.py:188} INFO - [2026-06-08T09:32:52.422+0000] {dag.py:3089} INFO - Sync 1 DAGs
[2026-06-08T09:32:52.429+0000] {logging_mixin.py:188} INFO - [2026-06-08T09:32:52.429+0000] {dag.py:3947} INFO - Setting next_dagrun for ecommerce_distributed_dw_etl to None, run_after=None
[2026-06-08T09:32:52.438+0000] {processor.py:183} INFO - Processing /opt/airflow/dags/ecommerce_etl_dag.py took 0.064 seconds
[2026-06-08T09:33:22.659+0000] {processor.py:161} INFO - Started process (PID=791) to work on /opt/airflow/dags/ecommerce_etl_dag.py
[2026-06-08T09:33:22.660+0000] {processor.py:830} INFO - Processing file /opt/airflow/dags/ecommerce_etl_dag.py for tasks to queue
[2026-06-08T09:33:22.663+0000] {logging_mixin.py:188} INFO - [2026-06-08T09:33:22.663+0000] {dagbag.py:545} INFO - Filling up the DagBag from /opt/airflow/dags/ecommerce_etl_dag.py
[2026-06-08T09:33:22.678+0000] {processor.py:840} INFO - DAG(s) 'ecommerce_distributed_dw_etl' retrieved from /opt/airflow/dags/ecommerce_etl_dag.py
[2026-06-08T09:33:22.703+0000] {logging_mixin.py:188} INFO - [2026-06-08T09:33:22.703+0000] {dag.py:3089} INFO - Sync 1 DAGs
[2026-06-08T09:33:22.711+0000] {logging_mixin.py:188} INFO - [2026-06-08T09:33:22.711+0000] {dag.py:3947} INFO - Setting next_dagrun for ecommerce_distributed_dw_etl to None, run_after=None
[2026-06-08T09:33:22.721+0000] {processor.py:183} INFO - Processing /opt/airflow/dags/ecommerce_etl_dag.py took 0.072 seconds
[2026-06-08T09:33:52.941+0000] {processor.py:161} INFO - Started process (PID=796) to work on /opt/airflow/dags/ecommerce_etl_dag.py
[2026-06-08T09:33:52.942+0000] {processor.py:830} INFO - Processing file /opt/airflow/dags/ecommerce_etl_dag.py for tasks to queue
[2026-06-08T09:33:52.944+0000] {logging_mixin.py:188} INFO - [2026-06-08T09:33:52.944+0000] {dagbag.py:545} INFO - Filling up the DagBag from /opt/airflow/dags/ecommerce_etl_dag.py
[2026-06-08T09:33:52.954+0000] {processor.py:840} INFO - DAG(s) 'ecommerce_distributed_dw_etl' retrieved from /opt/airflow/dags/ecommerce_etl_dag.py
[2026-06-08T09:33:52.978+0000] {logging_mixin.py:188} INFO - [2026-06-08T09:33:52.978+0000] {dag.py:3089} INFO - Sync 1 DAGs
[2026-06-08T09:33:52.985+0000] {logging_mixin.py:188} INFO - [2026-06-08T09:33:52.985+0000] {dag.py:3947} INFO - Setting next_dagrun for ecommerce_distributed_dw_etl to None, run_after=None
[2026-06-08T09:33:52.994+0000] {processor.py:183} INFO - Processing /opt/airflow/dags/ecommerce_etl_dag.py took 0.060 seconds
[2026-06-08T09:34:23.233+0000] {processor.py:161} INFO - Started process (PID=801) to work on /opt/airflow/dags/ecommerce_etl_dag.py
[2026-06-08T09:34:23.234+0000] {processor.py:830} INFO - Processing file /opt/airflow/dags/ecommerce_etl_dag.py for tasks to queue
[2026-06-08T09:34:23.236+0000] {logging_mixin.py:188} INFO - [2026-06-08T09:34:23.235+0000] {dagbag.py:545} INFO - Filling up the DagBag from /opt/airflow/dags/ecommerce_etl_dag.py
[2026-06-08T09:34:23.246+0000] {processor.py:840} INFO - DAG(s) 'ecommerce_distributed_dw_etl' retrieved from /opt/airflow/dags/ecommerce_etl_dag.py
[2026-06-08T09:34:23.273+0000] {logging_mixin.py:188} INFO - [2026-06-08T09:34:23.273+0000] {dag.py:3089} INFO - Sync 1 DAGs
[2026-06-08T09:34:23.282+0000] {logging_mixin.py:188} INFO - [2026-06-08T09:34:23.282+0000] {dag.py:3947} INFO - Setting next_dagrun for ecommerce_distributed_dw_etl to None, run_after=None
[2026-06-08T09:34:23.291+0000] {processor.py:183} INFO - Processing /opt/airflow/dags/ecommerce_etl_dag.py took 0.064 seconds
[2026-06-08T09:34:53.512+0000] {processor.py:161} INFO - Started process (PID=806) to work on /opt/airflow/dags/ecommerce_etl_dag.py
[2026-06-08T09:34:53.513+0000] {processor.py:830} INFO - Processing file /opt/airflow/dags/ecommerce_etl_dag.py for tasks to queue
[2026-06-08T09:34:53.516+0000] {logging_mixin.py:188} INFO - [2026-06-08T09:34:53.515+0000] {dagbag.py:545} INFO - Filling up the DagBag from /opt/airflow/dags/ecommerce_etl_dag.py
[2026-06-08T09:34:53.526+0000] {processor.py:840} INFO - DAG(s) 'ecommerce_distributed_dw_etl' retrieved from /opt/airflow/dags/ecommerce_etl_dag.py
[2026-06-08T09:34:53.551+0000] {logging_mixin.py:188} INFO - [2026-06-08T09:34:53.551+0000] {dag.py:3089} INFO - Sync 1 DAGs
[2026-06-08T09:34:53.558+0000] {logging_mixin.py:188} INFO - [2026-06-08T09:34:53.558+0000] {dag.py:3947} INFO - Setting next_dagrun for ecommerce_distributed_dw_etl to None, run_after=None
[2026-06-08T09:34:53.568+0000] {processor.py:183} INFO - Processing /opt/airflow/dags/ecommerce_etl_dag.py took 0.063 seconds
[2026-06-08T09:35:23.798+0000] {processor.py:161} INFO - Started process (PID=811) to work on /opt/airflow/dags/ecommerce_etl_dag.py
[2026-06-08T09:35:23.799+0000] {processor.py:830} INFO - Processing file /opt/airflow/dags/ecommerce_etl_dag.py for tasks to queue
[2026-06-08T09:35:23.803+0000] {logging_mixin.py:188} INFO - [2026-06-08T09:35:23.802+0000] {dagbag.py:545} INFO - Filling up the DagBag from /opt/airflow/dags/ecommerce_etl_dag.py
[2026-06-08T09:35:23.817+0000] {processor.py:840} INFO - DAG(s) 'ecommerce_distributed_dw_etl' retrieved from /opt/airflow/dags/ecommerce_etl_dag.py
[2026-06-08T09:35:23.845+0000] {logging_mixin.py:188} INFO - [2026-06-08T09:35:23.845+0000] {dag.py:3089} INFO - Sync 1 DAGs
[2026-06-08T09:35:23.853+0000] {logging_mixin.py:188} INFO - [2026-06-08T09:35:23.853+0000] {dag.py:3947} INFO - Setting next_dagrun for ecommerce_distributed_dw_etl to None, run_after=None
[2026-06-08T09:35:23.863+0000] {processor.py:183} INFO - Processing /opt/airflow/dags/ecommerce_etl_dag.py took 0.076 seconds
[2026-06-08T09:35:54.065+0000] {processor.py:161} INFO - Started process (PID=816) to work on /opt/airflow/dags/ecommerce_etl_dag.py
[2026-06-08T09:35:54.066+0000] {processor.py:830} INFO - Processing file /opt/airflow/dags/ecommerce_etl_dag.py for tasks to queue
[2026-06-08T09:35:54.068+0000] {logging_mixin.py:188} INFO - [2026-06-08T09:35:54.068+0000] {dagbag.py:545} INFO - Filling up the DagBag from /opt/airflow/dags/ecommerce_etl_dag.py
[2026-06-08T09:35:54.078+0000] {processor.py:840} INFO - DAG(s) 'ecommerce_distributed_dw_etl' retrieved from /opt/airflow/dags/ecommerce_etl_dag.py
[2026-06-08T09:35:54.103+0000] {logging_mixin.py:188} INFO - [2026-06-08T09:35:54.102+0000] {dag.py:3089} INFO - Sync 1 DAGs
[2026-06-08T09:35:54.111+0000] {logging_mixin.py:188} INFO - [2026-06-08T09:35:54.110+0000] {dag.py:3947} INFO - Setting next_dagrun for ecommerce_distributed_dw_etl to None, run_after=None
[2026-06-08T09:35:54.120+0000] {processor.py:183} INFO - Processing /opt/airflow/dags/ecommerce_etl_dag.py took 0.061 seconds
[2026-06-08T09:36:24.348+0000] {processor.py:161} INFO - Started process (PID=821) to work on /opt/airflow/dags/ecommerce_etl_dag.py
[2026-06-08T09:36:24.349+0000] {processor.py:830} INFO - Processing file /opt/airflow/dags/ecommerce_etl_dag.py for tasks to queue
[2026-06-08T09:36:24.350+0000] {logging_mixin.py:188} INFO - [2026-06-08T09:36:24.350+0000] {dagbag.py:545} INFO - Filling up the DagBag from /opt/airflow/dags/ecommerce_etl_dag.py
[2026-06-08T09:36:24.357+0000] {processor.py:840} INFO - DAG(s) 'ecommerce_distributed_dw_etl' retrieved from /opt/airflow/dags/ecommerce_etl_dag.py
[2026-06-08T09:36:24.377+0000] {logging_mixin.py:188} INFO - [2026-06-08T09:36:24.377+0000] {dag.py:3089} INFO - Sync 1 DAGs
[2026-06-08T09:36:24.384+0000] {logging_mixin.py:188} INFO - [2026-06-08T09:36:24.384+0000] {dag.py:3947} INFO - Setting next_dagrun for ecommerce_distributed_dw_etl to None, run_after=None
[2026-06-08T09:36:24.392+0000] {processor.py:183} INFO - Processing /opt/airflow/dags/ecommerce_etl_dag.py took 0.049 seconds
[2026-06-08T09:36:54.637+0000] {processor.py:161} INFO - Started process (PID=826) to work on /opt/airflow/dags/ecommerce_etl_dag.py
[2026-06-08T09:36:54.638+0000] {processor.py:830} INFO - Processing file /opt/airflow/dags/ecommerce_etl_dag.py for tasks to queue
[2026-06-08T09:36:54.641+0000] {logging_mixin.py:188} INFO - [2026-06-08T09:36:54.641+0000] {dagbag.py:545} INFO - Filling up the DagBag from /opt/airflow/dags/ecommerce_etl_dag.py
[2026-06-08T09:36:54.657+0000] {processor.py:840} INFO - DAG(s) 'ecommerce_distributed_dw_etl' retrieved from /opt/airflow/dags/ecommerce_etl_dag.py
[2026-06-08T09:36:54.682+0000] {logging_mixin.py:188} INFO - [2026-06-08T09:36:54.682+0000] {dag.py:3089} INFO - Sync 1 DAGs
[2026-06-08T09:36:54.690+0000] {logging_mixin.py:188} INFO - [2026-06-08T09:36:54.690+0000] {dag.py:3947} INFO - Setting next_dagrun for ecommerce_distributed_dw_etl to None, run_after=None
[2026-06-08T09:36:54.699+0000] {processor.py:183} INFO - Processing /opt/airflow/dags/ecommerce_etl_dag.py took 0.072 seconds
[2026-06-08T09:37:25.078+0000] {processor.py:161} INFO - Started process (PID=831) to work on /opt/airflow/dags/ecommerce_etl_dag.py
[2026-06-08T09:37:25.079+0000] {processor.py:830} INFO - Processing file /opt/airflow/dags/ecommerce_etl_dag.py for tasks to queue
[2026-06-08T09:37:25.081+0000] {logging_mixin.py:188} INFO - [2026-06-08T09:37:25.081+0000] {dagbag.py:545} INFO - Filling up the DagBag from /opt/airflow/dags/ecommerce_etl_dag.py
[2026-06-08T09:37:25.091+0000] {processor.py:840} INFO - DAG(s) 'ecommerce_distributed_dw_etl' retrieved from /opt/airflow/dags/ecommerce_etl_dag.py
[2026-06-08T09:37:25.119+0000] {logging_mixin.py:188} INFO - [2026-06-08T09:37:25.119+0000] {dag.py:3089} INFO - Sync 1 DAGs
[2026-06-08T09:37:25.128+0000] {logging_mixin.py:188} INFO - [2026-06-08T09:37:25.127+0000] {dag.py:3947} INFO - Setting next_dagrun for ecommerce_distributed_dw_etl to None, run_after=None
[2026-06-08T09:37:25.137+0000] {processor.py:183} INFO - Processing /opt/airflow/dags/ecommerce_etl_dag.py took 0.066 seconds
[2026-06-08T09:37:55.446+0000] {processor.py:161} INFO - Started process (PID=836) to work on /opt/airflow/dags/ecommerce_etl_dag.py
[2026-06-08T09:37:55.447+0000] {processor.py:830} INFO - Processing file /opt/airflow/dags/ecommerce_etl_dag.py for tasks to queue
[2026-06-08T09:37:55.449+0000] {logging_mixin.py:188} INFO - [2026-06-08T09:37:55.448+0000] {dagbag.py:545} INFO - Filling up the DagBag from /opt/airflow/dags/ecommerce_etl_dag.py
[2026-06-08T09:37:55.459+0000] {processor.py:840} INFO - DAG(s) 'ecommerce_distributed_dw_etl' retrieved from /opt/airflow/dags/ecommerce_etl_dag.py
[2026-06-08T09:37:55.485+0000] {logging_mixin.py:188} INFO - [2026-06-08T09:37:55.485+0000] {dag.py:3089} INFO - Sync 1 DAGs
[2026-06-08T09:37:55.493+0000] {logging_mixin.py:188} INFO - [2026-06-08T09:37:55.493+0000] {dag.py:3947} INFO - Setting next_dagrun for ecommerce_distributed_dw_etl to None, run_after=None
[2026-06-08T09:37:55.502+0000] {processor.py:183} INFO - Processing /opt/airflow/dags/ecommerce_etl_dag.py took 0.063 seconds
[2026-06-08T09:38:25.820+0000] {processor.py:161} INFO - Started process (PID=841) to work on /opt/airflow/dags/ecommerce_etl_dag.py
[2026-06-08T09:38:25.821+0000] {processor.py:830} INFO - Processing file /opt/airflow/dags/ecommerce_etl_dag.py for tasks to queue
[2026-06-08T09:38:25.823+0000] {logging_mixin.py:188} INFO - [2026-06-08T09:38:25.823+0000] {dagbag.py:545} INFO - Filling up the DagBag from /opt/airflow/dags/ecommerce_etl_dag.py
[2026-06-08T09:38:25.833+0000] {processor.py:840} INFO - DAG(s) 'ecommerce_distributed_dw_etl' retrieved from /opt/airflow/dags/ecommerce_etl_dag.py
[2026-06-08T09:38:25.858+0000] {logging_mixin.py:188} INFO - [2026-06-08T09:38:25.858+0000] {dag.py:3089} INFO - Sync 1 DAGs
[2026-06-08T09:38:25.865+0000] {logging_mixin.py:188} INFO - [2026-06-08T09:38:25.865+0000] {dag.py:3947} INFO - Setting next_dagrun for ecommerce_distributed_dw_etl to None, run_after=None
[2026-06-08T09:38:25.874+0000] {processor.py:183} INFO - Processing /opt/airflow/dags/ecommerce_etl_dag.py took 0.061 seconds
[2026-06-08T09:38:56.256+0000] {processor.py:161} INFO - Started process (PID=846) to work on /opt/airflow/dags/ecommerce_etl_dag.py
[2026-06-08T09:38:56.257+0000] {processor.py:830} INFO - Processing file /opt/airflow/dags/ecommerce_etl_dag.py for tasks to queue
[2026-06-08T09:38:56.261+0000] {logging_mixin.py:188} INFO - [2026-06-08T09:38:56.261+0000] {dagbag.py:545} INFO - Filling up the DagBag from /opt/airflow/dags/ecommerce_etl_dag.py
[2026-06-08T09:38:56.277+0000] {processor.py:840} INFO - DAG(s) 'ecommerce_distributed_dw_etl' retrieved from /opt/airflow/dags/ecommerce_etl_dag.py
[2026-06-08T09:38:56.307+0000] {logging_mixin.py:188} INFO - [2026-06-08T09:38:56.307+0000] {dag.py:3089} INFO - Sync 1 DAGs
[2026-06-08T09:38:56.315+0000] {logging_mixin.py:188} INFO - [2026-06-08T09:38:56.315+0000] {dag.py:3947} INFO - Setting next_dagrun for ecommerce_distributed_dw_etl to None, run_after=None
[2026-06-08T09:38:56.325+0000] {processor.py:183} INFO - Processing /opt/airflow/dags/ecommerce_etl_dag.py took 0.080 seconds
[2026-06-08T09:39:26.667+0000] {processor.py:161} INFO - Started process (PID=851) to work on /opt/airflow/dags/ecommerce_etl_dag.py
[2026-06-08T09:39:26.668+0000] {processor.py:830} INFO - Processing file /opt/airflow/dags/ecommerce_etl_dag.py for tasks to queue
[2026-06-08T09:39:26.670+0000] {logging_mixin.py:188} INFO - [2026-06-08T09:39:26.670+0000] {dagbag.py:545} INFO - Filling up the DagBag from /opt/airflow/dags/ecommerce_etl_dag.py
[2026-06-08T09:39:26.682+0000] {processor.py:840} INFO - DAG(s) 'ecommerce_distributed_dw_etl' retrieved from /opt/airflow/dags/ecommerce_etl_dag.py
[2026-06-08T09:39:26.709+0000] {logging_mixin.py:188} INFO - [2026-06-08T09:39:26.709+0000] {dag.py:3089} INFO - Sync 1 DAGs
[2026-06-08T09:39:26.717+0000] {logging_mixin.py:188} INFO - [2026-06-08T09:39:26.717+0000] {dag.py:3947} INFO - Setting next_dagrun for ecommerce_distributed_dw_etl to None, run_after=None
[2026-06-08T09:39:26.726+0000] {processor.py:183} INFO - Processing /opt/airflow/dags/ecommerce_etl_dag.py took 0.066 seconds
[2026-06-08T09:39:57.005+0000] {processor.py:161} INFO - Started process (PID=856) to work on /opt/airflow/dags/ecommerce_etl_dag.py
[2026-06-08T09:39:57.006+0000] {processor.py:830} INFO - Processing file /opt/airflow/dags/ecommerce_etl_dag.py for tasks to queue
[2026-06-08T09:39:57.008+0000] {logging_mixin.py:188} INFO - [2026-06-08T09:39:57.007+0000] {dagbag.py:545} INFO - Filling up the DagBag from /opt/airflow/dags/ecommerce_etl_dag.py
[2026-06-08T09:39:57.015+0000] {processor.py:840} INFO - DAG(s) 'ecommerce_distributed_dw_etl' retrieved from /opt/airflow/dags/ecommerce_etl_dag.py
[2026-06-08T09:39:57.037+0000] {logging_mixin.py:188} INFO - [2026-06-08T09:39:57.037+0000] {dag.py:3089} INFO - Sync 1 DAGs
[2026-06-08T09:39:57.044+0000] {logging_mixin.py:188} INFO - [2026-06-08T09:39:57.043+0000] {dag.py:3947} INFO - Setting next_dagrun for ecommerce_distributed_dw_etl to None, run_after=None
[2026-06-08T09:39:57.052+0000] {processor.py:183} INFO - Processing /opt/airflow/dags/ecommerce_etl_dag.py took 0.051 seconds
[2026-06-08T09:40:27.420+0000] {processor.py:161} INFO - Started process (PID=861) to work on /opt/airflow/dags/ecommerce_etl_dag.py
[2026-06-08T09:40:27.421+0000] {processor.py:830} INFO - Processing file /opt/airflow/dags/ecommerce_etl_dag.py for tasks to queue
[2026-06-08T09:40:27.424+0000] {logging_mixin.py:188} INFO - [2026-06-08T09:40:27.423+0000] {dagbag.py:545} INFO - Filling up the DagBag from /opt/airflow/dags/ecommerce_etl_dag.py
[2026-06-08T09:40:27.437+0000] {processor.py:840} INFO - DAG(s) 'ecommerce_distributed_dw_etl' retrieved from /opt/airflow/dags/ecommerce_etl_dag.py
[2026-06-08T09:40:27.464+0000] {logging_mixin.py:188} INFO - [2026-06-08T09:40:27.464+0000] {dag.py:3089} INFO - Sync 1 DAGs
[2026-06-08T09:40:27.472+0000] {logging_mixin.py:188} INFO - [2026-06-08T09:40:27.472+0000] {dag.py:3947} INFO - Setting next_dagrun for ecommerce_distributed_dw_etl to None, run_after=None
[2026-06-08T09:40:27.481+0000] {processor.py:183} INFO - Processing /opt/airflow/dags/ecommerce_etl_dag.py took 0.071 seconds
[2026-06-08T09:40:57.718+0000] {processor.py:161} INFO - Started process (PID=866) to work on /opt/airflow/dags/ecommerce_etl_dag.py
[2026-06-08T09:40:57.718+0000] {processor.py:830} INFO - Processing file /opt/airflow/dags/ecommerce_etl_dag.py for tasks to queue
[2026-06-08T09:40:57.719+0000] {logging_mixin.py:188} INFO - [2026-06-08T09:40:57.719+0000] {dagbag.py:545} INFO - Filling up the DagBag from /opt/airflow/dags/ecommerce_etl_dag.py
[2026-06-08T09:40:57.725+0000] {processor.py:840} INFO - DAG(s) 'ecommerce_distributed_dw_etl' retrieved from /opt/airflow/dags/ecommerce_etl_dag.py
[2026-06-08T09:40:57.747+0000] {logging_mixin.py:188} INFO - [2026-06-08T09:40:57.747+0000] {dag.py:3089} INFO - Sync 1 DAGs
[2026-06-08T09:40:57.761+0000] {logging_mixin.py:188} INFO - [2026-06-08T09:40:57.761+0000] {dag.py:3947} INFO - Setting next_dagrun for ecommerce_distributed_dw_etl to None, run_after=None
[2026-06-08T09:40:57.773+0000] {processor.py:183} INFO - Processing /opt/airflow/dags/ecommerce_etl_dag.py took 0.059 seconds
[2026-06-08T09:41:28.086+0000] {processor.py:161} INFO - Started process (PID=871) to work on /opt/airflow/dags/ecommerce_etl_dag.py
[2026-06-08T09:41:28.087+0000] {processor.py:830} INFO - Processing file /opt/airflow/dags/ecommerce_etl_dag.py for tasks to queue
[2026-06-08T09:41:28.089+0000] {logging_mixin.py:188} INFO - [2026-06-08T09:41:28.089+0000] {dagbag.py:545} INFO - Filling up the DagBag from /opt/airflow/dags/ecommerce_etl_dag.py
[2026-06-08T09:41:28.099+0000] {processor.py:840} INFO - DAG(s) 'ecommerce_distributed_dw_etl' retrieved from /opt/airflow/dags/ecommerce_etl_dag.py
[2026-06-08T09:41:28.127+0000] {logging_mixin.py:188} INFO - [2026-06-08T09:41:28.127+0000] {dag.py:3089} INFO - Sync 1 DAGs
[2026-06-08T09:41:28.135+0000] {logging_mixin.py:188} INFO - [2026-06-08T09:41:28.134+0000] {dag.py:3947} INFO - Setting next_dagrun for ecommerce_distributed_dw_etl to None, run_after=None
[2026-06-08T09:41:28.144+0000] {processor.py:183} INFO - Processing /opt/airflow/dags/ecommerce_etl_dag.py took 0.065 seconds
[2026-06-08T09:41:58.495+0000] {processor.py:161} INFO - Started process (PID=876) to work on /opt/airflow/dags/ecommerce_etl_dag.py
[2026-06-08T09:41:58.495+0000] {processor.py:830} INFO - Processing file /opt/airflow/dags/ecommerce_etl_dag.py for tasks to queue
[2026-06-08T09:41:58.497+0000] {logging_mixin.py:188} INFO - [2026-06-08T09:41:58.497+0000] {dagbag.py:545} INFO - Filling up the DagBag from /opt/airflow/dags/ecommerce_etl_dag.py
[2026-06-08T09:41:58.506+0000] {processor.py:840} INFO - DAG(s) 'ecommerce_distributed_dw_etl' retrieved from /opt/airflow/dags/ecommerce_etl_dag.py
[2026-06-08T09:41:58.529+0000] {logging_mixin.py:188} INFO - [2026-06-08T09:41:58.529+0000] {dag.py:3089} INFO - Sync 1 DAGs
[2026-06-08T09:41:58.536+0000] {logging_mixin.py:188} INFO - [2026-06-08T09:41:58.536+0000] {dag.py:3947} INFO - Setting next_dagrun for ecommerce_distributed_dw_etl to None, run_after=None
[2026-06-08T09:41:58.544+0000] {processor.py:183} INFO - Processing /opt/airflow/dags/ecommerce_etl_dag.py took 0.056 seconds
[2026-06-08T09:47:08.850+0000] {processor.py:161} INFO - Started process (PID=881) to work on /opt/airflow/dags/ecommerce_etl_dag.py
[2026-06-08T09:47:08.852+0000] {processor.py:830} INFO - Processing file /opt/airflow/dags/ecommerce_etl_dag.py for tasks to queue
[2026-06-08T09:47:08.857+0000] {logging_mixin.py:188} INFO - [2026-06-08T09:47:08.856+0000] {dagbag.py:545} INFO - Filling up the DagBag from /opt/airflow/dags/ecommerce_etl_dag.py
[2026-06-08T09:47:08.873+0000] {processor.py:840} INFO - DAG(s) 'ecommerce_distributed_dw_etl' retrieved from /opt/airflow/dags/ecommerce_etl_dag.py
[2026-06-08T09:47:08.906+0000] {logging_mixin.py:188} INFO - [2026-06-08T09:47:08.906+0000] {dag.py:3089} INFO - Sync 1 DAGs
[2026-06-08T09:47:08.915+0000] {logging_mixin.py:188} INFO - [2026-06-08T09:47:08.915+0000] {dag.py:3947} INFO - Setting next_dagrun for ecommerce_distributed_dw_etl to None, run_after=None
[2026-06-08T09:47:08.926+0000] {processor.py:183} INFO - Processing /opt/airflow/dags/ecommerce_etl_dag.py took 0.084 seconds
[2026-06-08T09:47:39.144+0000] {processor.py:161} INFO - Started process (PID=886) to work on /opt/airflow/dags/ecommerce_etl_dag.py
[2026-06-08T09:47:39.145+0000] {processor.py:830} INFO - Processing file /opt/airflow/dags/ecommerce_etl_dag.py for tasks to queue
[2026-06-08T09:47:39.146+0000] {logging_mixin.py:188} INFO - [2026-06-08T09:47:39.146+0000] {dagbag.py:545} INFO - Filling up the DagBag from /opt/airflow/dags/ecommerce_etl_dag.py
[2026-06-08T09:47:39.152+0000] {processor.py:840} INFO - DAG(s) 'ecommerce_distributed_dw_etl' retrieved from /opt/airflow/dags/ecommerce_etl_dag.py
[2026-06-08T09:47:39.170+0000] {logging_mixin.py:188} INFO - [2026-06-08T09:47:39.170+0000] {dag.py:3089} INFO - Sync 1 DAGs
[2026-06-08T09:47:39.176+0000] {logging_mixin.py:188} INFO - [2026-06-08T09:47:39.176+0000] {dag.py:3947} INFO - Setting next_dagrun for ecommerce_distributed_dw_etl to None, run_after=None
[2026-06-08T09:47:39.185+0000] {processor.py:183} INFO - Processing /opt/airflow/dags/ecommerce_etl_dag.py took 0.045 seconds
[2026-06-08T09:48:09.553+0000] {processor.py:161} INFO - Started process (PID=891) to work on /opt/airflow/dags/ecommerce_etl_dag.py
[2026-06-08T09:48:09.555+0000] {processor.py:830} INFO - Processing file /opt/airflow/dags/ecommerce_etl_dag.py for tasks to queue
[2026-06-08T09:48:09.558+0000] {logging_mixin.py:188} INFO - [2026-06-08T09:48:09.557+0000] {dagbag.py:545} INFO - Filling up the DagBag from /opt/airflow/dags/ecommerce_etl_dag.py
[2026-06-08T09:48:09.573+0000] {processor.py:840} INFO - DAG(s) 'ecommerce_distributed_dw_etl' retrieved from /opt/airflow/dags/ecommerce_etl_dag.py
[2026-06-08T09:48:09.599+0000] {logging_mixin.py:188} INFO - [2026-06-08T09:48:09.599+0000] {dag.py:3089} INFO - Sync 1 DAGs
[2026-06-08T09:48:09.607+0000] {logging_mixin.py:188} INFO - [2026-06-08T09:48:09.607+0000] {dag.py:3947} INFO - Setting next_dagrun for ecommerce_distributed_dw_etl to None, run_after=None
[2026-06-08T09:48:09.616+0000] {processor.py:183} INFO - Processing /opt/airflow/dags/ecommerce_etl_dag.py took 0.073 seconds
[2026-06-08T09:48:39.823+0000] {processor.py:161} INFO - Started process (PID=896) to work on /opt/airflow/dags/ecommerce_etl_dag.py
[2026-06-08T09:48:39.824+0000] {processor.py:830} INFO - Processing file /opt/airflow/dags/ecommerce_etl_dag.py for tasks to queue
[2026-06-08T09:48:39.826+0000] {logging_mixin.py:188} INFO - [2026-06-08T09:48:39.826+0000] {dagbag.py:545} INFO - Filling up the DagBag from /opt/airflow/dags/ecommerce_etl_dag.py
[2026-06-08T09:48:39.837+0000] {processor.py:840} INFO - DAG(s) 'ecommerce_distributed_dw_etl' retrieved from /opt/airflow/dags/ecommerce_etl_dag.py
[2026-06-08T09:48:39.863+0000] {logging_mixin.py:188} INFO - [2026-06-08T09:48:39.863+0000] {dag.py:3089} INFO - Sync 1 DAGs
[2026-06-08T09:48:39.870+0000] {logging_mixin.py:188} INFO - [2026-06-08T09:48:39.870+0000] {dag.py:3947} INFO - Setting next_dagrun for ecommerce_distributed_dw_etl to None, run_after=None
[2026-06-08T09:48:39.879+0000] {processor.py:183} INFO - Processing /opt/airflow/dags/ecommerce_etl_dag.py took 0.062 seconds
[2026-06-08T09:49:10.311+0000] {processor.py:161} INFO - Started process (PID=901) to work on /opt/airflow/dags/ecommerce_etl_dag.py
[2026-06-08T09:49:10.313+0000] {processor.py:830} INFO - Processing file /opt/airflow/dags/ecommerce_etl_dag.py for tasks to queue
[2026-06-08T09:49:10.316+0000] {logging_mixin.py:188} INFO - [2026-06-08T09:49:10.315+0000] {dagbag.py:545} INFO - Filling up the DagBag from /opt/airflow/dags/ecommerce_etl_dag.py
[2026-06-08T09:49:10.331+0000] {processor.py:840} INFO - DAG(s) 'ecommerce_distributed_dw_etl' retrieved from /opt/airflow/dags/ecommerce_etl_dag.py
[2026-06-08T09:49:10.362+0000] {logging_mixin.py:188} INFO - [2026-06-08T09:49:10.361+0000] {dag.py:3089} INFO - Sync 1 DAGs
[2026-06-08T09:49:10.371+0000] {logging_mixin.py:188} INFO - [2026-06-08T09:49:10.371+0000] {dag.py:3947} INFO - Setting next_dagrun for ecommerce_distributed_dw_etl to None, run_after=None
[2026-06-08T09:49:10.383+0000] {processor.py:183} INFO - Processing /opt/airflow/dags/ecommerce_etl_dag.py took 0.082 seconds
[2026-06-08T09:49:40.618+0000] {processor.py:161} INFO - Started process (PID=906) to work on /opt/airflow/dags/ecommerce_etl_dag.py
[2026-06-08T09:49:40.622+0000] {processor.py:830} INFO - Processing file /opt/airflow/dags/ecommerce_etl_dag.py for tasks to queue
[2026-06-08T09:49:40.624+0000] {logging_mixin.py:188} INFO - [2026-06-08T09:49:40.624+0000] {dagbag.py:545} INFO - Filling up the DagBag from /opt/airflow/dags/ecommerce_etl_dag.py
[2026-06-08T09:49:40.635+0000] {processor.py:840} INFO - DAG(s) 'ecommerce_distributed_dw_etl' retrieved from /opt/airflow/dags/ecommerce_etl_dag.py
[2026-06-08T09:49:40.660+0000] {logging_mixin.py:188} INFO - [2026-06-08T09:49:40.660+0000] {dag.py:3089} INFO - Sync 1 DAGs
[2026-06-08T09:49:40.669+0000] {logging_mixin.py:188} INFO - [2026-06-08T09:49:40.669+0000] {dag.py:3947} INFO - Setting next_dagrun for ecommerce_distributed_dw_etl to None, run_after=None
[2026-06-08T09:49:40.680+0000] {processor.py:183} INFO - Processing /opt/airflow/dags/ecommerce_etl_dag.py took 0.070 seconds
[2026-06-08T09:50:10.966+0000] {processor.py:161} INFO - Started process (PID=911) to work on /opt/airflow/dags/ecommerce_etl_dag.py
[2026-06-08T09:50:10.967+0000] {processor.py:830} INFO - Processing file /opt/airflow/dags/ecommerce_etl_dag.py for tasks to queue
[2026-06-08T09:50:10.969+0000] {logging_mixin.py:188} INFO - [2026-06-08T09:50:10.969+0000] {dagbag.py:545} INFO - Filling up the DagBag from /opt/airflow/dags/ecommerce_etl_dag.py
[2026-06-08T09:50:10.980+0000] {processor.py:840} INFO - DAG(s) 'ecommerce_distributed_dw_etl' retrieved from /opt/airflow/dags/ecommerce_etl_dag.py
[2026-06-08T09:50:11.009+0000] {logging_mixin.py:188} INFO - [2026-06-08T09:50:11.008+0000] {dag.py:3089} INFO - Sync 1 DAGs
[2026-06-08T09:50:11.019+0000] {logging_mixin.py:188} INFO - [2026-06-08T09:50:11.019+0000] {dag.py:3947} INFO - Setting next_dagrun for ecommerce_distributed_dw_etl to None, run_after=None
[2026-06-08T09:50:11.032+0000] {processor.py:183} INFO - Processing /opt/airflow/dags/ecommerce_etl_dag.py took 0.072 seconds
[2026-06-08T09:50:41.269+0000] {processor.py:161} INFO - Started process (PID=916) to work on /opt/airflow/dags/ecommerce_etl_dag.py
[2026-06-08T09:50:41.270+0000] {processor.py:830} INFO - Processing file /opt/airflow/dags/ecommerce_etl_dag.py for tasks to queue
[2026-06-08T09:50:41.271+0000] {logging_mixin.py:188} INFO - [2026-06-08T09:50:41.271+0000] {dagbag.py:545} INFO - Filling up the DagBag from /opt/airflow/dags/ecommerce_etl_dag.py
[2026-06-08T09:50:41.280+0000] {processor.py:840} INFO - DAG(s) 'ecommerce_distributed_dw_etl' retrieved from /opt/airflow/dags/ecommerce_etl_dag.py
[2026-06-08T09:50:41.302+0000] {logging_mixin.py:188} INFO - [2026-06-08T09:50:41.301+0000] {dag.py:3089} INFO - Sync 1 DAGs
[2026-06-08T09:50:41.310+0000] {logging_mixin.py:188} INFO - [2026-06-08T09:50:41.310+0000] {dag.py:3947} INFO - Setting next_dagrun for ecommerce_distributed_dw_etl to None, run_after=None
[2026-06-08T09:50:41.319+0000] {processor.py:183} INFO - Processing /opt/airflow/dags/ecommerce_etl_dag.py took 0.054 seconds
[2026-06-08T09:51:11.552+0000] {processor.py:161} INFO - Started process (PID=921) to work on /opt/airflow/dags/ecommerce_etl_dag.py
[2026-06-08T09:51:11.553+0000] {processor.py:830} INFO - Processing file /opt/airflow/dags/ecommerce_etl_dag.py for tasks to queue
[2026-06-08T09:51:11.555+0000] {logging_mixin.py:188} INFO - [2026-06-08T09:51:11.554+0000] {dagbag.py:545} INFO - Filling up the DagBag from /opt/airflow/dags/ecommerce_etl_dag.py
[2026-06-08T09:51:11.565+0000] {processor.py:840} INFO - DAG(s) 'ecommerce_distributed_dw_etl' retrieved from /opt/airflow/dags/ecommerce_etl_dag.py
[2026-06-08T09:51:11.588+0000] {logging_mixin.py:188} INFO - [2026-06-08T09:51:11.588+0000] {dag.py:3089} INFO - Sync 1 DAGs
[2026-06-08T09:51:11.596+0000] {logging_mixin.py:188} INFO - [2026-06-08T09:51:11.596+0000] {dag.py:3947} INFO - Setting next_dagrun for ecommerce_distributed_dw_etl to None, run_after=None
[2026-06-08T09:51:11.606+0000] {processor.py:183} INFO - Processing /opt/airflow/dags/ecommerce_etl_dag.py took 0.059 seconds
[2026-06-08T09:51:41.825+0000] {processor.py:161} INFO - Started process (PID=926) to work on /opt/airflow/dags/ecommerce_etl_dag.py
[2026-06-08T09:51:41.826+0000] {processor.py:830} INFO - Processing file /opt/airflow/dags/ecommerce_etl_dag.py for tasks to queue
[2026-06-08T09:51:41.827+0000] {logging_mixin.py:188} INFO - [2026-06-08T09:51:41.827+0000] {dagbag.py:545} INFO - Filling up the DagBag from /opt/airflow/dags/ecommerce_etl_dag.py
[2026-06-08T09:51:41.834+0000] {processor.py:840} INFO - DAG(s) 'ecommerce_distributed_dw_etl' retrieved from /opt/airflow/dags/ecommerce_etl_dag.py
[2026-06-08T09:51:41.857+0000] {logging_mixin.py:188} INFO - [2026-06-08T09:51:41.856+0000] {dag.py:3089} INFO - Sync 1 DAGs
[2026-06-08T09:51:41.863+0000] {logging_mixin.py:188} INFO - [2026-06-08T09:51:41.863+0000] {dag.py:3947} INFO - Setting next_dagrun for ecommerce_distributed_dw_etl to None, run_after=None
[2026-06-08T09:51:41.872+0000] {processor.py:183} INFO - Processing /opt/airflow/dags/ecommerce_etl_dag.py took 0.051 seconds
[2026-06-08T09:52:12.101+0000] {processor.py:161} INFO - Started process (PID=931) to work on /opt/airflow/dags/ecommerce_etl_dag.py
[2026-06-08T09:52:12.102+0000] {processor.py:830} INFO - Processing file /opt/airflow/dags/ecommerce_etl_dag.py for tasks to queue
[2026-06-08T09:52:12.104+0000] {logging_mixin.py:188} INFO - [2026-06-08T09:52:12.103+0000] {dagbag.py:545} INFO - Filling up the DagBag from /opt/airflow/dags/ecommerce_etl_dag.py
[2026-06-08T09:52:12.110+0000] {processor.py:840} INFO - DAG(s) 'ecommerce_distributed_dw_etl' retrieved from /opt/airflow/dags/ecommerce_etl_dag.py
[2026-06-08T09:52:12.130+0000] {logging_mixin.py:188} INFO - [2026-06-08T09:52:12.130+0000] {dag.py:3089} INFO - Sync 1 DAGs
[2026-06-08T09:52:12.137+0000] {logging_mixin.py:188} INFO - [2026-06-08T09:52:12.137+0000] {dag.py:3947} INFO - Setting next_dagrun for ecommerce_distributed_dw_etl to None, run_after=None
[2026-06-08T09:52:12.146+0000] {processor.py:183} INFO - Processing /opt/airflow/dags/ecommerce_etl_dag.py took 0.048 seconds
[2026-06-08T09:52:42.322+0000] {processor.py:161} INFO - Started process (PID=936) to work on /opt/airflow/dags/ecommerce_etl_dag.py
[2026-06-08T09:52:42.323+0000] {processor.py:830} INFO - Processing file /opt/airflow/dags/ecommerce_etl_dag.py for tasks to queue
[2026-06-08T09:52:42.325+0000] {logging_mixin.py:188} INFO - [2026-06-08T09:52:42.324+0000] {dagbag.py:545} INFO - Filling up the DagBag from /opt/airflow/dags/ecommerce_etl_dag.py
[2026-06-08T09:52:42.337+0000] {processor.py:840} INFO - DAG(s) 'ecommerce_distributed_dw_etl' retrieved from /opt/airflow/dags/ecommerce_etl_dag.py
[2026-06-08T09:52:42.359+0000] {logging_mixin.py:188} INFO - [2026-06-08T09:52:42.359+0000] {dag.py:3089} INFO - Sync 1 DAGs
[2026-06-08T09:52:42.366+0000] {logging_mixin.py:188} INFO - [2026-06-08T09:52:42.366+0000] {dag.py:3947} INFO - Setting next_dagrun for ecommerce_distributed_dw_etl to None, run_after=None
[2026-06-08T09:52:42.376+0000] {processor.py:183} INFO - Processing /opt/airflow/dags/ecommerce_etl_dag.py took 0.060 seconds
[2026-06-08T09:53:12.599+0000] {processor.py:161} INFO - Started process (PID=941) to work on /opt/airflow/dags/ecommerce_etl_dag.py
[2026-06-08T09:53:12.600+0000] {processor.py:830} INFO - Processing file /opt/airflow/dags/ecommerce_etl_dag.py for tasks to queue
[2026-06-08T09:53:12.601+0000] {logging_mixin.py:188} INFO - [2026-06-08T09:53:12.601+0000] {dagbag.py:545} INFO - Filling up the DagBag from /opt/airflow/dags/ecommerce_etl_dag.py
[2026-06-08T09:53:12.606+0000] {processor.py:840} INFO - DAG(s) 'ecommerce_distributed_dw_etl' retrieved from /opt/airflow/dags/ecommerce_etl_dag.py
[2026-06-08T09:53:12.623+0000] {logging_mixin.py:188} INFO - [2026-06-08T09:53:12.622+0000] {dag.py:3089} INFO - Sync 1 DAGs
[2026-06-08T09:53:12.628+0000] {logging_mixin.py:188} INFO - [2026-06-08T09:53:12.628+0000] {dag.py:3947} INFO - Setting next_dagrun for ecommerce_distributed_dw_etl to None, run_after=None
[2026-06-08T09:53:12.637+0000] {processor.py:183} INFO - Processing /opt/airflow/dags/ecommerce_etl_dag.py took 0.041 seconds
[2026-06-08T09:53:42.838+0000] {processor.py:161} INFO - Started process (PID=946) to work on /opt/airflow/dags/ecommerce_etl_dag.py
[2026-06-08T09:53:42.838+0000] {processor.py:830} INFO - Processing file /opt/airflow/dags/ecommerce_etl_dag.py for tasks to queue
[2026-06-08T09:53:42.839+0000] {logging_mixin.py:188} INFO - [2026-06-08T09:53:42.839+0000] {dagbag.py:545} INFO - Filling up the DagBag from /opt/airflow/dags/ecommerce_etl_dag.py
[2026-06-08T09:53:42.846+0000] {processor.py:840} INFO - DAG(s) 'ecommerce_distributed_dw_etl' retrieved from /opt/airflow/dags/ecommerce_etl_dag.py
[2026-06-08T09:53:42.864+0000] {logging_mixin.py:188} INFO - [2026-06-08T09:53:42.864+0000] {dag.py:3089} INFO - Sync 1 DAGs
[2026-06-08T09:53:42.870+0000] {logging_mixin.py:188} INFO - [2026-06-08T09:53:42.870+0000] {dag.py:3947} INFO - Setting next_dagrun for ecommerce_distributed_dw_etl to None, run_after=None
[2026-06-08T09:53:42.879+0000] {processor.py:183} INFO - Processing /opt/airflow/dags/ecommerce_etl_dag.py took 0.045 seconds
[2026-06-08T09:54:13.119+0000] {processor.py:161} INFO - Started process (PID=951) to work on /opt/airflow/dags/ecommerce_etl_dag.py
[2026-06-08T09:54:13.120+0000] {processor.py:830} INFO - Processing file /opt/airflow/dags/ecommerce_etl_dag.py for tasks to queue
[2026-06-08T09:54:13.122+0000] {logging_mixin.py:188} INFO - [2026-06-08T09:54:13.122+0000] {dagbag.py:545} INFO - Filling up the DagBag from /opt/airflow/dags/ecommerce_etl_dag.py
[2026-06-08T09:54:13.131+0000] {processor.py:840} INFO - DAG(s) 'ecommerce_distributed_dw_etl' retrieved from /opt/airflow/dags/ecommerce_etl_dag.py
[2026-06-08T09:54:13.155+0000] {logging_mixin.py:188} INFO - [2026-06-08T09:54:13.155+0000] {dag.py:3089} INFO - Sync 1 DAGs
[2026-06-08T09:54:13.163+0000] {logging_mixin.py:188} INFO - [2026-06-08T09:54:13.163+0000] {dag.py:3947} INFO - Setting next_dagrun for ecommerce_distributed_dw_etl to None, run_after=None
[2026-06-08T09:54:13.173+0000] {processor.py:183} INFO - Processing /opt/airflow/dags/ecommerce_etl_dag.py took 0.059 seconds
[2026-06-08T09:54:43.346+0000] {processor.py:161} INFO - Started process (PID=956) to work on /opt/airflow/dags/ecommerce_etl_dag.py
[2026-06-08T09:54:43.347+0000] {processor.py:830} INFO - Processing file /opt/airflow/dags/ecommerce_etl_dag.py for tasks to queue
[2026-06-08T09:54:43.348+0000] {logging_mixin.py:188} INFO - [2026-06-08T09:54:43.348+0000] {dagbag.py:545} INFO - Filling up the DagBag from /opt/airflow/dags/ecommerce_etl_dag.py
[2026-06-08T09:54:43.357+0000] {processor.py:840} INFO - DAG(s) 'ecommerce_distributed_dw_etl' retrieved from /opt/airflow/dags/ecommerce_etl_dag.py
[2026-06-08T09:54:43.375+0000] {logging_mixin.py:188} INFO - [2026-06-08T09:54:43.375+0000] {dag.py:3089} INFO - Sync 1 DAGs
[2026-06-08T09:54:43.382+0000] {logging_mixin.py:188} INFO - [2026-06-08T09:54:43.381+0000] {dag.py:3947} INFO - Setting next_dagrun for ecommerce_distributed_dw_etl to None, run_after=None
[2026-06-08T09:54:43.390+0000] {processor.py:183} INFO - Processing /opt/airflow/dags/ecommerce_etl_dag.py took 0.048 seconds
[2026-06-08T09:55:13.614+0000] {processor.py:161} INFO - Started process (PID=961) to work on /opt/airflow/dags/ecommerce_etl_dag.py
[2026-06-08T09:55:13.614+0000] {processor.py:830} INFO - Processing file /opt/airflow/dags/ecommerce_etl_dag.py for tasks to queue
[2026-06-08T09:55:13.616+0000] {logging_mixin.py:188} INFO - [2026-06-08T09:55:13.616+0000] {dagbag.py:545} INFO - Filling up the DagBag from /opt/airflow/dags/ecommerce_etl_dag.py
[2026-06-08T09:55:13.625+0000] {processor.py:840} INFO - DAG(s) 'ecommerce_distributed_dw_etl' retrieved from /opt/airflow/dags/ecommerce_etl_dag.py
[2026-06-08T09:55:13.646+0000] {logging_mixin.py:188} INFO - [2026-06-08T09:55:13.646+0000] {dag.py:3089} INFO - Sync 1 DAGs
[2026-06-08T09:55:13.654+0000] {logging_mixin.py:188} INFO - [2026-06-08T09:55:13.654+0000] {dag.py:3947} INFO - Setting next_dagrun for ecommerce_distributed_dw_etl to None, run_after=None
[2026-06-08T09:55:13.666+0000] {processor.py:183} INFO - Processing /opt/airflow/dags/ecommerce_etl_dag.py took 0.058 seconds
[2026-06-08T09:55:43.850+0000] {processor.py:161} INFO - Started process (PID=966) to work on /opt/airflow/dags/ecommerce_etl_dag.py
[2026-06-08T09:55:43.850+0000] {processor.py:830} INFO - Processing file /opt/airflow/dags/ecommerce_etl_dag.py for tasks to queue
[2026-06-08T09:55:43.851+0000] {logging_mixin.py:188} INFO - [2026-06-08T09:55:43.851+0000] {dagbag.py:545} INFO - Filling up the DagBag from /opt/airflow/dags/ecommerce_etl_dag.py
[2026-06-08T09:55:43.857+0000] {processor.py:840} INFO - DAG(s) 'ecommerce_distributed_dw_etl' retrieved from /opt/airflow/dags/ecommerce_etl_dag.py
[2026-06-08T09:55:43.876+0000] {logging_mixin.py:188} INFO - [2026-06-08T09:55:43.876+0000] {dag.py:3089} INFO - Sync 1 DAGs
[2026-06-08T09:55:43.883+0000] {logging_mixin.py:188} INFO - [2026-06-08T09:55:43.882+0000] {dag.py:3947} INFO - Setting next_dagrun for ecommerce_distributed_dw_etl to None, run_after=None
[2026-06-08T09:55:43.891+0000] {processor.py:183} INFO - Processing /opt/airflow/dags/ecommerce_etl_dag.py took 0.044 seconds
[2026-06-08T09:56:14.216+0000] {processor.py:161} INFO - Started process (PID=971) to work on /opt/airflow/dags/ecommerce_etl_dag.py
[2026-06-08T09:56:14.218+0000] {processor.py:830} INFO - Processing file /opt/airflow/dags/ecommerce_etl_dag.py for tasks to queue
[2026-06-08T09:56:14.221+0000] {logging_mixin.py:188} INFO - [2026-06-08T09:56:14.220+0000] {dagbag.py:545} INFO - Filling up the DagBag from /opt/airflow/dags/ecommerce_etl_dag.py
[2026-06-08T09:56:14.235+0000] {processor.py:840} INFO - DAG(s) 'ecommerce_distributed_dw_etl' retrieved from /opt/airflow/dags/ecommerce_etl_dag.py
[2026-06-08T09:56:14.264+0000] {logging_mixin.py:188} INFO - [2026-06-08T09:56:14.264+0000] {dag.py:3089} INFO - Sync 1 DAGs
[2026-06-08T09:56:14.273+0000] {logging_mixin.py:188} INFO - [2026-06-08T09:56:14.273+0000] {dag.py:3947} INFO - Setting next_dagrun for ecommerce_distributed_dw_etl to None, run_after=None
[2026-06-08T09:56:14.283+0000] {processor.py:183} INFO - Processing /opt/airflow/dags/ecommerce_etl_dag.py took 0.078 seconds
[2026-06-08T09:56:44.550+0000] {processor.py:161} INFO - Started process (PID=976) to work on /opt/airflow/dags/ecommerce_etl_dag.py
[2026-06-08T09:56:44.552+0000] {processor.py:830} INFO - Processing file /opt/airflow/dags/ecommerce_etl_dag.py for tasks to queue
[2026-06-08T09:56:44.554+0000] {logging_mixin.py:188} INFO - [2026-06-08T09:56:44.554+0000] {dagbag.py:545} INFO - Filling up the DagBag from /opt/airflow/dags/ecommerce_etl_dag.py
[2026-06-08T09:56:44.566+0000] {processor.py:840} INFO - DAG(s) 'ecommerce_distributed_dw_etl' retrieved from /opt/airflow/dags/ecommerce_etl_dag.py
[2026-06-08T09:56:44.593+0000] {logging_mixin.py:188} INFO - [2026-06-08T09:56:44.593+0000] {dag.py:3089} INFO - Sync 1 DAGs
[2026-06-08T09:56:44.601+0000] {logging_mixin.py:188} INFO - [2026-06-08T09:56:44.601+0000] {dag.py:3947} INFO - Setting next_dagrun for ecommerce_distributed_dw_etl to None, run_after=None
[2026-06-08T09:56:44.610+0000] {processor.py:183} INFO - Processing /opt/airflow/dags/ecommerce_etl_dag.py took 0.069 seconds
[2026-06-08T09:57:15.001+0000] {processor.py:161} INFO - Started process (PID=981) to work on /opt/airflow/dags/ecommerce_etl_dag.py
[2026-06-08T09:57:15.003+0000] {processor.py:830} INFO - Processing file /opt/airflow/dags/ecommerce_etl_dag.py for tasks to queue
[2026-06-08T09:57:15.006+0000] {logging_mixin.py:188} INFO - [2026-06-08T09:57:15.006+0000] {dagbag.py:545} INFO - Filling up the DagBag from /opt/airflow/dags/ecommerce_etl_dag.py
[2026-06-08T09:57:15.021+0000] {processor.py:840} INFO - DAG(s) 'ecommerce_distributed_dw_etl' retrieved from /opt/airflow/dags/ecommerce_etl_dag.py
[2026-06-08T09:57:15.050+0000] {logging_mixin.py:188} INFO - [2026-06-08T09:57:15.050+0000] {dag.py:3089} INFO - Sync 1 DAGs
[2026-06-08T09:57:15.060+0000] {logging_mixin.py:188} INFO - [2026-06-08T09:57:15.060+0000] {dag.py:3947} INFO - Setting next_dagrun for ecommerce_distributed_dw_etl to None, run_after=None
[2026-06-08T09:57:15.070+0000] {processor.py:183} INFO - Processing /opt/airflow/dags/ecommerce_etl_dag.py took 0.080 seconds
[2026-06-08T09:57:45.422+0000] {processor.py:161} INFO - Started process (PID=986) to work on /opt/airflow/dags/ecommerce_etl_dag.py
[2026-06-08T09:57:45.424+0000] {processor.py:830} INFO - Processing file /opt/airflow/dags/ecommerce_etl_dag.py for tasks to queue
[2026-06-08T09:57:45.426+0000] {logging_mixin.py:188} INFO - [2026-06-08T09:57:45.426+0000] {dagbag.py:545} INFO - Filling up the DagBag from /opt/airflow/dags/ecommerce_etl_dag.py
[2026-06-08T09:57:45.439+0000] {processor.py:840} INFO - DAG(s) 'ecommerce_distributed_dw_etl' retrieved from /opt/airflow/dags/ecommerce_etl_dag.py
[2026-06-08T09:57:45.464+0000] {logging_mixin.py:188} INFO - [2026-06-08T09:57:45.464+0000] {dag.py:3089} INFO - Sync 1 DAGs
[2026-06-08T09:57:45.472+0000] {logging_mixin.py:188} INFO - [2026-06-08T09:57:45.472+0000] {dag.py:3947} INFO - Setting next_dagrun for ecommerce_distributed_dw_etl to None, run_after=None
[2026-06-08T09:57:45.481+0000] {processor.py:183} INFO - Processing /opt/airflow/dags/ecommerce_etl_dag.py took 0.067 seconds
[2026-06-08T09:58:15.806+0000] {processor.py:161} INFO - Started process (PID=991) to work on /opt/airflow/dags/ecommerce_etl_dag.py
[2026-06-08T09:58:15.807+0000] {processor.py:830} INFO - Processing file /opt/airflow/dags/ecommerce_etl_dag.py for tasks to queue
[2026-06-08T09:58:15.811+0000] {logging_mixin.py:188} INFO - [2026-06-08T09:58:15.810+0000] {dagbag.py:545} INFO - Filling up the DagBag from /opt/airflow/dags/ecommerce_etl_dag.py
[2026-06-08T09:58:15.827+0000] {processor.py:840} INFO - DAG(s) 'ecommerce_distributed_dw_etl' retrieved from /opt/airflow/dags/ecommerce_etl_dag.py
[2026-06-08T09:58:15.856+0000] {logging_mixin.py:188} INFO - [2026-06-08T09:58:15.856+0000] {dag.py:3089} INFO - Sync 1 DAGs
[2026-06-08T09:58:15.866+0000] {logging_mixin.py:188} INFO - [2026-06-08T09:58:15.866+0000] {dag.py:3947} INFO - Setting next_dagrun for ecommerce_distributed_dw_etl to None, run_after=None
[2026-06-08T09:58:15.875+0000] {processor.py:183} INFO - Processing /opt/airflow/dags/ecommerce_etl_dag.py took 0.080 seconds
[2026-06-08T09:58:46.269+0000] {processor.py:161} INFO - Started process (PID=996) to work on /opt/airflow/dags/ecommerce_etl_dag.py
[2026-06-08T09:58:46.270+0000] {processor.py:830} INFO - Processing file /opt/airflow/dags/ecommerce_etl_dag.py for tasks to queue
[2026-06-08T09:58:46.272+0000] {logging_mixin.py:188} INFO - [2026-06-08T09:58:46.272+0000] {dagbag.py:545} INFO - Filling up the DagBag from /opt/airflow/dags/ecommerce_etl_dag.py
[2026-06-08T09:58:46.283+0000] {processor.py:840} INFO - DAG(s) 'ecommerce_distributed_dw_etl' retrieved from /opt/airflow/dags/ecommerce_etl_dag.py
[2026-06-08T09:58:46.310+0000] {logging_mixin.py:188} INFO - [2026-06-08T09:58:46.310+0000] {dag.py:3089} INFO - Sync 1 DAGs
[2026-06-08T09:58:46.318+0000] {logging_mixin.py:188} INFO - [2026-06-08T09:58:46.318+0000] {dag.py:3947} INFO - Setting next_dagrun for ecommerce_distributed_dw_etl to None, run_after=None
[2026-06-08T09:58:46.327+0000] {processor.py:183} INFO - Processing /opt/airflow/dags/ecommerce_etl_dag.py took 0.065 seconds
[2026-06-08T09:59:16.641+0000] {processor.py:161} INFO - Started process (PID=1001) to work on /opt/airflow/dags/ecommerce_etl_dag.py
[2026-06-08T09:59:16.642+0000] {processor.py:830} INFO - Processing file /opt/airflow/dags/ecommerce_etl_dag.py for tasks to queue
[2026-06-08T09:59:16.646+0000] {logging_mixin.py:188} INFO - [2026-06-08T09:59:16.646+0000] {dagbag.py:545} INFO - Filling up the DagBag from /opt/airflow/dags/ecommerce_etl_dag.py
[2026-06-08T09:59:16.661+0000] {processor.py:840} INFO - DAG(s) 'ecommerce_distributed_dw_etl' retrieved from /opt/airflow/dags/ecommerce_etl_dag.py
[2026-06-08T09:59:16.689+0000] {logging_mixin.py:188} INFO - [2026-06-08T09:59:16.689+0000] {dag.py:3089} INFO - Sync 1 DAGs
[2026-06-08T09:59:16.699+0000] {logging_mixin.py:188} INFO - [2026-06-08T09:59:16.699+0000] {dag.py:3947} INFO - Setting next_dagrun for ecommerce_distributed_dw_etl to None, run_after=None
[2026-06-08T09:59:16.708+0000] {processor.py:183} INFO - Processing /opt/airflow/dags/ecommerce_etl_dag.py took 0.077 seconds
[2026-06-08T09:59:46.972+0000] {processor.py:161} INFO - Started process (PID=1006) to work on /opt/airflow/dags/ecommerce_etl_dag.py
[2026-06-08T09:59:46.973+0000] {processor.py:830} INFO - Processing file /opt/airflow/dags/ecommerce_etl_dag.py for tasks to queue
[2026-06-08T09:59:46.976+0000] {logging_mixin.py:188} INFO - [2026-06-08T09:59:46.975+0000] {dagbag.py:545} INFO - Filling up the DagBag from /opt/airflow/dags/ecommerce_etl_dag.py
[2026-06-08T09:59:46.986+0000] {processor.py:840} INFO - DAG(s) 'ecommerce_distributed_dw_etl' retrieved from /opt/airflow/dags/ecommerce_etl_dag.py
[2026-06-08T09:59:47.013+0000] {logging_mixin.py:188} INFO - [2026-06-08T09:59:47.012+0000] {dag.py:3089} INFO - Sync 1 DAGs
[2026-06-08T09:59:47.019+0000] {logging_mixin.py:188} INFO - [2026-06-08T09:59:47.019+0000] {dag.py:3947} INFO - Setting next_dagrun for ecommerce_distributed_dw_etl to None, run_after=None
[2026-06-08T09:59:47.028+0000] {processor.py:183} INFO - Processing /opt/airflow/dags/ecommerce_etl_dag.py took 0.063 seconds
[2026-06-08T10:00:17.326+0000] {processor.py:161} INFO - Started process (PID=1011) to work on /opt/airflow/dags/ecommerce_etl_dag.py
[2026-06-08T10:00:17.327+0000] {processor.py:830} INFO - Processing file /opt/airflow/dags/ecommerce_etl_dag.py for tasks to queue
[2026-06-08T10:00:17.329+0000] {logging_mixin.py:188} INFO - [2026-06-08T10:00:17.329+0000] {dagbag.py:545} INFO - Filling up the DagBag from /opt/airflow/dags/ecommerce_etl_dag.py
[2026-06-08T10:00:17.339+0000] {processor.py:840} INFO - DAG(s) 'ecommerce_distributed_dw_etl' retrieved from /opt/airflow/dags/ecommerce_etl_dag.py
[2026-06-08T10:00:17.367+0000] {logging_mixin.py:188} INFO - [2026-06-08T10:00:17.367+0000] {dag.py:3089} INFO - Sync 1 DAGs
[2026-06-08T10:00:17.374+0000] {logging_mixin.py:188} INFO - [2026-06-08T10:00:17.373+0000] {dag.py:3947} INFO - Setting next_dagrun for ecommerce_distributed_dw_etl to None, run_after=None
[2026-06-08T10:00:17.382+0000] {processor.py:183} INFO - Processing /opt/airflow/dags/ecommerce_etl_dag.py took 0.064 seconds
[2026-06-08T10:00:47.703+0000] {processor.py:161} INFO - Started process (PID=1016) to work on /opt/airflow/dags/ecommerce_etl_dag.py
[2026-06-08T10:00:47.704+0000] {processor.py:830} INFO - Processing file /opt/airflow/dags/ecommerce_etl_dag.py for tasks to queue
[2026-06-08T10:00:47.708+0000] {logging_mixin.py:188} INFO - [2026-06-08T10:00:47.707+0000] {dagbag.py:545} INFO - Filling up the DagBag from /opt/airflow/dags/ecommerce_etl_dag.py
[2026-06-08T10:00:47.723+0000] {processor.py:840} INFO - DAG(s) 'ecommerce_distributed_dw_etl' retrieved from /opt/airflow/dags/ecommerce_etl_dag.py
[2026-06-08T10:00:47.752+0000] {logging_mixin.py:188} INFO - [2026-06-08T10:00:47.751+0000] {dag.py:3089} INFO - Sync 1 DAGs
[2026-06-08T10:00:47.760+0000] {logging_mixin.py:188} INFO - [2026-06-08T10:00:47.760+0000] {dag.py:3947} INFO - Setting next_dagrun for ecommerce_distributed_dw_etl to None, run_after=None
[2026-06-08T10:00:47.770+0000] {processor.py:183} INFO - Processing /opt/airflow/dags/ecommerce_etl_dag.py took 0.078 seconds
[2026-06-08T10:01:18.050+0000] {processor.py:161} INFO - Started process (PID=1021) to work on /opt/airflow/dags/ecommerce_etl_dag.py
[2026-06-08T10:01:18.052+0000] {processor.py:830} INFO - Processing file /opt/airflow/dags/ecommerce_etl_dag.py for tasks to queue
[2026-06-08T10:01:18.053+0000] {logging_mixin.py:188} INFO - [2026-06-08T10:01:18.053+0000] {dagbag.py:545} INFO - Filling up the DagBag from /opt/airflow/dags/ecommerce_etl_dag.py
[2026-06-08T10:01:18.064+0000] {processor.py:840} INFO - DAG(s) 'ecommerce_distributed_dw_etl' retrieved from /opt/airflow/dags/ecommerce_etl_dag.py
[2026-06-08T10:01:18.093+0000] {logging_mixin.py:188} INFO - [2026-06-08T10:01:18.092+0000] {dag.py:3089} INFO - Sync 1 DAGs
[2026-06-08T10:01:18.103+0000] {logging_mixin.py:188} INFO - [2026-06-08T10:01:18.103+0000] {dag.py:3947} INFO - Setting next_dagrun for ecommerce_distributed_dw_etl to None, run_after=None
[2026-06-08T10:01:18.113+0000] {processor.py:183} INFO - Processing /opt/airflow/dags/ecommerce_etl_dag.py took 0.069 seconds
[2026-06-08T10:01:48.435+0000] {processor.py:161} INFO - Started process (PID=1026) to work on /opt/airflow/dags/ecommerce_etl_dag.py
[2026-06-08T10:01:48.437+0000] {processor.py:830} INFO - Processing file /opt/airflow/dags/ecommerce_etl_dag.py for tasks to queue
[2026-06-08T10:01:48.441+0000] {logging_mixin.py:188} INFO - [2026-06-08T10:01:48.441+0000] {dagbag.py:545} INFO - Filling up the DagBag from /opt/airflow/dags/ecommerce_etl_dag.py
[2026-06-08T10:01:48.457+0000] {processor.py:840} INFO - DAG(s) 'ecommerce_distributed_dw_etl' retrieved from /opt/airflow/dags/ecommerce_etl_dag.py
[2026-06-08T10:01:48.487+0000] {logging_mixin.py:188} INFO - [2026-06-08T10:01:48.487+0000] {dag.py:3089} INFO - Sync 1 DAGs
[2026-06-08T10:01:48.495+0000] {logging_mixin.py:188} INFO - [2026-06-08T10:01:48.495+0000] {dag.py:3947} INFO - Setting next_dagrun for ecommerce_distributed_dw_etl to None, run_after=None
[2026-06-08T10:01:48.504+0000] {processor.py:183} INFO - Processing /opt/airflow/dags/ecommerce_etl_dag.py took 0.085 seconds
[2026-06-08T10:02:18.864+0000] {processor.py:161} INFO - Started process (PID=1031) to work on /opt/airflow/dags/ecommerce_etl_dag.py
[2026-06-08T10:02:18.865+0000] {processor.py:830} INFO - Processing file /opt/airflow/dags/ecommerce_etl_dag.py for tasks to queue
[2026-06-08T10:02:18.868+0000] {logging_mixin.py:188} INFO - [2026-06-08T10:02:18.868+0000] {dagbag.py:545} INFO - Filling up the DagBag from /opt/airflow/dags/ecommerce_etl_dag.py
[2026-06-08T10:02:18.890+0000] {processor.py:840} INFO - DAG(s) 'ecommerce_distributed_dw_etl' retrieved from /opt/airflow/dags/ecommerce_etl_dag.py
[2026-06-08T10:02:18.917+0000] {logging_mixin.py:188} INFO - [2026-06-08T10:02:18.917+0000] {dag.py:3089} INFO - Sync 1 DAGs
[2026-06-08T10:02:18.925+0000] {logging_mixin.py:188} INFO - [2026-06-08T10:02:18.925+0000] {dag.py:3947} INFO - Setting next_dagrun for ecommerce_distributed_dw_etl to None, run_after=None
[2026-06-08T10:02:18.935+0000] {processor.py:183} INFO - Processing /opt/airflow/dags/ecommerce_etl_dag.py took 0.077 seconds
[2026-06-08T10:13:34.937+0000] {processor.py:161} INFO - Started process (PID=1036) to work on /opt/airflow/dags/ecommerce_etl_dag.py
[2026-06-08T10:13:34.938+0000] {processor.py:830} INFO - Processing file /opt/airflow/dags/ecommerce_etl_dag.py for tasks to queue
[2026-06-08T10:13:34.942+0000] {logging_mixin.py:188} INFO - [2026-06-08T10:13:34.941+0000] {dagbag.py:545} INFO - Filling up the DagBag from /opt/airflow/dags/ecommerce_etl_dag.py
[2026-06-08T10:13:34.955+0000] {processor.py:840} INFO - DAG(s) 'ecommerce_distributed_dw_etl' retrieved from /opt/airflow/dags/ecommerce_etl_dag.py
[2026-06-08T10:13:34.982+0000] {logging_mixin.py:188} INFO - [2026-06-08T10:13:34.981+0000] {dag.py:3089} INFO - Sync 1 DAGs
[2026-06-08T10:13:34.991+0000] {logging_mixin.py:188} INFO - [2026-06-08T10:13:34.991+0000] {dag.py:3947} INFO - Setting next_dagrun for ecommerce_distributed_dw_etl to None, run_after=None
[2026-06-08T10:13:35.001+0000] {processor.py:183} INFO - Processing /opt/airflow/dags/ecommerce_etl_dag.py took 0.074 seconds
[2026-06-08T10:47:15.979+0000] {processor.py:161} INFO - Started process (PID=1041) to work on /opt/airflow/dags/ecommerce_etl_dag.py
[2026-06-08T10:47:15.980+0000] {processor.py:830} INFO - Processing file /opt/airflow/dags/ecommerce_etl_dag.py for tasks to queue
[2026-06-08T10:47:15.982+0000] {logging_mixin.py:188} INFO - [2026-06-08T10:47:15.982+0000] {dagbag.py:545} INFO - Filling up the DagBag from /opt/airflow/dags/ecommerce_etl_dag.py
[2026-06-08T10:47:15.994+0000] {processor.py:840} INFO - DAG(s) 'ecommerce_distributed_dw_etl' retrieved from /opt/airflow/dags/ecommerce_etl_dag.py
[2026-06-08T10:47:16.019+0000] {logging_mixin.py:188} INFO - [2026-06-08T10:47:16.019+0000] {dag.py:3089} INFO - Sync 1 DAGs
[2026-06-08T10:47:16.026+0000] {logging_mixin.py:188} INFO - [2026-06-08T10:47:16.026+0000] {dag.py:3947} INFO - Setting next_dagrun for ecommerce_distributed_dw_etl to None, run_after=None
[2026-06-08T10:47:16.036+0000] {processor.py:183} INFO - Processing /opt/airflow/dags/ecommerce_etl_dag.py took 0.063 seconds
[2026-06-08T10:50:27.989+0000] {processor.py:161} INFO - Started process (PID=1046) to work on /opt/airflow/dags/ecommerce_etl_dag.py
[2026-06-08T10:50:27.994+0000] {processor.py:830} INFO - Processing file /opt/airflow/dags/ecommerce_etl_dag.py for tasks to queue
[2026-06-08T10:50:28.004+0000] {logging_mixin.py:188} INFO - [2026-06-08T10:50:28.003+0000] {dagbag.py:545} INFO - Filling up the DagBag from /opt/airflow/dags/ecommerce_etl_dag.py
[2026-06-08T10:50:28.037+0000] {processor.py:840} INFO - DAG(s) 'ecommerce_distributed_dw_etl' retrieved from /opt/airflow/dags/ecommerce_etl_dag.py
[2026-06-08T10:50:28.088+0000] {logging_mixin.py:188} INFO - [2026-06-08T10:50:28.088+0000] {dag.py:3089} INFO - Sync 1 DAGs
[2026-06-08T10:50:28.101+0000] {logging_mixin.py:188} INFO - [2026-06-08T10:50:28.101+0000] {dag.py:3947} INFO - Setting next_dagrun for ecommerce_distributed_dw_etl to None, run_after=None
[2026-06-08T10:50:28.117+0000] {processor.py:183} INFO - Processing /opt/airflow/dags/ecommerce_etl_dag.py took 0.151 seconds
[2026-06-08T11:21:30.308+0000] {processor.py:161} INFO - Started process (PID=1051) to work on /opt/airflow/dags/ecommerce_etl_dag.py
[2026-06-08T11:21:30.318+0000] {processor.py:830} INFO - Processing file /opt/airflow/dags/ecommerce_etl_dag.py for tasks to queue
[2026-06-08T11:21:30.324+0000] {logging_mixin.py:188} INFO - [2026-06-08T11:21:30.323+0000] {dagbag.py:545} INFO - Filling up the DagBag from /opt/airflow/dags/ecommerce_etl_dag.py
[2026-06-08T11:21:30.345+0000] {processor.py:840} INFO - DAG(s) 'ecommerce_distributed_dw_etl' retrieved from /opt/airflow/dags/ecommerce_etl_dag.py
[2026-06-08T11:21:30.382+0000] {logging_mixin.py:188} INFO - [2026-06-08T11:21:30.382+0000] {dag.py:3089} INFO - Sync 1 DAGs
[2026-06-08T11:21:30.406+0000] {logging_mixin.py:188} INFO - [2026-06-08T11:21:30.404+0000] {dag.py:3947} INFO - Setting next_dagrun for ecommerce_distributed_dw_etl to None, run_after=None
[2026-06-08T11:21:30.418+0000] {processor.py:183} INFO - Processing /opt/airflow/dags/ecommerce_etl_dag.py took 0.123 seconds
[2026-06-08T11:39:57.865+0000] {processor.py:161} INFO - Started process (PID=1056) to work on /opt/airflow/dags/ecommerce_etl_dag.py
[2026-06-08T11:39:57.866+0000] {processor.py:830} INFO - Processing file /opt/airflow/dags/ecommerce_etl_dag.py for tasks to queue
[2026-06-08T11:39:57.870+0000] {logging_mixin.py:188} INFO - [2026-06-08T11:39:57.870+0000] {dagbag.py:545} INFO - Filling up the DagBag from /opt/airflow/dags/ecommerce_etl_dag.py
[2026-06-08T11:39:57.887+0000] {processor.py:840} INFO - DAG(s) 'ecommerce_distributed_dw_etl' retrieved from /opt/airflow/dags/ecommerce_etl_dag.py
[2026-06-08T11:39:57.923+0000] {logging_mixin.py:188} INFO - [2026-06-08T11:39:57.922+0000] {dag.py:3089} INFO - Sync 1 DAGs
[2026-06-08T11:39:57.938+0000] {logging_mixin.py:188} INFO - [2026-06-08T11:39:57.937+0000] {dag.py:3947} INFO - Setting next_dagrun for ecommerce_distributed_dw_etl to None, run_after=None
[2026-06-08T11:39:57.949+0000] {processor.py:183} INFO - Processing /opt/airflow/dags/ecommerce_etl_dag.py took 0.095 seconds
[2026-06-08T12:15:19.409+0000] {processor.py:161} INFO - Started process (PID=1061) to work on /opt/airflow/dags/ecommerce_etl_dag.py
[2026-06-08T12:15:19.410+0000] {processor.py:830} INFO - Processing file /opt/airflow/dags/ecommerce_etl_dag.py for tasks to queue
[2026-06-08T12:15:19.414+0000] {logging_mixin.py:188} INFO - [2026-06-08T12:15:19.414+0000] {dagbag.py:545} INFO - Filling up the DagBag from /opt/airflow/dags/ecommerce_etl_dag.py
[2026-06-08T12:15:19.431+0000] {processor.py:840} INFO - DAG(s) 'ecommerce_distributed_dw_etl' retrieved from /opt/airflow/dags/ecommerce_etl_dag.py
[2026-06-08T12:15:19.461+0000] {logging_mixin.py:188} INFO - [2026-06-08T12:15:19.461+0000] {dag.py:3089} INFO - Sync 1 DAGs
[2026-06-08T12:15:19.472+0000] {logging_mixin.py:188} INFO - [2026-06-08T12:15:19.472+0000] {dag.py:3947} INFO - Setting next_dagrun for ecommerce_distributed_dw_etl to None, run_after=None
[2026-06-08T12:15:19.482+0000] {processor.py:183} INFO - Processing /opt/airflow/dags/ecommerce_etl_dag.py took 0.083 seconds
[2026-06-08T12:30:00.711+0000] {processor.py:161} INFO - Started process (PID=1066) to work on /opt/airflow/dags/ecommerce_etl_dag.py
[2026-06-08T12:30:00.713+0000] {processor.py:830} INFO - Processing file /opt/airflow/dags/ecommerce_etl_dag.py for tasks to queue
[2026-06-08T12:30:00.716+0000] {logging_mixin.py:188} INFO - [2026-06-08T12:30:00.715+0000] {dagbag.py:545} INFO - Filling up the DagBag from /opt/airflow/dags/ecommerce_etl_dag.py
[2026-06-08T12:30:00.729+0000] {processor.py:840} INFO - DAG(s) 'ecommerce_distributed_dw_etl' retrieved from /opt/airflow/dags/ecommerce_etl_dag.py
[2026-06-08T12:30:00.756+0000] {logging_mixin.py:188} INFO - [2026-06-08T12:30:00.755+0000] {dag.py:3089} INFO - Sync 1 DAGs
[2026-06-08T12:30:00.764+0000] {logging_mixin.py:188} INFO - [2026-06-08T12:30:00.764+0000] {dag.py:3947} INFO - Setting next_dagrun for ecommerce_distributed_dw_etl to None, run_after=None
[2026-06-08T12:30:00.774+0000] {processor.py:183} INFO - Processing /opt/airflow/dags/ecommerce_etl_dag.py took 0.073 seconds
[2026-06-08T12:45:51.081+0000] {processor.py:161} INFO - Started process (PID=1071) to work on /opt/airflow/dags/ecommerce_etl_dag.py
[2026-06-08T12:45:51.082+0000] {processor.py:830} INFO - Processing file /opt/airflow/dags/ecommerce_etl_dag.py for tasks to queue
[2026-06-08T12:45:51.084+0000] {logging_mixin.py:188} INFO - [2026-06-08T12:45:51.084+0000] {dagbag.py:545} INFO - Filling up the DagBag from /opt/airflow/dags/ecommerce_etl_dag.py
[2026-06-08T12:45:51.096+0000] {processor.py:840} INFO - DAG(s) 'ecommerce_distributed_dw_etl' retrieved from /opt/airflow/dags/ecommerce_etl_dag.py
[2026-06-08T12:45:51.122+0000] {logging_mixin.py:188} INFO - [2026-06-08T12:45:51.122+0000] {dag.py:3089} INFO - Sync 1 DAGs
[2026-06-08T12:45:51.130+0000] {logging_mixin.py:188} INFO - [2026-06-08T12:45:51.130+0000] {dag.py:3947} INFO - Setting next_dagrun for ecommerce_distributed_dw_etl to None, run_after=None
[2026-06-08T12:45:51.139+0000] {processor.py:183} INFO - Processing /opt/airflow/dags/ecommerce_etl_dag.py took 0.065 seconds
[2026-06-08T13:49:14.685+0000] {processor.py:161} INFO - Started process (PID=1076) to work on /opt/airflow/dags/ecommerce_etl_dag.py
[2026-06-08T13:49:14.686+0000] {processor.py:830} INFO - Processing file /opt/airflow/dags/ecommerce_etl_dag.py for tasks to queue
[2026-06-08T13:49:14.689+0000] {logging_mixin.py:188} INFO - [2026-06-08T13:49:14.689+0000] {dagbag.py:545} INFO - Filling up the DagBag from /opt/airflow/dags/ecommerce_etl_dag.py
[2026-06-08T13:49:14.711+0000] {processor.py:840} INFO - DAG(s) 'ecommerce_distributed_dw_etl' retrieved from /opt/airflow/dags/ecommerce_etl_dag.py
[2026-06-08T13:49:14.764+0000] {logging_mixin.py:188} INFO - [2026-06-08T13:49:14.764+0000] {dag.py:3089} INFO - Sync 1 DAGs
[2026-06-08T13:49:14.778+0000] {logging_mixin.py:188} INFO - [2026-06-08T13:49:14.778+0000] {dag.py:3947} INFO - Setting next_dagrun for ecommerce_distributed_dw_etl to None, run_after=None
[2026-06-08T13:49:14.795+0000] {processor.py:183} INFO - Processing /opt/airflow/dags/ecommerce_etl_dag.py took 0.121 seconds
[2026-06-08T14:34:43.913+0000] {processor.py:161} INFO - Started process (PID=1081) to work on /opt/airflow/dags/ecommerce_etl_dag.py
[2026-06-08T14:34:43.915+0000] {processor.py:830} INFO - Processing file /opt/airflow/dags/ecommerce_etl_dag.py for tasks to queue
[2026-06-08T14:34:43.917+0000] {logging_mixin.py:188} INFO - [2026-06-08T14:34:43.917+0000] {dagbag.py:545} INFO - Filling up the DagBag from /opt/airflow/dags/ecommerce_etl_dag.py
[2026-06-08T14:34:43.931+0000] {processor.py:840} INFO - DAG(s) 'ecommerce_distributed_dw_etl' retrieved from /opt/airflow/dags/ecommerce_etl_dag.py
[2026-06-08T14:34:43.962+0000] {logging_mixin.py:188} INFO - [2026-06-08T14:34:43.962+0000] {dag.py:3089} INFO - Sync 1 DAGs
[2026-06-08T14:34:43.976+0000] {logging_mixin.py:188} INFO - [2026-06-08T14:34:43.976+0000] {dag.py:3947} INFO - Setting next_dagrun for ecommerce_distributed_dw_etl to None, run_after=None
[2026-06-08T14:34:44.144+0000] {processor.py:183} INFO - Processing /opt/airflow/dags/ecommerce_etl_dag.py took 0.244 seconds
[2026-06-08T14:36:57.763+0000] {processor.py:161} INFO - Started process (PID=1086) to work on /opt/airflow/dags/ecommerce_etl_dag.py
[2026-06-08T14:36:57.765+0000] {processor.py:830} INFO - Processing file /opt/airflow/dags/ecommerce_etl_dag.py for tasks to queue
[2026-06-08T14:36:57.767+0000] {logging_mixin.py:188} INFO - [2026-06-08T14:36:57.767+0000] {dagbag.py:545} INFO - Filling up the DagBag from /opt/airflow/dags/ecommerce_etl_dag.py
[2026-06-08T14:36:57.787+0000] {processor.py:840} INFO - DAG(s) 'ecommerce_distributed_dw_etl' retrieved from /opt/airflow/dags/ecommerce_etl_dag.py
[2026-06-08T14:36:57.819+0000] {logging_mixin.py:188} INFO - [2026-06-08T14:36:57.819+0000] {dag.py:3089} INFO - Sync 1 DAGs
[2026-06-08T14:36:57.828+0000] {logging_mixin.py:188} INFO - [2026-06-08T14:36:57.827+0000] {dag.py:3947} INFO - Setting next_dagrun for ecommerce_distributed_dw_etl to None, run_after=None
[2026-06-08T14:36:57.838+0000] {processor.py:183} INFO - Processing /opt/airflow/dags/ecommerce_etl_dag.py took 0.083 seconds
[2026-06-08T14:50:53.714+0000] {processor.py:161} INFO - Started process (PID=1091) to work on /opt/airflow/dags/ecommerce_etl_dag.py
[2026-06-08T14:50:53.715+0000] {processor.py:830} INFO - Processing file /opt/airflow/dags/ecommerce_etl_dag.py for tasks to queue
[2026-06-08T14:50:53.718+0000] {logging_mixin.py:188} INFO - [2026-06-08T14:50:53.718+0000] {dagbag.py:545} INFO - Filling up the DagBag from /opt/airflow/dags/ecommerce_etl_dag.py
[2026-06-08T14:50:53.738+0000] {processor.py:840} INFO - DAG(s) 'ecommerce_distributed_dw_etl' retrieved from /opt/airflow/dags/ecommerce_etl_dag.py
[2026-06-08T14:50:53.763+0000] {logging_mixin.py:188} INFO - [2026-06-08T14:50:53.763+0000] {dag.py:3089} INFO - Sync 1 DAGs
[2026-06-08T14:50:53.773+0000] {logging_mixin.py:188} INFO - [2026-06-08T14:50:53.773+0000] {dag.py:3947} INFO - Setting next_dagrun for ecommerce_distributed_dw_etl to None, run_after=None
[2026-06-08T14:50:53.782+0000] {processor.py:183} INFO - Processing /opt/airflow/dags/ecommerce_etl_dag.py took 0.076 seconds
[2026-06-08T14:51:24.078+0000] {processor.py:161} INFO - Started process (PID=1096) to work on /opt/airflow/dags/ecommerce_etl_dag.py
[2026-06-08T14:51:24.079+0000] {processor.py:830} INFO - Processing file /opt/airflow/dags/ecommerce_etl_dag.py for tasks to queue
[2026-06-08T14:51:24.082+0000] {logging_mixin.py:188} INFO - [2026-06-08T14:51:24.082+0000] {dagbag.py:545} INFO - Filling up the DagBag from /opt/airflow/dags/ecommerce_etl_dag.py
[2026-06-08T14:51:24.097+0000] {processor.py:840} INFO - DAG(s) 'ecommerce_distributed_dw_etl' retrieved from /opt/airflow/dags/ecommerce_etl_dag.py
[2026-06-08T14:51:24.124+0000] {logging_mixin.py:188} INFO - [2026-06-08T14:51:24.124+0000] {dag.py:3089} INFO - Sync 1 DAGs
[2026-06-08T14:51:24.133+0000] {logging_mixin.py:188} INFO - [2026-06-08T14:51:24.132+0000] {dag.py:3947} INFO - Setting next_dagrun for ecommerce_distributed_dw_etl to None, run_after=None
[2026-06-08T14:51:24.142+0000] {processor.py:183} INFO - Processing /opt/airflow/dags/ecommerce_etl_dag.py took 0.074 seconds
[2026-06-08T14:51:54.388+0000] {processor.py:161} INFO - Started process (PID=1101) to work on /opt/airflow/dags/ecommerce_etl_dag.py
[2026-06-08T14:51:54.389+0000] {processor.py:830} INFO - Processing file /opt/airflow/dags/ecommerce_etl_dag.py for tasks to queue
[2026-06-08T14:51:54.392+0000] {logging_mixin.py:188} INFO - [2026-06-08T14:51:54.392+0000] {dagbag.py:545} INFO - Filling up the DagBag from /opt/airflow/dags/ecommerce_etl_dag.py
[2026-06-08T14:51:54.404+0000] {processor.py:840} INFO - DAG(s) 'ecommerce_distributed_dw_etl' retrieved from /opt/airflow/dags/ecommerce_etl_dag.py
[2026-06-08T14:51:54.433+0000] {logging_mixin.py:188} INFO - [2026-06-08T14:51:54.433+0000] {dag.py:3089} INFO - Sync 1 DAGs
[2026-06-08T14:51:54.446+0000] {logging_mixin.py:188} INFO - [2026-06-08T14:51:54.446+0000] {dag.py:3947} INFO - Setting next_dagrun for ecommerce_distributed_dw_etl to None, run_after=None
[2026-06-08T14:51:54.470+0000] {processor.py:183} INFO - Processing /opt/airflow/dags/ecommerce_etl_dag.py took 0.087 seconds
[2026-06-08T14:52:24.743+0000] {processor.py:161} INFO - Started process (PID=1106) to work on /opt/airflow/dags/ecommerce_etl_dag.py
[2026-06-08T14:52:24.744+0000] {processor.py:830} INFO - Processing file /opt/airflow/dags/ecommerce_etl_dag.py for tasks to queue
[2026-06-08T14:52:24.746+0000] {logging_mixin.py:188} INFO - [2026-06-08T14:52:24.746+0000] {dagbag.py:545} INFO - Filling up the DagBag from /opt/airflow/dags/ecommerce_etl_dag.py
[2026-06-08T14:52:24.756+0000] {processor.py:840} INFO - DAG(s) 'ecommerce_distributed_dw_etl' retrieved from /opt/airflow/dags/ecommerce_etl_dag.py
[2026-06-08T14:52:24.782+0000] {logging_mixin.py:188} INFO - [2026-06-08T14:52:24.782+0000] {dag.py:3089} INFO - Sync 1 DAGs
[2026-06-08T14:52:24.791+0000] {logging_mixin.py:188} INFO - [2026-06-08T14:52:24.791+0000] {dag.py:3947} INFO - Setting next_dagrun for ecommerce_distributed_dw_etl to None, run_after=None
[2026-06-08T14:52:24.801+0000] {processor.py:183} INFO - Processing /opt/airflow/dags/ecommerce_etl_dag.py took 0.064 seconds
[2026-06-08T14:52:55.092+0000] {processor.py:161} INFO - Started process (PID=1111) to work on /opt/airflow/dags/ecommerce_etl_dag.py
[2026-06-08T14:52:55.094+0000] {processor.py:830} INFO - Processing file /opt/airflow/dags/ecommerce_etl_dag.py for tasks to queue
[2026-06-08T14:52:55.096+0000] {logging_mixin.py:188} INFO - [2026-06-08T14:52:55.095+0000] {dagbag.py:545} INFO - Filling up the DagBag from /opt/airflow/dags/ecommerce_etl_dag.py
[2026-06-08T14:52:55.108+0000] {processor.py:840} INFO - DAG(s) 'ecommerce_distributed_dw_etl' retrieved from /opt/airflow/dags/ecommerce_etl_dag.py
[2026-06-08T14:52:55.141+0000] {logging_mixin.py:188} INFO - [2026-06-08T14:52:55.140+0000] {dag.py:3089} INFO - Sync 1 DAGs
[2026-06-08T14:52:55.148+0000] {logging_mixin.py:188} INFO - [2026-06-08T14:52:55.148+0000] {dag.py:3947} INFO - Setting next_dagrun for ecommerce_distributed_dw_etl to None, run_after=None
[2026-06-08T14:52:55.158+0000] {processor.py:183} INFO - Processing /opt/airflow/dags/ecommerce_etl_dag.py took 0.074 seconds
[2026-06-08T14:53:25.464+0000] {processor.py:161} INFO - Started process (PID=1116) to work on /opt/airflow/dags/ecommerce_etl_dag.py
[2026-06-08T14:53:25.465+0000] {processor.py:830} INFO - Processing file /opt/airflow/dags/ecommerce_etl_dag.py for tasks to queue
[2026-06-08T14:53:25.468+0000] {logging_mixin.py:188} INFO - [2026-06-08T14:53:25.468+0000] {dagbag.py:545} INFO - Filling up the DagBag from /opt/airflow/dags/ecommerce_etl_dag.py
[2026-06-08T14:53:25.485+0000] {processor.py:840} INFO - DAG(s) 'ecommerce_distributed_dw_etl' retrieved from /opt/airflow/dags/ecommerce_etl_dag.py
[2026-06-08T14:53:25.517+0000] {logging_mixin.py:188} INFO - [2026-06-08T14:53:25.517+0000] {dag.py:3089} INFO - Sync 1 DAGs
[2026-06-08T14:53:25.526+0000] {logging_mixin.py:188} INFO - [2026-06-08T14:53:25.526+0000] {dag.py:3947} INFO - Setting next_dagrun for ecommerce_distributed_dw_etl to None, run_after=None
[2026-06-08T14:53:25.536+0000] {processor.py:183} INFO - Processing /opt/airflow/dags/ecommerce_etl_dag.py took 0.084 seconds
[2026-06-08T14:53:55.768+0000] {processor.py:161} INFO - Started process (PID=1121) to work on /opt/airflow/dags/ecommerce_etl_dag.py
[2026-06-08T14:53:55.769+0000] {processor.py:830} INFO - Processing file /opt/airflow/dags/ecommerce_etl_dag.py for tasks to queue
[2026-06-08T14:53:55.771+0000] {logging_mixin.py:188} INFO - [2026-06-08T14:53:55.770+0000] {dagbag.py:545} INFO - Filling up the DagBag from /opt/airflow/dags/ecommerce_etl_dag.py
[2026-06-08T14:53:55.781+0000] {processor.py:840} INFO - DAG(s) 'ecommerce_distributed_dw_etl' retrieved from /opt/airflow/dags/ecommerce_etl_dag.py
[2026-06-08T14:53:55.805+0000] {logging_mixin.py:188} INFO - [2026-06-08T14:53:55.805+0000] {dag.py:3089} INFO - Sync 1 DAGs
[2026-06-08T14:53:55.812+0000] {logging_mixin.py:188} INFO - [2026-06-08T14:53:55.811+0000] {dag.py:3947} INFO - Setting next_dagrun for ecommerce_distributed_dw_etl to None, run_after=None
[2026-06-08T14:53:55.820+0000] {processor.py:183} INFO - Processing /opt/airflow/dags/ecommerce_etl_dag.py took 0.059 seconds
[2026-06-08T14:54:26.204+0000] {processor.py:161} INFO - Started process (PID=1126) to work on /opt/airflow/dags/ecommerce_etl_dag.py
[2026-06-08T14:54:26.205+0000] {processor.py:830} INFO - Processing file /opt/airflow/dags/ecommerce_etl_dag.py for tasks to queue
[2026-06-08T14:54:26.207+0000] {logging_mixin.py:188} INFO - [2026-06-08T14:54:26.207+0000] {dagbag.py:545} INFO - Filling up the DagBag from /opt/airflow/dags/ecommerce_etl_dag.py
[2026-06-08T14:54:26.219+0000] {processor.py:840} INFO - DAG(s) 'ecommerce_distributed_dw_etl' retrieved from /opt/airflow/dags/ecommerce_etl_dag.py
[2026-06-08T14:54:26.247+0000] {logging_mixin.py:188} INFO - [2026-06-08T14:54:26.247+0000] {dag.py:3089} INFO - Sync 1 DAGs
[2026-06-08T14:54:26.255+0000] {logging_mixin.py:188} INFO - [2026-06-08T14:54:26.255+0000] {dag.py:3947} INFO - Setting next_dagrun for ecommerce_distributed_dw_etl to None, run_after=None
[2026-06-08T14:54:26.264+0000] {processor.py:183} INFO - Processing /opt/airflow/dags/ecommerce_etl_dag.py took 0.067 seconds
[2026-06-08T14:54:56.532+0000] {processor.py:161} INFO - Started process (PID=1131) to work on /opt/airflow/dags/ecommerce_etl_dag.py
[2026-06-08T14:54:56.533+0000] {processor.py:830} INFO - Processing file /opt/airflow/dags/ecommerce_etl_dag.py for tasks to queue
[2026-06-08T14:54:56.537+0000] {logging_mixin.py:188} INFO - [2026-06-08T14:54:56.536+0000] {dagbag.py:545} INFO - Filling up the DagBag from /opt/airflow/dags/ecommerce_etl_dag.py
[2026-06-08T14:54:56.552+0000] {processor.py:840} INFO - DAG(s) 'ecommerce_distributed_dw_etl' retrieved from /opt/airflow/dags/ecommerce_etl_dag.py
[2026-06-08T14:54:56.580+0000] {logging_mixin.py:188} INFO - [2026-06-08T14:54:56.580+0000] {dag.py:3089} INFO - Sync 1 DAGs
[2026-06-08T14:54:56.588+0000] {logging_mixin.py:188} INFO - [2026-06-08T14:54:56.588+0000] {dag.py:3947} INFO - Setting next_dagrun for ecommerce_distributed_dw_etl to None, run_after=None
[2026-06-08T14:54:56.597+0000] {processor.py:183} INFO - Processing /opt/airflow/dags/ecommerce_etl_dag.py took 0.075 seconds
[2026-06-08T14:55:26.889+0000] {processor.py:161} INFO - Started process (PID=1136) to work on /opt/airflow/dags/ecommerce_etl_dag.py
[2026-06-08T14:55:26.890+0000] {processor.py:830} INFO - Processing file /opt/airflow/dags/ecommerce_etl_dag.py for tasks to queue
[2026-06-08T14:55:26.892+0000] {logging_mixin.py:188} INFO - [2026-06-08T14:55:26.891+0000] {dagbag.py:545} INFO - Filling up the DagBag from /opt/airflow/dags/ecommerce_etl_dag.py
[2026-06-08T14:55:26.902+0000] {processor.py:840} INFO - DAG(s) 'ecommerce_distributed_dw_etl' retrieved from /opt/airflow/dags/ecommerce_etl_dag.py
[2026-06-08T14:55:26.930+0000] {logging_mixin.py:188} INFO - [2026-06-08T14:55:26.929+0000] {dag.py:3089} INFO - Sync 1 DAGs
[2026-06-08T14:55:26.937+0000] {logging_mixin.py:188} INFO - [2026-06-08T14:55:26.937+0000] {dag.py:3947} INFO - Setting next_dagrun for ecommerce_distributed_dw_etl to None, run_after=None
[2026-06-08T14:55:26.946+0000] {processor.py:183} INFO - Processing /opt/airflow/dags/ecommerce_etl_dag.py took 0.064 seconds
[2026-06-08T14:55:57.279+0000] {processor.py:161} INFO - Started process (PID=1141) to work on /opt/airflow/dags/ecommerce_etl_dag.py
[2026-06-08T14:55:57.280+0000] {processor.py:830} INFO - Processing file /opt/airflow/dags/ecommerce_etl_dag.py for tasks to queue
[2026-06-08T14:55:57.282+0000] {logging_mixin.py:188} INFO - [2026-06-08T14:55:57.282+0000] {dagbag.py:545} INFO - Filling up the DagBag from /opt/airflow/dags/ecommerce_etl_dag.py
[2026-06-08T14:55:57.293+0000] {processor.py:840} INFO - DAG(s) 'ecommerce_distributed_dw_etl' retrieved from /opt/airflow/dags/ecommerce_etl_dag.py
[2026-06-08T14:55:57.321+0000] {logging_mixin.py:188} INFO - [2026-06-08T14:55:57.320+0000] {dag.py:3089} INFO - Sync 1 DAGs
[2026-06-08T14:55:57.328+0000] {logging_mixin.py:188} INFO - [2026-06-08T14:55:57.328+0000] {dag.py:3947} INFO - Setting next_dagrun for ecommerce_distributed_dw_etl to None, run_after=None
[2026-06-08T14:55:57.338+0000] {processor.py:183} INFO - Processing /opt/airflow/dags/ecommerce_etl_dag.py took 0.066 seconds
[2026-06-08T14:56:27.723+0000] {processor.py:161} INFO - Started process (PID=1146) to work on /opt/airflow/dags/ecommerce_etl_dag.py
[2026-06-08T14:56:27.724+0000] {processor.py:830} INFO - Processing file /opt/airflow/dags/ecommerce_etl_dag.py for tasks to queue
[2026-06-08T14:56:27.729+0000] {logging_mixin.py:188} INFO - [2026-06-08T14:56:27.728+0000] {dagbag.py:545} INFO - Filling up the DagBag from /opt/airflow/dags/ecommerce_etl_dag.py
[2026-06-08T14:56:27.750+0000] {processor.py:840} INFO - DAG(s) 'ecommerce_distributed_dw_etl' retrieved from /opt/airflow/dags/ecommerce_etl_dag.py
[2026-06-08T14:56:27.783+0000] {logging_mixin.py:188} INFO - [2026-06-08T14:56:27.783+0000] {dag.py:3089} INFO - Sync 1 DAGs
[2026-06-08T14:56:27.793+0000] {logging_mixin.py:188} INFO - [2026-06-08T14:56:27.793+0000] {dag.py:3947} INFO - Setting next_dagrun for ecommerce_distributed_dw_etl to None, run_after=None
[2026-06-08T14:56:27.804+0000] {processor.py:183} INFO - Processing /opt/airflow/dags/ecommerce_etl_dag.py took 0.094 seconds
[2026-06-08T14:56:58.144+0000] {processor.py:161} INFO - Started process (PID=1151) to work on /opt/airflow/dags/ecommerce_etl_dag.py
[2026-06-08T14:56:58.146+0000] {processor.py:830} INFO - Processing file /opt/airflow/dags/ecommerce_etl_dag.py for tasks to queue
[2026-06-08T14:56:58.149+0000] {logging_mixin.py:188} INFO - [2026-06-08T14:56:58.149+0000] {dagbag.py:545} INFO - Filling up the DagBag from /opt/airflow/dags/ecommerce_etl_dag.py
[2026-06-08T14:56:58.160+0000] {processor.py:840} INFO - DAG(s) 'ecommerce_distributed_dw_etl' retrieved from /opt/airflow/dags/ecommerce_etl_dag.py
[2026-06-08T14:56:58.192+0000] {logging_mixin.py:188} INFO - [2026-06-08T14:56:58.192+0000] {dag.py:3089} INFO - Sync 1 DAGs
[2026-06-08T14:56:58.203+0000] {logging_mixin.py:188} INFO - [2026-06-08T14:56:58.202+0000] {dag.py:3947} INFO - Setting next_dagrun for ecommerce_distributed_dw_etl to None, run_after=None
[2026-06-08T14:56:58.214+0000] {processor.py:183} INFO - Processing /opt/airflow/dags/ecommerce_etl_dag.py took 0.083 seconds
[2026-06-08T14:57:28.552+0000] {processor.py:161} INFO - Started process (PID=1156) to work on /opt/airflow/dags/ecommerce_etl_dag.py
[2026-06-08T14:57:28.553+0000] {processor.py:830} INFO - Processing file /opt/airflow/dags/ecommerce_etl_dag.py for tasks to queue
[2026-06-08T14:57:28.557+0000] {logging_mixin.py:188} INFO - [2026-06-08T14:57:28.556+0000] {dagbag.py:545} INFO - Filling up the DagBag from /opt/airflow/dags/ecommerce_etl_dag.py
[2026-06-08T14:57:28.572+0000] {processor.py:840} INFO - DAG(s) 'ecommerce_distributed_dw_etl' retrieved from /opt/airflow/dags/ecommerce_etl_dag.py
[2026-06-08T14:57:28.606+0000] {logging_mixin.py:188} INFO - [2026-06-08T14:57:28.606+0000] {dag.py:3089} INFO - Sync 1 DAGs
[2026-06-08T14:57:28.615+0000] {logging_mixin.py:188} INFO - [2026-06-08T14:57:28.614+0000] {dag.py:3947} INFO - Setting next_dagrun for ecommerce_distributed_dw_etl to None, run_after=None
[2026-06-08T14:57:28.624+0000] {processor.py:183} INFO - Processing /opt/airflow/dags/ecommerce_etl_dag.py took 0.083 seconds
[2026-06-08T14:57:58.978+0000] {processor.py:161} INFO - Started process (PID=1161) to work on /opt/airflow/dags/ecommerce_etl_dag.py
[2026-06-08T14:57:58.979+0000] {processor.py:830} INFO - Processing file /opt/airflow/dags/ecommerce_etl_dag.py for tasks to queue
[2026-06-08T14:57:58.982+0000] {logging_mixin.py:188} INFO - [2026-06-08T14:57:58.982+0000] {dagbag.py:545} INFO - Filling up the DagBag from /opt/airflow/dags/ecommerce_etl_dag.py
[2026-06-08T14:57:58.992+0000] {processor.py:840} INFO - DAG(s) 'ecommerce_distributed_dw_etl' retrieved from /opt/airflow/dags/ecommerce_etl_dag.py
[2026-06-08T14:57:59.023+0000] {logging_mixin.py:188} INFO - [2026-06-08T14:57:59.022+0000] {dag.py:3089} INFO - Sync 1 DAGs
[2026-06-08T14:57:59.039+0000] {logging_mixin.py:188} INFO - [2026-06-08T14:57:59.039+0000] {dag.py:3947} INFO - Setting next_dagrun for ecommerce_distributed_dw_etl to None, run_after=None
[2026-06-08T14:57:59.093+0000] {processor.py:183} INFO - Processing /opt/airflow/dags/ecommerce_etl_dag.py took 0.122 seconds
[2026-06-08T14:58:29.391+0000] {processor.py:161} INFO - Started process (PID=1166) to work on /opt/airflow/dags/ecommerce_etl_dag.py
[2026-06-08T14:58:29.392+0000] {processor.py:830} INFO - Processing file /opt/airflow/dags/ecommerce_etl_dag.py for tasks to queue
[2026-06-08T14:58:29.394+0000] {logging_mixin.py:188} INFO - [2026-06-08T14:58:29.394+0000] {dagbag.py:545} INFO - Filling up the DagBag from /opt/airflow/dags/ecommerce_etl_dag.py
[2026-06-08T14:58:29.404+0000] {processor.py:840} INFO - DAG(s) 'ecommerce_distributed_dw_etl' retrieved from /opt/airflow/dags/ecommerce_etl_dag.py
[2026-06-08T14:58:29.429+0000] {logging_mixin.py:188} INFO - [2026-06-08T14:58:29.428+0000] {dag.py:3089} INFO - Sync 1 DAGs
[2026-06-08T14:58:29.438+0000] {logging_mixin.py:188} INFO - [2026-06-08T14:58:29.438+0000] {dag.py:3947} INFO - Setting next_dagrun for ecommerce_distributed_dw_etl to None, run_after=None
[2026-06-08T14:58:29.449+0000] {processor.py:183} INFO - Processing /opt/airflow/dags/ecommerce_etl_dag.py took 0.063 seconds
[2026-06-08T14:58:59.846+0000] {processor.py:161} INFO - Started process (PID=1171) to work on /opt/airflow/dags/ecommerce_etl_dag.py
[2026-06-08T14:58:59.847+0000] {processor.py:830} INFO - Processing file /opt/airflow/dags/ecommerce_etl_dag.py for tasks to queue
[2026-06-08T14:58:59.849+0000] {logging_mixin.py:188} INFO - [2026-06-08T14:58:59.848+0000] {dagbag.py:545} INFO - Filling up the DagBag from /opt/airflow/dags/ecommerce_etl_dag.py
[2026-06-08T14:58:59.859+0000] {processor.py:840} INFO - DAG(s) 'ecommerce_distributed_dw_etl' retrieved from /opt/airflow/dags/ecommerce_etl_dag.py
[2026-06-08T14:58:59.884+0000] {logging_mixin.py:188} INFO - [2026-06-08T14:58:59.883+0000] {dag.py:3089} INFO - Sync 1 DAGs
[2026-06-08T14:58:59.890+0000] {logging_mixin.py:188} INFO - [2026-06-08T14:58:59.890+0000] {dag.py:3947} INFO - Setting next_dagrun for ecommerce_distributed_dw_etl to None, run_after=None
[2026-06-08T14:58:59.900+0000] {processor.py:183} INFO - Processing /opt/airflow/dags/ecommerce_etl_dag.py took 0.061 seconds
[2026-06-08T14:59:30.203+0000] {processor.py:161} INFO - Started process (PID=1176) to work on /opt/airflow/dags/ecommerce_etl_dag.py
[2026-06-08T14:59:30.205+0000] {processor.py:830} INFO - Processing file /opt/airflow/dags/ecommerce_etl_dag.py for tasks to queue
[2026-06-08T14:59:30.208+0000] {logging_mixin.py:188} INFO - [2026-06-08T14:59:30.207+0000] {dagbag.py:545} INFO - Filling up the DagBag from /opt/airflow/dags/ecommerce_etl_dag.py
[2026-06-08T14:59:30.225+0000] {processor.py:840} INFO - DAG(s) 'ecommerce_distributed_dw_etl' retrieved from /opt/airflow/dags/ecommerce_etl_dag.py
[2026-06-08T14:59:30.255+0000] {logging_mixin.py:188} INFO - [2026-06-08T14:59:30.255+0000] {dag.py:3089} INFO - Sync 1 DAGs
[2026-06-08T14:59:30.264+0000] {logging_mixin.py:188} INFO - [2026-06-08T14:59:30.264+0000] {dag.py:3947} INFO - Setting next_dagrun for ecommerce_distributed_dw_etl to None, run_after=None
[2026-06-08T14:59:30.274+0000] {processor.py:183} INFO - Processing /opt/airflow/dags/ecommerce_etl_dag.py took 0.083 seconds
[2026-06-08T15:00:00.508+0000] {processor.py:161} INFO - Started process (PID=1181) to work on /opt/airflow/dags/ecommerce_etl_dag.py
[2026-06-08T15:00:00.509+0000] {processor.py:830} INFO - Processing file /opt/airflow/dags/ecommerce_etl_dag.py for tasks to queue
[2026-06-08T15:00:00.511+0000] {logging_mixin.py:188} INFO - [2026-06-08T15:00:00.511+0000] {dagbag.py:545} INFO - Filling up the DagBag from /opt/airflow/dags/ecommerce_etl_dag.py
[2026-06-08T15:00:00.522+0000] {processor.py:840} INFO - DAG(s) 'ecommerce_distributed_dw_etl' retrieved from /opt/airflow/dags/ecommerce_etl_dag.py
[2026-06-08T15:00:00.547+0000] {logging_mixin.py:188} INFO - [2026-06-08T15:00:00.547+0000] {dag.py:3089} INFO - Sync 1 DAGs
[2026-06-08T15:00:00.554+0000] {logging_mixin.py:188} INFO - [2026-06-08T15:00:00.554+0000] {dag.py:3947} INFO - Setting next_dagrun for ecommerce_distributed_dw_etl to None, run_after=None
[2026-06-08T15:00:00.564+0000] {processor.py:183} INFO - Processing /opt/airflow/dags/ecommerce_etl_dag.py took 0.064 seconds
[2026-06-08T15:00:30.781+0000] {processor.py:161} INFO - Started process (PID=1186) to work on /opt/airflow/dags/ecommerce_etl_dag.py
[2026-06-08T15:00:30.783+0000] {processor.py:830} INFO - Processing file /opt/airflow/dags/ecommerce_etl_dag.py for tasks to queue
[2026-06-08T15:00:30.785+0000] {logging_mixin.py:188} INFO - [2026-06-08T15:00:30.784+0000] {dagbag.py:545} INFO - Filling up the DagBag from /opt/airflow/dags/ecommerce_etl_dag.py
[2026-06-08T15:00:30.797+0000] {processor.py:840} INFO - DAG(s) 'ecommerce_distributed_dw_etl' retrieved from /opt/airflow/dags/ecommerce_etl_dag.py
[2026-06-08T15:00:30.829+0000] {logging_mixin.py:188} INFO - [2026-06-08T15:00:30.829+0000] {dag.py:3089} INFO - Sync 1 DAGs
[2026-06-08T15:00:30.837+0000] {logging_mixin.py:188} INFO - [2026-06-08T15:00:30.837+0000] {dag.py:3947} INFO - Setting next_dagrun for ecommerce_distributed_dw_etl to None, run_after=None
[2026-06-08T15:00:30.846+0000] {processor.py:183} INFO - Processing /opt/airflow/dags/ecommerce_etl_dag.py took 0.074 seconds
[2026-06-08T15:01:01.149+0000] {processor.py:161} INFO - Started process (PID=1191) to work on /opt/airflow/dags/ecommerce_etl_dag.py
[2026-06-08T15:01:01.150+0000] {processor.py:830} INFO - Processing file /opt/airflow/dags/ecommerce_etl_dag.py for tasks to queue
[2026-06-08T15:01:01.153+0000] {logging_mixin.py:188} INFO - [2026-06-08T15:01:01.153+0000] {dagbag.py:545} INFO - Filling up the DagBag from /opt/airflow/dags/ecommerce_etl_dag.py
[2026-06-08T15:01:01.166+0000] {processor.py:840} INFO - DAG(s) 'ecommerce_distributed_dw_etl' retrieved from /opt/airflow/dags/ecommerce_etl_dag.py
[2026-06-08T15:01:01.194+0000] {logging_mixin.py:188} INFO - [2026-06-08T15:01:01.194+0000] {dag.py:3089} INFO - Sync 1 DAGs
[2026-06-08T15:01:01.205+0000] {logging_mixin.py:188} INFO - [2026-06-08T15:01:01.205+0000] {dag.py:3947} INFO - Setting next_dagrun for ecommerce_distributed_dw_etl to None, run_after=None
[2026-06-08T15:01:01.216+0000] {processor.py:183} INFO - Processing /opt/airflow/dags/ecommerce_etl_dag.py took 0.076 seconds
[2026-06-08T15:01:31.431+0000] {processor.py:161} INFO - Started process (PID=1196) to work on /opt/airflow/dags/ecommerce_etl_dag.py
[2026-06-08T15:01:31.432+0000] {processor.py:830} INFO - Processing file /opt/airflow/dags/ecommerce_etl_dag.py for tasks to queue
[2026-06-08T15:01:31.434+0000] {logging_mixin.py:188} INFO - [2026-06-08T15:01:31.434+0000] {dagbag.py:545} INFO - Filling up the DagBag from /opt/airflow/dags/ecommerce_etl_dag.py
[2026-06-08T15:01:31.446+0000] {processor.py:840} INFO - DAG(s) 'ecommerce_distributed_dw_etl' retrieved from /opt/airflow/dags/ecommerce_etl_dag.py
[2026-06-08T15:01:31.472+0000] {logging_mixin.py:188} INFO - [2026-06-08T15:01:31.472+0000] {dag.py:3089} INFO - Sync 1 DAGs
[2026-06-08T15:01:31.480+0000] {logging_mixin.py:188} INFO - [2026-06-08T15:01:31.479+0000] {dag.py:3947} INFO - Setting next_dagrun for ecommerce_distributed_dw_etl to None, run_after=None
[2026-06-08T15:01:31.488+0000] {processor.py:183} INFO - Processing /opt/airflow/dags/ecommerce_etl_dag.py took 0.064 seconds
[2026-06-08T15:02:01.828+0000] {processor.py:161} INFO - Started process (PID=1201) to work on /opt/airflow/dags/ecommerce_etl_dag.py
[2026-06-08T15:02:01.829+0000] {processor.py:830} INFO - Processing file /opt/airflow/dags/ecommerce_etl_dag.py for tasks to queue
[2026-06-08T15:02:01.833+0000] {logging_mixin.py:188} INFO - [2026-06-08T15:02:01.832+0000] {dagbag.py:545} INFO - Filling up the DagBag from /opt/airflow/dags/ecommerce_etl_dag.py
[2026-06-08T15:02:01.847+0000] {processor.py:840} INFO - DAG(s) 'ecommerce_distributed_dw_etl' retrieved from /opt/airflow/dags/ecommerce_etl_dag.py
[2026-06-08T15:02:01.876+0000] {logging_mixin.py:188} INFO - [2026-06-08T15:02:01.875+0000] {dag.py:3089} INFO - Sync 1 DAGs
[2026-06-08T15:02:01.884+0000] {logging_mixin.py:188} INFO - [2026-06-08T15:02:01.883+0000] {dag.py:3947} INFO - Setting next_dagrun for ecommerce_distributed_dw_etl to None, run_after=None
[2026-06-08T15:02:01.893+0000] {processor.py:183} INFO - Processing /opt/airflow/dags/ecommerce_etl_dag.py took 0.075 seconds
[2026-06-08T15:02:32.161+0000] {processor.py:161} INFO - Started process (PID=1206) to work on /opt/airflow/dags/ecommerce_etl_dag.py
[2026-06-08T15:02:32.163+0000] {processor.py:830} INFO - Processing file /opt/airflow/dags/ecommerce_etl_dag.py for tasks to queue
[2026-06-08T15:02:32.168+0000] {logging_mixin.py:188} INFO - [2026-06-08T15:02:32.167+0000] {dagbag.py:545} INFO - Filling up the DagBag from /opt/airflow/dags/ecommerce_etl_dag.py
[2026-06-08T15:02:32.187+0000] {processor.py:840} INFO - DAG(s) 'ecommerce_distributed_dw_etl' retrieved from /opt/airflow/dags/ecommerce_etl_dag.py
[2026-06-08T15:02:32.234+0000] {logging_mixin.py:188} INFO - [2026-06-08T15:02:32.234+0000] {dag.py:3089} INFO - Sync 1 DAGs
[2026-06-08T15:02:32.250+0000] {logging_mixin.py:188} INFO - [2026-06-08T15:02:32.250+0000] {dag.py:3947} INFO - Setting next_dagrun for ecommerce_distributed_dw_etl to None, run_after=None
[2026-06-08T15:02:32.277+0000] {processor.py:183} INFO - Processing /opt/airflow/dags/ecommerce_etl_dag.py took 0.127 seconds
[2026-06-08T15:03:02.492+0000] {processor.py:161} INFO - Started process (PID=1211) to work on /opt/airflow/dags/ecommerce_etl_dag.py
[2026-06-08T15:03:02.493+0000] {processor.py:830} INFO - Processing file /opt/airflow/dags/ecommerce_etl_dag.py for tasks to queue
[2026-06-08T15:03:02.495+0000] {logging_mixin.py:188} INFO - [2026-06-08T15:03:02.495+0000] {dagbag.py:545} INFO - Filling up the DagBag from /opt/airflow/dags/ecommerce_etl_dag.py
[2026-06-08T15:03:02.509+0000] {processor.py:840} INFO - DAG(s) 'ecommerce_distributed_dw_etl' retrieved from /opt/airflow/dags/ecommerce_etl_dag.py
[2026-06-08T15:03:02.538+0000] {logging_mixin.py:188} INFO - [2026-06-08T15:03:02.538+0000] {dag.py:3089} INFO - Sync 1 DAGs
[2026-06-08T15:03:02.547+0000] {logging_mixin.py:188} INFO - [2026-06-08T15:03:02.547+0000] {dag.py:3947} INFO - Setting next_dagrun for ecommerce_distributed_dw_etl to None, run_after=None
[2026-06-08T15:03:02.558+0000] {processor.py:183} INFO - Processing /opt/airflow/dags/ecommerce_etl_dag.py took 0.075 seconds
[2026-06-08T15:03:32.971+0000] {processor.py:161} INFO - Started process (PID=1216) to work on /opt/airflow/dags/ecommerce_etl_dag.py
[2026-06-08T15:03:32.972+0000] {processor.py:830} INFO - Processing file /opt/airflow/dags/ecommerce_etl_dag.py for tasks to queue
[2026-06-08T15:03:32.975+0000] {logging_mixin.py:188} INFO - [2026-06-08T15:03:32.975+0000] {dagbag.py:545} INFO - Filling up the DagBag from /opt/airflow/dags/ecommerce_etl_dag.py
[2026-06-08T15:03:32.987+0000] {processor.py:840} INFO - DAG(s) 'ecommerce_distributed_dw_etl' retrieved from /opt/airflow/dags/ecommerce_etl_dag.py
[2026-06-08T15:03:33.013+0000] {logging_mixin.py:188} INFO - [2026-06-08T15:03:33.013+0000] {dag.py:3089} INFO - Sync 1 DAGs
[2026-06-08T15:03:33.021+0000] {logging_mixin.py:188} INFO - [2026-06-08T15:03:33.021+0000] {dag.py:3947} INFO - Setting next_dagrun for ecommerce_distributed_dw_etl to None, run_after=None
[2026-06-08T15:03:33.030+0000] {processor.py:183} INFO - Processing /opt/airflow/dags/ecommerce_etl_dag.py took 0.071 seconds
[2026-06-08T15:04:03.303+0000] {processor.py:161} INFO - Started process (PID=1221) to work on /opt/airflow/dags/ecommerce_etl_dag.py
[2026-06-08T15:04:03.304+0000] {processor.py:830} INFO - Processing file /opt/airflow/dags/ecommerce_etl_dag.py for tasks to queue
[2026-06-08T15:04:03.307+0000] {logging_mixin.py:188} INFO - [2026-06-08T15:04:03.307+0000] {dagbag.py:545} INFO - Filling up the DagBag from /opt/airflow/dags/ecommerce_etl_dag.py
[2026-06-08T15:04:03.325+0000] {processor.py:840} INFO - DAG(s) 'ecommerce_distributed_dw_etl' retrieved from /opt/airflow/dags/ecommerce_etl_dag.py
[2026-06-08T15:04:03.356+0000] {logging_mixin.py:188} INFO - [2026-06-08T15:04:03.356+0000] {dag.py:3089} INFO - Sync 1 DAGs
[2026-06-08T15:04:03.364+0000] {logging_mixin.py:188} INFO - [2026-06-08T15:04:03.364+0000] {dag.py:3947} INFO - Setting next_dagrun for ecommerce_distributed_dw_etl to None, run_after=None
[2026-06-08T15:04:03.374+0000] {processor.py:183} INFO - Processing /opt/airflow/dags/ecommerce_etl_dag.py took 0.078 seconds
[2026-06-08T15:04:33.676+0000] {processor.py:161} INFO - Started process (PID=1226) to work on /opt/airflow/dags/ecommerce_etl_dag.py
[2026-06-08T15:04:33.677+0000] {processor.py:830} INFO - Processing file /opt/airflow/dags/ecommerce_etl_dag.py for tasks to queue
[2026-06-08T15:04:33.679+0000] {logging_mixin.py:188} INFO - [2026-06-08T15:04:33.679+0000] {dagbag.py:545} INFO - Filling up the DagBag from /opt/airflow/dags/ecommerce_etl_dag.py
[2026-06-08T15:04:33.692+0000] {processor.py:840} INFO - DAG(s) 'ecommerce_distributed_dw_etl' retrieved from /opt/airflow/dags/ecommerce_etl_dag.py
[2026-06-08T15:04:33.720+0000] {logging_mixin.py:188} INFO - [2026-06-08T15:04:33.719+0000] {dag.py:3089} INFO - Sync 1 DAGs
[2026-06-08T15:04:33.728+0000] {logging_mixin.py:188} INFO - [2026-06-08T15:04:33.728+0000] {dag.py:3947} INFO - Setting next_dagrun for ecommerce_distributed_dw_etl to None, run_after=None
[2026-06-08T15:04:33.739+0000] {processor.py:183} INFO - Processing /opt/airflow/dags/ecommerce_etl_dag.py took 0.072 seconds
[2026-06-08T15:05:04.047+0000] {processor.py:161} INFO - Started process (PID=1231) to work on /opt/airflow/dags/ecommerce_etl_dag.py
[2026-06-08T15:05:04.048+0000] {processor.py:830} INFO - Processing file /opt/airflow/dags/ecommerce_etl_dag.py for tasks to queue
[2026-06-08T15:05:04.050+0000] {logging_mixin.py:188} INFO - [2026-06-08T15:05:04.050+0000] {dagbag.py:545} INFO - Filling up the DagBag from /opt/airflow/dags/ecommerce_etl_dag.py
[2026-06-08T15:05:04.059+0000] {processor.py:840} INFO - DAG(s) 'ecommerce_distributed_dw_etl' retrieved from /opt/airflow/dags/ecommerce_etl_dag.py
[2026-06-08T15:05:04.084+0000] {logging_mixin.py:188} INFO - [2026-06-08T15:05:04.084+0000] {dag.py:3089} INFO - Sync 1 DAGs
[2026-06-08T15:05:04.091+0000] {logging_mixin.py:188} INFO - [2026-06-08T15:05:04.091+0000] {dag.py:3947} INFO - Setting next_dagrun for ecommerce_distributed_dw_etl to None, run_after=None
[2026-06-08T15:05:04.100+0000] {processor.py:183} INFO - Processing /opt/airflow/dags/ecommerce_etl_dag.py took 0.060 seconds
[2026-06-08T15:05:34.351+0000] {processor.py:161} INFO - Started process (PID=1236) to work on /opt/airflow/dags/ecommerce_etl_dag.py
[2026-06-08T15:05:34.352+0000] {processor.py:830} INFO - Processing file /opt/airflow/dags/ecommerce_etl_dag.py for tasks to queue
[2026-06-08T15:05:34.354+0000] {logging_mixin.py:188} INFO - [2026-06-08T15:05:34.354+0000] {dagbag.py:545} INFO - Filling up the DagBag from /opt/airflow/dags/ecommerce_etl_dag.py
[2026-06-08T15:05:34.367+0000] {processor.py:840} INFO - DAG(s) 'ecommerce_distributed_dw_etl' retrieved from /opt/airflow/dags/ecommerce_etl_dag.py
[2026-06-08T15:05:34.394+0000] {logging_mixin.py:188} INFO - [2026-06-08T15:05:34.393+0000] {dag.py:3089} INFO - Sync 1 DAGs
[2026-06-08T15:05:34.404+0000] {logging_mixin.py:188} INFO - [2026-06-08T15:05:34.404+0000] {dag.py:3947} INFO - Setting next_dagrun for ecommerce_distributed_dw_etl to None, run_after=None
[2026-06-08T15:05:34.415+0000] {processor.py:183} INFO - Processing /opt/airflow/dags/ecommerce_etl_dag.py took 0.071 seconds
[2026-06-08T15:06:04.702+0000] {processor.py:161} INFO - Started process (PID=1241) to work on /opt/airflow/dags/ecommerce_etl_dag.py
[2026-06-08T15:06:04.702+0000] {processor.py:830} INFO - Processing file /opt/airflow/dags/ecommerce_etl_dag.py for tasks to queue
[2026-06-08T15:06:04.704+0000] {logging_mixin.py:188} INFO - [2026-06-08T15:06:04.703+0000] {dagbag.py:545} INFO - Filling up the DagBag from /opt/airflow/dags/ecommerce_etl_dag.py
[2026-06-08T15:06:04.710+0000] {processor.py:840} INFO - DAG(s) 'ecommerce_distributed_dw_etl' retrieved from /opt/airflow/dags/ecommerce_etl_dag.py
[2026-06-08T15:06:04.729+0000] {logging_mixin.py:188} INFO - [2026-06-08T15:06:04.729+0000] {dag.py:3089} INFO - Sync 1 DAGs
[2026-06-08T15:06:04.736+0000] {logging_mixin.py:188} INFO - [2026-06-08T15:06:04.736+0000] {dag.py:3947} INFO - Setting next_dagrun for ecommerce_distributed_dw_etl to None, run_after=None
[2026-06-08T15:06:04.745+0000] {processor.py:183} INFO - Processing /opt/airflow/dags/ecommerce_etl_dag.py took 0.048 seconds
[2026-06-08T15:06:35.083+0000] {processor.py:161} INFO - Started process (PID=1246) to work on /opt/airflow/dags/ecommerce_etl_dag.py
[2026-06-08T15:06:35.085+0000] {processor.py:830} INFO - Processing file /opt/airflow/dags/ecommerce_etl_dag.py for tasks to queue
[2026-06-08T15:06:35.088+0000] {logging_mixin.py:188} INFO - [2026-06-08T15:06:35.087+0000] {dagbag.py:545} INFO - Filling up the DagBag from /opt/airflow/dags/ecommerce_etl_dag.py
[2026-06-08T15:06:35.103+0000] {processor.py:840} INFO - DAG(s) 'ecommerce_distributed_dw_etl' retrieved from /opt/airflow/dags/ecommerce_etl_dag.py
[2026-06-08T15:06:35.134+0000] {logging_mixin.py:188} INFO - [2026-06-08T15:06:35.133+0000] {dag.py:3089} INFO - Sync 1 DAGs
[2026-06-08T15:06:35.142+0000] {logging_mixin.py:188} INFO - [2026-06-08T15:06:35.142+0000] {dag.py:3947} INFO - Setting next_dagrun for ecommerce_distributed_dw_etl to None, run_after=None
[2026-06-08T15:06:35.153+0000] {processor.py:183} INFO - Processing /opt/airflow/dags/ecommerce_etl_dag.py took 0.079 seconds
[2026-06-08T15:07:05.520+0000] {processor.py:161} INFO - Started process (PID=1251) to work on /opt/airflow/dags/ecommerce_etl_dag.py
[2026-06-08T15:07:05.521+0000] {processor.py:830} INFO - Processing file /opt/airflow/dags/ecommerce_etl_dag.py for tasks to queue
[2026-06-08T15:07:05.524+0000] {logging_mixin.py:188} INFO - [2026-06-08T15:07:05.523+0000] {dagbag.py:545} INFO - Filling up the DagBag from /opt/airflow/dags/ecommerce_etl_dag.py
[2026-06-08T15:07:05.535+0000] {processor.py:840} INFO - DAG(s) 'ecommerce_distributed_dw_etl' retrieved from /opt/airflow/dags/ecommerce_etl_dag.py
[2026-06-08T15:07:05.563+0000] {logging_mixin.py:188} INFO - [2026-06-08T15:07:05.562+0000] {dag.py:3089} INFO - Sync 1 DAGs
[2026-06-08T15:07:05.571+0000] {logging_mixin.py:188} INFO - [2026-06-08T15:07:05.571+0000] {dag.py:3947} INFO - Setting next_dagrun for ecommerce_distributed_dw_etl to None, run_after=None
[2026-06-08T15:07:05.582+0000] {processor.py:183} INFO - Processing /opt/airflow/dags/ecommerce_etl_dag.py took 0.069 seconds
[2026-06-08T15:07:35.958+0000] {processor.py:161} INFO - Started process (PID=1256) to work on /opt/airflow/dags/ecommerce_etl_dag.py
[2026-06-08T15:07:35.959+0000] {processor.py:830} INFO - Processing file /opt/airflow/dags/ecommerce_etl_dag.py for tasks to queue
[2026-06-08T15:07:35.963+0000] {logging_mixin.py:188} INFO - [2026-06-08T15:07:35.962+0000] {dagbag.py:545} INFO - Filling up the DagBag from /opt/airflow/dags/ecommerce_etl_dag.py
[2026-06-08T15:07:35.978+0000] {processor.py:840} INFO - DAG(s) 'ecommerce_distributed_dw_etl' retrieved from /opt/airflow/dags/ecommerce_etl_dag.py
[2026-06-08T15:07:36.010+0000] {logging_mixin.py:188} INFO - [2026-06-08T15:07:36.009+0000] {dag.py:3089} INFO - Sync 1 DAGs
[2026-06-08T15:07:36.019+0000] {logging_mixin.py:188} INFO - [2026-06-08T15:07:36.019+0000] {dag.py:3947} INFO - Setting next_dagrun for ecommerce_distributed_dw_etl to None, run_after=None
[2026-06-08T15:07:36.029+0000] {processor.py:183} INFO - Processing /opt/airflow/dags/ecommerce_etl_dag.py took 0.081 seconds
[2026-06-08T15:08:06.369+0000] {processor.py:161} INFO - Started process (PID=1261) to work on /opt/airflow/dags/ecommerce_etl_dag.py
[2026-06-08T15:08:06.370+0000] {processor.py:830} INFO - Processing file /opt/airflow/dags/ecommerce_etl_dag.py for tasks to queue
[2026-06-08T15:08:06.372+0000] {logging_mixin.py:188} INFO - [2026-06-08T15:08:06.372+0000] {dagbag.py:545} INFO - Filling up the DagBag from /opt/airflow/dags/ecommerce_etl_dag.py
[2026-06-08T15:08:06.382+0000] {processor.py:840} INFO - DAG(s) 'ecommerce_distributed_dw_etl' retrieved from /opt/airflow/dags/ecommerce_etl_dag.py
[2026-06-08T15:08:06.406+0000] {logging_mixin.py:188} INFO - [2026-06-08T15:08:06.406+0000] {dag.py:3089} INFO - Sync 1 DAGs
[2026-06-08T15:08:06.413+0000] {logging_mixin.py:188} INFO - [2026-06-08T15:08:06.413+0000] {dag.py:3947} INFO - Setting next_dagrun for ecommerce_distributed_dw_etl to None, run_after=None
[2026-06-08T15:08:06.422+0000] {processor.py:183} INFO - Processing /opt/airflow/dags/ecommerce_etl_dag.py took 0.059 seconds
[2026-06-08T15:08:36.812+0000] {processor.py:161} INFO - Started process (PID=1266) to work on /opt/airflow/dags/ecommerce_etl_dag.py
[2026-06-08T15:08:36.813+0000] {processor.py:830} INFO - Processing file /opt/airflow/dags/ecommerce_etl_dag.py for tasks to queue
[2026-06-08T15:08:36.817+0000] {logging_mixin.py:188} INFO - [2026-06-08T15:08:36.816+0000] {dagbag.py:545} INFO - Filling up the DagBag from /opt/airflow/dags/ecommerce_etl_dag.py
[2026-06-08T15:08:36.832+0000] {processor.py:840} INFO - DAG(s) 'ecommerce_distributed_dw_etl' retrieved from /opt/airflow/dags/ecommerce_etl_dag.py
[2026-06-08T15:08:36.862+0000] {logging_mixin.py:188} INFO - [2026-06-08T15:08:36.862+0000] {dag.py:3089} INFO - Sync 1 DAGs
[2026-06-08T15:08:36.870+0000] {logging_mixin.py:188} INFO - [2026-06-08T15:08:36.869+0000] {dag.py:3947} INFO - Setting next_dagrun for ecommerce_distributed_dw_etl to None, run_after=None
[2026-06-08T15:08:36.880+0000] {processor.py:183} INFO - Processing /opt/airflow/dags/ecommerce_etl_dag.py took 0.078 seconds
[2026-06-08T15:09:07.180+0000] {processor.py:161} INFO - Started process (PID=1271) to work on /opt/airflow/dags/ecommerce_etl_dag.py
[2026-06-08T15:09:07.181+0000] {processor.py:830} INFO - Processing file /opt/airflow/dags/ecommerce_etl_dag.py for tasks to queue
[2026-06-08T15:09:07.183+0000] {logging_mixin.py:188} INFO - [2026-06-08T15:09:07.183+0000] {dagbag.py:545} INFO - Filling up the DagBag from /opt/airflow/dags/ecommerce_etl_dag.py
[2026-06-08T15:09:07.194+0000] {processor.py:840} INFO - DAG(s) 'ecommerce_distributed_dw_etl' retrieved from /opt/airflow/dags/ecommerce_etl_dag.py
[2026-06-08T15:09:07.219+0000] {logging_mixin.py:188} INFO - [2026-06-08T15:09:07.219+0000] {dag.py:3089} INFO - Sync 1 DAGs
[2026-06-08T15:09:07.226+0000] {logging_mixin.py:188} INFO - [2026-06-08T15:09:07.226+0000] {dag.py:3947} INFO - Setting next_dagrun for ecommerce_distributed_dw_etl to None, run_after=None
[2026-06-08T15:09:07.235+0000] {processor.py:183} INFO - Processing /opt/airflow/dags/ecommerce_etl_dag.py took 0.062 seconds
[2026-06-08T15:09:37.532+0000] {processor.py:161} INFO - Started process (PID=1276) to work on /opt/airflow/dags/ecommerce_etl_dag.py
[2026-06-08T15:09:37.533+0000] {processor.py:830} INFO - Processing file /opt/airflow/dags/ecommerce_etl_dag.py for tasks to queue
[2026-06-08T15:09:37.537+0000] {logging_mixin.py:188} INFO - [2026-06-08T15:09:37.536+0000] {dagbag.py:545} INFO - Filling up the DagBag from /opt/airflow/dags/ecommerce_etl_dag.py
[2026-06-08T15:09:37.555+0000] {processor.py:840} INFO - DAG(s) 'ecommerce_distributed_dw_etl' retrieved from /opt/airflow/dags/ecommerce_etl_dag.py
[2026-06-08T15:09:37.586+0000] {logging_mixin.py:188} INFO - [2026-06-08T15:09:37.586+0000] {dag.py:3089} INFO - Sync 1 DAGs
[2026-06-08T15:09:37.597+0000] {logging_mixin.py:188} INFO - [2026-06-08T15:09:37.597+0000] {dag.py:3947} INFO - Setting next_dagrun for ecommerce_distributed_dw_etl to None, run_after=None
[2026-06-08T15:09:37.608+0000] {processor.py:183} INFO - Processing /opt/airflow/dags/ecommerce_etl_dag.py took 0.086 seconds
[2026-06-08T15:10:07.885+0000] {processor.py:161} INFO - Started process (PID=1281) to work on /opt/airflow/dags/ecommerce_etl_dag.py
[2026-06-08T15:10:07.886+0000] {processor.py:830} INFO - Processing file /opt/airflow/dags/ecommerce_etl_dag.py for tasks to queue
[2026-06-08T15:10:07.888+0000] {logging_mixin.py:188} INFO - [2026-06-08T15:10:07.887+0000] {dagbag.py:545} INFO - Filling up the DagBag from /opt/airflow/dags/ecommerce_etl_dag.py
[2026-06-08T15:10:07.898+0000] {processor.py:840} INFO - DAG(s) 'ecommerce_distributed_dw_etl' retrieved from /opt/airflow/dags/ecommerce_etl_dag.py
[2026-06-08T15:10:07.926+0000] {logging_mixin.py:188} INFO - [2026-06-08T15:10:07.926+0000] {dag.py:3089} INFO - Sync 1 DAGs
[2026-06-08T15:10:07.933+0000] {logging_mixin.py:188} INFO - [2026-06-08T15:10:07.933+0000] {dag.py:3947} INFO - Setting next_dagrun for ecommerce_distributed_dw_etl to None, run_after=None
[2026-06-08T15:10:07.942+0000] {processor.py:183} INFO - Processing /opt/airflow/dags/ecommerce_etl_dag.py took 0.065 seconds
[2026-06-08T15:10:38.315+0000] {processor.py:161} INFO - Started process (PID=1286) to work on /opt/airflow/dags/ecommerce_etl_dag.py
[2026-06-08T15:10:38.316+0000] {processor.py:830} INFO - Processing file /opt/airflow/dags/ecommerce_etl_dag.py for tasks to queue
[2026-06-08T15:10:38.320+0000] {logging_mixin.py:188} INFO - [2026-06-08T15:10:38.320+0000] {dagbag.py:545} INFO - Filling up the DagBag from /opt/airflow/dags/ecommerce_etl_dag.py
[2026-06-08T15:10:38.336+0000] {processor.py:840} INFO - DAG(s) 'ecommerce_distributed_dw_etl' retrieved from /opt/airflow/dags/ecommerce_etl_dag.py
[2026-06-08T15:10:38.366+0000] {logging_mixin.py:188} INFO - [2026-06-08T15:10:38.366+0000] {dag.py:3089} INFO - Sync 1 DAGs
[2026-06-08T15:10:38.375+0000] {logging_mixin.py:188} INFO - [2026-06-08T15:10:38.374+0000] {dag.py:3947} INFO - Setting next_dagrun for ecommerce_distributed_dw_etl to None, run_after=None
[2026-06-08T15:10:38.384+0000] {processor.py:183} INFO - Processing /opt/airflow/dags/ecommerce_etl_dag.py took 0.080 seconds
[2026-06-08T15:11:08.781+0000] {processor.py:161} INFO - Started process (PID=1291) to work on /opt/airflow/dags/ecommerce_etl_dag.py
[2026-06-08T15:11:08.782+0000] {processor.py:830} INFO - Processing file /opt/airflow/dags/ecommerce_etl_dag.py for tasks to queue
[2026-06-08T15:11:08.785+0000] {logging_mixin.py:188} INFO - [2026-06-08T15:11:08.785+0000] {dagbag.py:545} INFO - Filling up the DagBag from /opt/airflow/dags/ecommerce_etl_dag.py
[2026-06-08T15:11:08.799+0000] {processor.py:840} INFO - DAG(s) 'ecommerce_distributed_dw_etl' retrieved from /opt/airflow/dags/ecommerce_etl_dag.py
[2026-06-08T15:11:08.841+0000] {logging_mixin.py:188} INFO - [2026-06-08T15:11:08.840+0000] {dag.py:3089} INFO - Sync 1 DAGs
[2026-06-08T15:11:08.849+0000] {logging_mixin.py:188} INFO - [2026-06-08T15:11:08.849+0000] {dag.py:3947} INFO - Setting next_dagrun for ecommerce_distributed_dw_etl to None, run_after=None
[2026-06-08T15:11:08.859+0000] {processor.py:183} INFO - Processing /opt/airflow/dags/ecommerce_etl_dag.py took 0.086 seconds
[2026-06-08T15:17:19.048+0000] {processor.py:161} INFO - Started process (PID=1296) to work on /opt/airflow/dags/ecommerce_etl_dag.py
[2026-06-08T15:17:19.049+0000] {processor.py:830} INFO - Processing file /opt/airflow/dags/ecommerce_etl_dag.py for tasks to queue
[2026-06-08T15:17:19.051+0000] {logging_mixin.py:188} INFO - [2026-06-08T15:17:19.051+0000] {dagbag.py:545} INFO - Filling up the DagBag from /opt/airflow/dags/ecommerce_etl_dag.py
[2026-06-08T15:17:19.061+0000] {processor.py:840} INFO - DAG(s) 'ecommerce_distributed_dw_etl' retrieved from /opt/airflow/dags/ecommerce_etl_dag.py
[2026-06-08T15:17:19.084+0000] {logging_mixin.py:188} INFO - [2026-06-08T15:17:19.084+0000] {dag.py:3089} INFO - Sync 1 DAGs
[2026-06-08T15:17:19.090+0000] {logging_mixin.py:188} INFO - [2026-06-08T15:17:19.090+0000] {dag.py:3947} INFO - Setting next_dagrun for ecommerce_distributed_dw_etl to None, run_after=None
[2026-06-08T15:17:19.099+0000] {processor.py:183} INFO - Processing /opt/airflow/dags/ecommerce_etl_dag.py took 0.057 seconds
[2026-06-08T15:17:49.426+0000] {processor.py:161} INFO - Started process (PID=1301) to work on /opt/airflow/dags/ecommerce_etl_dag.py
[2026-06-08T15:17:49.427+0000] {processor.py:830} INFO - Processing file /opt/airflow/dags/ecommerce_etl_dag.py for tasks to queue
[2026-06-08T15:17:49.431+0000] {logging_mixin.py:188} INFO - [2026-06-08T15:17:49.430+0000] {dagbag.py:545} INFO - Filling up the DagBag from /opt/airflow/dags/ecommerce_etl_dag.py
[2026-06-08T15:17:49.446+0000] {processor.py:840} INFO - DAG(s) 'ecommerce_distributed_dw_etl' retrieved from /opt/airflow/dags/ecommerce_etl_dag.py
[2026-06-08T15:17:49.476+0000] {logging_mixin.py:188} INFO - [2026-06-08T15:17:49.476+0000] {dag.py:3089} INFO - Sync 1 DAGs
[2026-06-08T15:17:49.484+0000] {logging_mixin.py:188} INFO - [2026-06-08T15:17:49.484+0000] {dag.py:3947} INFO - Setting next_dagrun for ecommerce_distributed_dw_etl to None, run_after=None
[2026-06-08T15:17:49.494+0000] {processor.py:183} INFO - Processing /opt/airflow/dags/ecommerce_etl_dag.py took 0.078 seconds
[2026-06-08T15:18:19.763+0000] {processor.py:161} INFO - Started process (PID=1306) to work on /opt/airflow/dags/ecommerce_etl_dag.py
[2026-06-08T15:18:19.764+0000] {processor.py:830} INFO - Processing file /opt/airflow/dags/ecommerce_etl_dag.py for tasks to queue
[2026-06-08T15:18:19.766+0000] {logging_mixin.py:188} INFO - [2026-06-08T15:18:19.765+0000] {dagbag.py:545} INFO - Filling up the DagBag from /opt/airflow/dags/ecommerce_etl_dag.py
[2026-06-08T15:18:19.773+0000] {processor.py:840} INFO - DAG(s) 'ecommerce_distributed_dw_etl' retrieved from /opt/airflow/dags/ecommerce_etl_dag.py
[2026-06-08T15:18:19.793+0000] {logging_mixin.py:188} INFO - [2026-06-08T15:18:19.793+0000] {dag.py:3089} INFO - Sync 1 DAGs
[2026-06-08T15:18:19.800+0000] {logging_mixin.py:188} INFO - [2026-06-08T15:18:19.800+0000] {dag.py:3947} INFO - Setting next_dagrun for ecommerce_distributed_dw_etl to None, run_after=None
[2026-06-08T15:18:19.809+0000] {processor.py:183} INFO - Processing /opt/airflow/dags/ecommerce_etl_dag.py took 0.050 seconds
[2026-06-08T15:18:50.077+0000] {processor.py:161} INFO - Started process (PID=1311) to work on /opt/airflow/dags/ecommerce_etl_dag.py
[2026-06-08T15:18:50.078+0000] {processor.py:830} INFO - Processing file /opt/airflow/dags/ecommerce_etl_dag.py for tasks to queue
[2026-06-08T15:18:50.081+0000] {logging_mixin.py:188} INFO - [2026-06-08T15:18:50.080+0000] {dagbag.py:545} INFO - Filling up the DagBag from /opt/airflow/dags/ecommerce_etl_dag.py
[2026-06-08T15:18:50.092+0000] {processor.py:840} INFO - DAG(s) 'ecommerce_distributed_dw_etl' retrieved from /opt/airflow/dags/ecommerce_etl_dag.py
[2026-06-08T15:18:50.118+0000] {logging_mixin.py:188} INFO - [2026-06-08T15:18:50.117+0000] {dag.py:3089} INFO - Sync 1 DAGs
[2026-06-08T15:18:50.125+0000] {logging_mixin.py:188} INFO - [2026-06-08T15:18:50.125+0000] {dag.py:3947} INFO - Setting next_dagrun for ecommerce_distributed_dw_etl to None, run_after=None
[2026-06-08T15:18:50.134+0000] {processor.py:183} INFO - Processing /opt/airflow/dags/ecommerce_etl_dag.py took 0.064 seconds
[2026-06-08T15:19:20.436+0000] {processor.py:161} INFO - Started process (PID=1316) to work on /opt/airflow/dags/ecommerce_etl_dag.py
[2026-06-08T15:19:20.437+0000] {processor.py:830} INFO - Processing file /opt/airflow/dags/ecommerce_etl_dag.py for tasks to queue
[2026-06-08T15:19:20.439+0000] {logging_mixin.py:188} INFO - [2026-06-08T15:19:20.438+0000] {dagbag.py:545} INFO - Filling up the DagBag from /opt/airflow/dags/ecommerce_etl_dag.py
[2026-06-08T15:19:20.448+0000] {processor.py:840} INFO - DAG(s) 'ecommerce_distributed_dw_etl' retrieved from /opt/airflow/dags/ecommerce_etl_dag.py
[2026-06-08T15:19:20.475+0000] {logging_mixin.py:188} INFO - [2026-06-08T15:19:20.475+0000] {dag.py:3089} INFO - Sync 1 DAGs
[2026-06-08T15:19:20.488+0000] {logging_mixin.py:188} INFO - [2026-06-08T15:19:20.488+0000] {dag.py:3947} INFO - Setting next_dagrun for ecommerce_distributed_dw_etl to None, run_after=None
[2026-06-08T15:19:20.499+0000] {processor.py:183} INFO - Processing /opt/airflow/dags/ecommerce_etl_dag.py took 0.069 seconds
[2026-06-08T15:19:50.747+0000] {processor.py:161} INFO - Started process (PID=1321) to work on /opt/airflow/dags/ecommerce_etl_dag.py
[2026-06-08T15:19:50.748+0000] {processor.py:830} INFO - Processing file /opt/airflow/dags/ecommerce_etl_dag.py for tasks to queue
[2026-06-08T15:19:50.751+0000] {logging_mixin.py:188} INFO - [2026-06-08T15:19:50.750+0000] {dagbag.py:545} INFO - Filling up the DagBag from /opt/airflow/dags/ecommerce_etl_dag.py
[2026-06-08T15:19:50.763+0000] {processor.py:840} INFO - DAG(s) 'ecommerce_distributed_dw_etl' retrieved from /opt/airflow/dags/ecommerce_etl_dag.py
[2026-06-08T15:19:50.792+0000] {logging_mixin.py:188} INFO - [2026-06-08T15:19:50.792+0000] {dag.py:3089} INFO - Sync 1 DAGs
[2026-06-08T15:19:50.800+0000] {logging_mixin.py:188} INFO - [2026-06-08T15:19:50.799+0000] {dag.py:3947} INFO - Setting next_dagrun for ecommerce_distributed_dw_etl to None, run_after=None
[2026-06-08T15:19:50.809+0000] {processor.py:183} INFO - Processing /opt/airflow/dags/ecommerce_etl_dag.py took 0.069 seconds
[2026-06-08T15:20:21.042+0000] {processor.py:161} INFO - Started process (PID=1326) to work on /opt/airflow/dags/ecommerce_etl_dag.py
[2026-06-08T15:20:21.043+0000] {processor.py:830} INFO - Processing file /opt/airflow/dags/ecommerce_etl_dag.py for tasks to queue
[2026-06-08T15:20:21.045+0000] {logging_mixin.py:188} INFO - [2026-06-08T15:20:21.045+0000] {dagbag.py:545} INFO - Filling up the DagBag from /opt/airflow/dags/ecommerce_etl_dag.py
[2026-06-08T15:20:21.057+0000] {processor.py:840} INFO - DAG(s) 'ecommerce_distributed_dw_etl' retrieved from /opt/airflow/dags/ecommerce_etl_dag.py
[2026-06-08T15:20:21.082+0000] {logging_mixin.py:188} INFO - [2026-06-08T15:20:21.081+0000] {dag.py:3089} INFO - Sync 1 DAGs
[2026-06-08T15:20:21.090+0000] {logging_mixin.py:188} INFO - [2026-06-08T15:20:21.090+0000] {dag.py:3947} INFO - Setting next_dagrun for ecommerce_distributed_dw_etl to None, run_after=None
[2026-06-08T15:20:21.099+0000] {processor.py:183} INFO - Processing /opt/airflow/dags/ecommerce_etl_dag.py took 0.065 seconds
[2026-06-08T15:20:51.333+0000] {processor.py:161} INFO - Started process (PID=1331) to work on /opt/airflow/dags/ecommerce_etl_dag.py
[2026-06-08T15:20:51.334+0000] {processor.py:830} INFO - Processing file /opt/airflow/dags/ecommerce_etl_dag.py for tasks to queue
[2026-06-08T15:20:51.336+0000] {logging_mixin.py:188} INFO - [2026-06-08T15:20:51.335+0000] {dagbag.py:545} INFO - Filling up the DagBag from /opt/airflow/dags/ecommerce_etl_dag.py
[2026-06-08T15:20:51.346+0000] {processor.py:840} INFO - DAG(s) 'ecommerce_distributed_dw_etl' retrieved from /opt/airflow/dags/ecommerce_etl_dag.py
[2026-06-08T15:20:51.369+0000] {logging_mixin.py:188} INFO - [2026-06-08T15:20:51.369+0000] {dag.py:3089} INFO - Sync 1 DAGs
[2026-06-08T15:20:51.377+0000] {logging_mixin.py:188} INFO - [2026-06-08T15:20:51.377+0000] {dag.py:3947} INFO - Setting next_dagrun for ecommerce_distributed_dw_etl to None, run_after=None
[2026-06-08T15:20:51.385+0000] {processor.py:183} INFO - Processing /opt/airflow/dags/ecommerce_etl_dag.py took 0.060 seconds
[2026-06-08T15:21:21.620+0000] {processor.py:161} INFO - Started process (PID=1336) to work on /opt/airflow/dags/ecommerce_etl_dag.py
[2026-06-08T15:21:21.621+0000] {processor.py:830} INFO - Processing file /opt/airflow/dags/ecommerce_etl_dag.py for tasks to queue
[2026-06-08T15:21:21.625+0000] {logging_mixin.py:188} INFO - [2026-06-08T15:21:21.624+0000] {dagbag.py:545} INFO - Filling up the DagBag from /opt/airflow/dags/ecommerce_etl_dag.py
[2026-06-08T15:21:21.640+0000] {processor.py:840} INFO - DAG(s) 'ecommerce_distributed_dw_etl' retrieved from /opt/airflow/dags/ecommerce_etl_dag.py
[2026-06-08T15:21:21.667+0000] {logging_mixin.py:188} INFO - [2026-06-08T15:21:21.667+0000] {dag.py:3089} INFO - Sync 1 DAGs
[2026-06-08T15:21:21.675+0000] {logging_mixin.py:188} INFO - [2026-06-08T15:21:21.675+0000] {dag.py:3947} INFO - Setting next_dagrun for ecommerce_distributed_dw_etl to None, run_after=None
[2026-06-08T15:21:21.685+0000] {processor.py:183} INFO - Processing /opt/airflow/dags/ecommerce_etl_dag.py took 0.076 seconds
[2026-06-08T15:21:51.883+0000] {processor.py:161} INFO - Started process (PID=1341) to work on /opt/airflow/dags/ecommerce_etl_dag.py
[2026-06-08T15:21:51.884+0000] {processor.py:830} INFO - Processing file /opt/airflow/dags/ecommerce_etl_dag.py for tasks to queue
[2026-06-08T15:21:51.886+0000] {logging_mixin.py:188} INFO - [2026-06-08T15:21:51.885+0000] {dagbag.py:545} INFO - Filling up the DagBag from /opt/airflow/dags/ecommerce_etl_dag.py
[2026-06-08T15:21:51.897+0000] {processor.py:840} INFO - DAG(s) 'ecommerce_distributed_dw_etl' retrieved from /opt/airflow/dags/ecommerce_etl_dag.py
[2026-06-08T15:21:51.924+0000] {logging_mixin.py:188} INFO - [2026-06-08T15:21:51.924+0000] {dag.py:3089} INFO - Sync 1 DAGs
[2026-06-08T15:21:51.934+0000] {logging_mixin.py:188} INFO - [2026-06-08T15:21:51.934+0000] {dag.py:3947} INFO - Setting next_dagrun for ecommerce_distributed_dw_etl to None, run_after=None
[2026-06-08T15:21:51.945+0000] {processor.py:183} INFO - Processing /opt/airflow/dags/ecommerce_etl_dag.py took 0.070 seconds
[2026-06-08T15:22:22.152+0000] {processor.py:161} INFO - Started process (PID=1346) to work on /opt/airflow/dags/ecommerce_etl_dag.py
[2026-06-08T15:22:22.153+0000] {processor.py:830} INFO - Processing file /opt/airflow/dags/ecommerce_etl_dag.py for tasks to queue
[2026-06-08T15:22:22.155+0000] {logging_mixin.py:188} INFO - [2026-06-08T15:22:22.155+0000] {dagbag.py:545} INFO - Filling up the DagBag from /opt/airflow/dags/ecommerce_etl_dag.py
[2026-06-08T15:22:22.164+0000] {processor.py:840} INFO - DAG(s) 'ecommerce_distributed_dw_etl' retrieved from /opt/airflow/dags/ecommerce_etl_dag.py
[2026-06-08T15:22:22.189+0000] {logging_mixin.py:188} INFO - [2026-06-08T15:22:22.189+0000] {dag.py:3089} INFO - Sync 1 DAGs
[2026-06-08T15:22:22.196+0000] {logging_mixin.py:188} INFO - [2026-06-08T15:22:22.196+0000] {dag.py:3947} INFO - Setting next_dagrun for ecommerce_distributed_dw_etl to None, run_after=None
[2026-06-08T15:22:22.205+0000] {processor.py:183} INFO - Processing /opt/airflow/dags/ecommerce_etl_dag.py took 0.059 seconds
[2026-06-08T15:22:52.416+0000] {processor.py:161} INFO - Started process (PID=1351) to work on /opt/airflow/dags/ecommerce_etl_dag.py
[2026-06-08T15:22:52.418+0000] {processor.py:830} INFO - Processing file /opt/airflow/dags/ecommerce_etl_dag.py for tasks to queue
[2026-06-08T15:22:52.421+0000] {logging_mixin.py:188} INFO - [2026-06-08T15:22:52.420+0000] {dagbag.py:545} INFO - Filling up the DagBag from /opt/airflow/dags/ecommerce_etl_dag.py
[2026-06-08T15:22:52.436+0000] {processor.py:840} INFO - DAG(s) 'ecommerce_distributed_dw_etl' retrieved from /opt/airflow/dags/ecommerce_etl_dag.py
[2026-06-08T15:22:52.464+0000] {logging_mixin.py:188} INFO - [2026-06-08T15:22:52.464+0000] {dag.py:3089} INFO - Sync 1 DAGs
[2026-06-08T15:22:52.470+0000] {logging_mixin.py:188} INFO - [2026-06-08T15:22:52.470+0000] {dag.py:3947} INFO - Setting next_dagrun for ecommerce_distributed_dw_etl to None, run_after=None
[2026-06-08T15:22:52.478+0000] {processor.py:183} INFO - Processing /opt/airflow/dags/ecommerce_etl_dag.py took 0.073 seconds
[2026-06-08T15:23:22.802+0000] {processor.py:161} INFO - Started process (PID=1356) to work on /opt/airflow/dags/ecommerce_etl_dag.py
[2026-06-08T15:23:22.804+0000] {processor.py:830} INFO - Processing file /opt/airflow/dags/ecommerce_etl_dag.py for tasks to queue
[2026-06-08T15:23:22.806+0000] {logging_mixin.py:188} INFO - [2026-06-08T15:23:22.805+0000] {dagbag.py:545} INFO - Filling up the DagBag from /opt/airflow/dags/ecommerce_etl_dag.py
[2026-06-08T15:23:22.817+0000] {processor.py:840} INFO - DAG(s) 'ecommerce_distributed_dw_etl' retrieved from /opt/airflow/dags/ecommerce_etl_dag.py
[2026-06-08T15:23:22.845+0000] {logging_mixin.py:188} INFO - [2026-06-08T15:23:22.845+0000] {dag.py:3089} INFO - Sync 1 DAGs
[2026-06-08T15:23:22.856+0000] {logging_mixin.py:188} INFO - [2026-06-08T15:23:22.856+0000] {dag.py:3947} INFO - Setting next_dagrun for ecommerce_distributed_dw_etl to None, run_after=None
[2026-06-08T15:23:22.867+0000] {processor.py:183} INFO - Processing /opt/airflow/dags/ecommerce_etl_dag.py took 0.071 seconds
[2026-06-08T15:23:53.111+0000] {processor.py:161} INFO - Started process (PID=1361) to work on /opt/airflow/dags/ecommerce_etl_dag.py
[2026-06-08T15:23:53.112+0000] {processor.py:830} INFO - Processing file /opt/airflow/dags/ecommerce_etl_dag.py for tasks to queue
[2026-06-08T15:23:53.113+0000] {logging_mixin.py:188} INFO - [2026-06-08T15:23:53.113+0000] {dagbag.py:545} INFO - Filling up the DagBag from /opt/airflow/dags/ecommerce_etl_dag.py
[2026-06-08T15:23:53.124+0000] {processor.py:840} INFO - DAG(s) 'ecommerce_distributed_dw_etl' retrieved from /opt/airflow/dags/ecommerce_etl_dag.py
[2026-06-08T15:23:53.153+0000] {logging_mixin.py:188} INFO - [2026-06-08T15:23:53.152+0000] {dag.py:3089} INFO - Sync 1 DAGs
[2026-06-08T15:23:53.160+0000] {logging_mixin.py:188} INFO - [2026-06-08T15:23:53.160+0000] {dag.py:3947} INFO - Setting next_dagrun for ecommerce_distributed_dw_etl to None, run_after=None
[2026-06-08T15:23:53.169+0000] {processor.py:183} INFO - Processing /opt/airflow/dags/ecommerce_etl_dag.py took 0.066 seconds
[2026-06-08T15:24:23.463+0000] {processor.py:161} INFO - Started process (PID=1366) to work on /opt/airflow/dags/ecommerce_etl_dag.py
[2026-06-08T15:24:23.464+0000] {processor.py:830} INFO - Processing file /opt/airflow/dags/ecommerce_etl_dag.py for tasks to queue
[2026-06-08T15:24:23.466+0000] {logging_mixin.py:188} INFO - [2026-06-08T15:24:23.466+0000] {dagbag.py:545} INFO - Filling up the DagBag from /opt/airflow/dags/ecommerce_etl_dag.py
[2026-06-08T15:24:23.477+0000] {processor.py:840} INFO - DAG(s) 'ecommerce_distributed_dw_etl' retrieved from /opt/airflow/dags/ecommerce_etl_dag.py
[2026-06-08T15:24:23.503+0000] {logging_mixin.py:188} INFO - [2026-06-08T15:24:23.503+0000] {dag.py:3089} INFO - Sync 1 DAGs
[2026-06-08T15:24:23.510+0000] {logging_mixin.py:188} INFO - [2026-06-08T15:24:23.510+0000] {dag.py:3947} INFO - Setting next_dagrun for ecommerce_distributed_dw_etl to None, run_after=None
[2026-06-08T15:24:23.519+0000] {processor.py:183} INFO - Processing /opt/airflow/dags/ecommerce_etl_dag.py took 0.064 seconds
[2026-06-08T15:24:53.830+0000] {processor.py:161} INFO - Started process (PID=1371) to work on /opt/airflow/dags/ecommerce_etl_dag.py
[2026-06-08T15:24:53.831+0000] {processor.py:830} INFO - Processing file /opt/airflow/dags/ecommerce_etl_dag.py for tasks to queue
[2026-06-08T15:24:53.833+0000] {logging_mixin.py:188} INFO - [2026-06-08T15:24:53.832+0000] {dagbag.py:545} INFO - Filling up the DagBag from /opt/airflow/dags/ecommerce_etl_dag.py
[2026-06-08T15:24:53.847+0000] {processor.py:840} INFO - DAG(s) 'ecommerce_distributed_dw_etl' retrieved from /opt/airflow/dags/ecommerce_etl_dag.py
[2026-06-08T15:24:53.884+0000] {logging_mixin.py:188} INFO - [2026-06-08T15:24:53.884+0000] {dag.py:3089} INFO - Sync 1 DAGs
[2026-06-08T15:24:53.901+0000] {logging_mixin.py:188} INFO - [2026-06-08T15:24:53.901+0000] {dag.py:3947} INFO - Setting next_dagrun for ecommerce_distributed_dw_etl to None, run_after=None
[2026-06-08T15:24:53.928+0000] {processor.py:183} INFO - Processing /opt/airflow/dags/ecommerce_etl_dag.py took 0.107 seconds
[2026-06-08T15:25:24.131+0000] {processor.py:161} INFO - Started process (PID=1376) to work on /opt/airflow/dags/ecommerce_etl_dag.py
[2026-06-08T15:25:24.132+0000] {processor.py:830} INFO - Processing file /opt/airflow/dags/ecommerce_etl_dag.py for tasks to queue
[2026-06-08T15:25:24.134+0000] {logging_mixin.py:188} INFO - [2026-06-08T15:25:24.133+0000] {dagbag.py:545} INFO - Filling up the DagBag from /opt/airflow/dags/ecommerce_etl_dag.py
[2026-06-08T15:25:24.144+0000] {processor.py:840} INFO - DAG(s) 'ecommerce_distributed_dw_etl' retrieved from /opt/airflow/dags/ecommerce_etl_dag.py
[2026-06-08T15:25:24.170+0000] {logging_mixin.py:188} INFO - [2026-06-08T15:25:24.170+0000] {dag.py:3089} INFO - Sync 1 DAGs
[2026-06-08T15:25:24.178+0000] {logging_mixin.py:188} INFO - [2026-06-08T15:25:24.178+0000] {dag.py:3947} INFO - Setting next_dagrun for ecommerce_distributed_dw_etl to None, run_after=None
[2026-06-08T15:25:24.187+0000] {processor.py:183} INFO - Processing /opt/airflow/dags/ecommerce_etl_dag.py took 0.065 seconds
[2026-06-08T15:25:54.458+0000] {processor.py:161} INFO - Started process (PID=1381) to work on /opt/airflow/dags/ecommerce_etl_dag.py
[2026-06-08T15:25:54.459+0000] {processor.py:830} INFO - Processing file /opt/airflow/dags/ecommerce_etl_dag.py for tasks to queue
[2026-06-08T15:25:54.461+0000] {logging_mixin.py:188} INFO - [2026-06-08T15:25:54.460+0000] {dagbag.py:545} INFO - Filling up the DagBag from /opt/airflow/dags/ecommerce_etl_dag.py
[2026-06-08T15:25:54.472+0000] {processor.py:840} INFO - DAG(s) 'ecommerce_distributed_dw_etl' retrieved from /opt/airflow/dags/ecommerce_etl_dag.py
[2026-06-08T15:25:54.498+0000] {logging_mixin.py:188} INFO - [2026-06-08T15:25:54.498+0000] {dag.py:3089} INFO - Sync 1 DAGs
[2026-06-08T15:25:54.506+0000] {logging_mixin.py:188} INFO - [2026-06-08T15:25:54.506+0000] {dag.py:3947} INFO - Setting next_dagrun for ecommerce_distributed_dw_etl to None, run_after=None
[2026-06-08T15:25:54.515+0000] {processor.py:183} INFO - Processing /opt/airflow/dags/ecommerce_etl_dag.py took 0.065 seconds
[2026-06-08T15:26:24.789+0000] {processor.py:161} INFO - Started process (PID=1386) to work on /opt/airflow/dags/ecommerce_etl_dag.py
[2026-06-08T15:26:24.791+0000] {processor.py:830} INFO - Processing file /opt/airflow/dags/ecommerce_etl_dag.py for tasks to queue
[2026-06-08T15:26:24.793+0000] {logging_mixin.py:188} INFO - [2026-06-08T15:26:24.792+0000] {dagbag.py:545} INFO - Filling up the DagBag from /opt/airflow/dags/ecommerce_etl_dag.py
[2026-06-08T15:26:24.804+0000] {processor.py:840} INFO - DAG(s) 'ecommerce_distributed_dw_etl' retrieved from /opt/airflow/dags/ecommerce_etl_dag.py
[2026-06-08T15:26:24.831+0000] {logging_mixin.py:188} INFO - [2026-06-08T15:26:24.831+0000] {dag.py:3089} INFO - Sync 1 DAGs
[2026-06-08T15:26:24.839+0000] {logging_mixin.py:188} INFO - [2026-06-08T15:26:24.838+0000] {dag.py:3947} INFO - Setting next_dagrun for ecommerce_distributed_dw_etl to None, run_after=None
[2026-06-08T15:26:24.848+0000] {processor.py:183} INFO - Processing /opt/airflow/dags/ecommerce_etl_dag.py took 0.069 seconds
[2026-06-08T15:26:55.139+0000] {processor.py:161} INFO - Started process (PID=1391) to work on /opt/airflow/dags/ecommerce_etl_dag.py
[2026-06-08T15:26:55.140+0000] {processor.py:830} INFO - Processing file /opt/airflow/dags/ecommerce_etl_dag.py for tasks to queue
[2026-06-08T15:26:55.144+0000] {logging_mixin.py:188} INFO - [2026-06-08T15:26:55.143+0000] {dagbag.py:545} INFO - Filling up the DagBag from /opt/airflow/dags/ecommerce_etl_dag.py
[2026-06-08T15:26:55.161+0000] {processor.py:840} INFO - DAG(s) 'ecommerce_distributed_dw_etl' retrieved from /opt/airflow/dags/ecommerce_etl_dag.py
[2026-06-08T15:26:55.192+0000] {logging_mixin.py:188} INFO - [2026-06-08T15:26:55.192+0000] {dag.py:3089} INFO - Sync 1 DAGs
[2026-06-08T15:26:55.201+0000] {logging_mixin.py:188} INFO - [2026-06-08T15:26:55.200+0000] {dag.py:3947} INFO - Setting next_dagrun for ecommerce_distributed_dw_etl to None, run_after=None
[2026-06-08T15:26:55.210+0000] {processor.py:183} INFO - Processing /opt/airflow/dags/ecommerce_etl_dag.py took 0.083 seconds
[2026-06-08T15:27:25.583+0000] {processor.py:161} INFO - Started process (PID=1396) to work on /opt/airflow/dags/ecommerce_etl_dag.py
[2026-06-08T15:27:25.584+0000] {processor.py:830} INFO - Processing file /opt/airflow/dags/ecommerce_etl_dag.py for tasks to queue
[2026-06-08T15:27:25.587+0000] {logging_mixin.py:188} INFO - [2026-06-08T15:27:25.586+0000] {dagbag.py:545} INFO - Filling up the DagBag from /opt/airflow/dags/ecommerce_etl_dag.py
[2026-06-08T15:27:25.597+0000] {processor.py:840} INFO - DAG(s) 'ecommerce_distributed_dw_etl' retrieved from /opt/airflow/dags/ecommerce_etl_dag.py
[2026-06-08T15:27:25.625+0000] {logging_mixin.py:188} INFO - [2026-06-08T15:27:25.625+0000] {dag.py:3089} INFO - Sync 1 DAGs
[2026-06-08T15:27:25.634+0000] {logging_mixin.py:188} INFO - [2026-06-08T15:27:25.634+0000] {dag.py:3947} INFO - Setting next_dagrun for ecommerce_distributed_dw_etl to None, run_after=None
[2026-06-08T15:27:25.644+0000] {processor.py:183} INFO - Processing /opt/airflow/dags/ecommerce_etl_dag.py took 0.067 seconds
[2026-06-08T15:27:55.895+0000] {processor.py:161} INFO - Started process (PID=1401) to work on /opt/airflow/dags/ecommerce_etl_dag.py
[2026-06-08T15:27:55.896+0000] {processor.py:830} INFO - Processing file /opt/airflow/dags/ecommerce_etl_dag.py for tasks to queue
[2026-06-08T15:27:55.900+0000] {logging_mixin.py:188} INFO - [2026-06-08T15:27:55.899+0000] {dagbag.py:545} INFO - Filling up the DagBag from /opt/airflow/dags/ecommerce_etl_dag.py
[2026-06-08T15:27:55.915+0000] {processor.py:840} INFO - DAG(s) 'ecommerce_distributed_dw_etl' retrieved from /opt/airflow/dags/ecommerce_etl_dag.py
[2026-06-08T15:27:55.942+0000] {logging_mixin.py:188} INFO - [2026-06-08T15:27:55.942+0000] {dag.py:3089} INFO - Sync 1 DAGs
[2026-06-08T15:27:55.948+0000] {logging_mixin.py:188} INFO - [2026-06-08T15:27:55.948+0000] {dag.py:3947} INFO - Setting next_dagrun for ecommerce_distributed_dw_etl to None, run_after=None
[2026-06-08T15:27:55.957+0000] {processor.py:183} INFO - Processing /opt/airflow/dags/ecommerce_etl_dag.py took 0.072 seconds
[2026-06-08T15:28:26.281+0000] {processor.py:161} INFO - Started process (PID=1406) to work on /opt/airflow/dags/ecommerce_etl_dag.py
[2026-06-08T15:28:26.282+0000] {processor.py:830} INFO - Processing file /opt/airflow/dags/ecommerce_etl_dag.py for tasks to queue
[2026-06-08T15:28:26.283+0000] {logging_mixin.py:188} INFO - [2026-06-08T15:28:26.283+0000] {dagbag.py:545} INFO - Filling up the DagBag from /opt/airflow/dags/ecommerce_etl_dag.py
[2026-06-08T15:28:26.295+0000] {processor.py:840} INFO - DAG(s) 'ecommerce_distributed_dw_etl' retrieved from /opt/airflow/dags/ecommerce_etl_dag.py
[2026-06-08T15:28:26.323+0000] {logging_mixin.py:188} INFO - [2026-06-08T15:28:26.322+0000] {dag.py:3089} INFO - Sync 1 DAGs
[2026-06-08T15:28:26.333+0000] {logging_mixin.py:188} INFO - [2026-06-08T15:28:26.332+0000] {dag.py:3947} INFO - Setting next_dagrun for ecommerce_distributed_dw_etl to None, run_after=None
[2026-06-08T15:28:26.342+0000] {processor.py:183} INFO - Processing /opt/airflow/dags/ecommerce_etl_dag.py took 0.069 seconds
[2026-06-08T15:28:56.587+0000] {processor.py:161} INFO - Started process (PID=1411) to work on /opt/airflow/dags/ecommerce_etl_dag.py
[2026-06-08T15:28:56.589+0000] {processor.py:830} INFO - Processing file /opt/airflow/dags/ecommerce_etl_dag.py for tasks to queue
[2026-06-08T15:28:56.591+0000] {logging_mixin.py:188} INFO - [2026-06-08T15:28:56.591+0000] {dagbag.py:545} INFO - Filling up the DagBag from /opt/airflow/dags/ecommerce_etl_dag.py
[2026-06-08T15:28:56.601+0000] {processor.py:840} INFO - DAG(s) 'ecommerce_distributed_dw_etl' retrieved from /opt/airflow/dags/ecommerce_etl_dag.py
[2026-06-08T15:28:56.629+0000] {logging_mixin.py:188} INFO - [2026-06-08T15:28:56.629+0000] {dag.py:3089} INFO - Sync 1 DAGs
[2026-06-08T15:28:56.636+0000] {logging_mixin.py:188} INFO - [2026-06-08T15:28:56.636+0000] {dag.py:3947} INFO - Setting next_dagrun for ecommerce_distributed_dw_etl to None, run_after=None
[2026-06-08T15:28:56.645+0000] {processor.py:183} INFO - Processing /opt/airflow/dags/ecommerce_etl_dag.py took 0.066 seconds
[2026-06-08T15:29:26.995+0000] {processor.py:161} INFO - Started process (PID=1416) to work on /opt/airflow/dags/ecommerce_etl_dag.py
[2026-06-08T15:29:26.995+0000] {processor.py:830} INFO - Processing file /opt/airflow/dags/ecommerce_etl_dag.py for tasks to queue
[2026-06-08T15:29:26.997+0000] {logging_mixin.py:188} INFO - [2026-06-08T15:29:26.997+0000] {dagbag.py:545} INFO - Filling up the DagBag from /opt/airflow/dags/ecommerce_etl_dag.py
[2026-06-08T15:29:27.003+0000] {processor.py:840} INFO - DAG(s) 'ecommerce_distributed_dw_etl' retrieved from /opt/airflow/dags/ecommerce_etl_dag.py
[2026-06-08T15:29:27.022+0000] {logging_mixin.py:188} INFO - [2026-06-08T15:29:27.022+0000] {dag.py:3089} INFO - Sync 1 DAGs
[2026-06-08T15:29:27.028+0000] {logging_mixin.py:188} INFO - [2026-06-08T15:29:27.028+0000] {dag.py:3947} INFO - Setting next_dagrun for ecommerce_distributed_dw_etl to None, run_after=None
[2026-06-08T15:29:27.036+0000] {processor.py:183} INFO - Processing /opt/airflow/dags/ecommerce_etl_dag.py took 0.046 seconds
[2026-06-08T15:29:57.368+0000] {processor.py:161} INFO - Started process (PID=1421) to work on /opt/airflow/dags/ecommerce_etl_dag.py
[2026-06-08T15:29:57.370+0000] {processor.py:830} INFO - Processing file /opt/airflow/dags/ecommerce_etl_dag.py for tasks to queue
[2026-06-08T15:29:57.374+0000] {logging_mixin.py:188} INFO - [2026-06-08T15:29:57.373+0000] {dagbag.py:545} INFO - Filling up the DagBag from /opt/airflow/dags/ecommerce_etl_dag.py
[2026-06-08T15:29:57.389+0000] {processor.py:840} INFO - DAG(s) 'ecommerce_distributed_dw_etl' retrieved from /opt/airflow/dags/ecommerce_etl_dag.py
[2026-06-08T15:29:57.418+0000] {logging_mixin.py:188} INFO - [2026-06-08T15:29:57.418+0000] {dag.py:3089} INFO - Sync 1 DAGs
[2026-06-08T15:29:57.425+0000] {logging_mixin.py:188} INFO - [2026-06-08T15:29:57.425+0000] {dag.py:3947} INFO - Setting next_dagrun for ecommerce_distributed_dw_etl to None, run_after=None
[2026-06-08T15:29:57.443+0000] {processor.py:183} INFO - Processing /opt/airflow/dags/ecommerce_etl_dag.py took 0.086 seconds
[2026-06-08T15:30:27.729+0000] {processor.py:161} INFO - Started process (PID=1426) to work on /opt/airflow/dags/ecommerce_etl_dag.py
[2026-06-08T15:30:27.730+0000] {processor.py:830} INFO - Processing file /opt/airflow/dags/ecommerce_etl_dag.py for tasks to queue
[2026-06-08T15:30:27.732+0000] {logging_mixin.py:188} INFO - [2026-06-08T15:30:27.732+0000] {dagbag.py:545} INFO - Filling up the DagBag from /opt/airflow/dags/ecommerce_etl_dag.py
[2026-06-08T15:30:27.741+0000] {processor.py:840} INFO - DAG(s) 'ecommerce_distributed_dw_etl' retrieved from /opt/airflow/dags/ecommerce_etl_dag.py
[2026-06-08T15:30:27.770+0000] {logging_mixin.py:188} INFO - [2026-06-08T15:30:27.770+0000] {dag.py:3089} INFO - Sync 1 DAGs
[2026-06-08T15:30:27.780+0000] {logging_mixin.py:188} INFO - [2026-06-08T15:30:27.780+0000] {dag.py:3947} INFO - Setting next_dagrun for ecommerce_distributed_dw_etl to None, run_after=None
[2026-06-08T15:30:27.790+0000] {processor.py:183} INFO - Processing /opt/airflow/dags/ecommerce_etl_dag.py took 0.068 seconds
[2026-06-08T15:30:58.155+0000] {processor.py:161} INFO - Started process (PID=1431) to work on /opt/airflow/dags/ecommerce_etl_dag.py
[2026-06-08T15:30:58.155+0000] {processor.py:830} INFO - Processing file /opt/airflow/dags/ecommerce_etl_dag.py for tasks to queue
[2026-06-08T15:30:58.157+0000] {logging_mixin.py:188} INFO - [2026-06-08T15:30:58.157+0000] {dagbag.py:545} INFO - Filling up the DagBag from /opt/airflow/dags/ecommerce_etl_dag.py
[2026-06-08T15:30:58.164+0000] {processor.py:840} INFO - DAG(s) 'ecommerce_distributed_dw_etl' retrieved from /opt/airflow/dags/ecommerce_etl_dag.py
[2026-06-08T15:30:58.189+0000] {logging_mixin.py:188} INFO - [2026-06-08T15:30:58.189+0000] {dag.py:3089} INFO - Sync 1 DAGs
[2026-06-08T15:30:58.196+0000] {logging_mixin.py:188} INFO - [2026-06-08T15:30:58.196+0000] {dag.py:3947} INFO - Setting next_dagrun for ecommerce_distributed_dw_etl to None, run_after=None
[2026-06-08T15:30:58.208+0000] {processor.py:183} INFO - Processing /opt/airflow/dags/ecommerce_etl_dag.py took 0.058 seconds
[2026-06-08T15:31:28.481+0000] {processor.py:161} INFO - Started process (PID=1436) to work on /opt/airflow/dags/ecommerce_etl_dag.py
[2026-06-08T15:31:28.482+0000] {processor.py:830} INFO - Processing file /opt/airflow/dags/ecommerce_etl_dag.py for tasks to queue
[2026-06-08T15:31:28.486+0000] {logging_mixin.py:188} INFO - [2026-06-08T15:31:28.486+0000] {dagbag.py:545} INFO - Filling up the DagBag from /opt/airflow/dags/ecommerce_etl_dag.py
[2026-06-08T15:31:28.503+0000] {processor.py:840} INFO - DAG(s) 'ecommerce_distributed_dw_etl' retrieved from /opt/airflow/dags/ecommerce_etl_dag.py
[2026-06-08T15:31:28.530+0000] {logging_mixin.py:188} INFO - [2026-06-08T15:31:28.530+0000] {dag.py:3089} INFO - Sync 1 DAGs
[2026-06-08T15:31:28.536+0000] {logging_mixin.py:188} INFO - [2026-06-08T15:31:28.536+0000] {dag.py:3947} INFO - Setting next_dagrun for ecommerce_distributed_dw_etl to None, run_after=None
[2026-06-08T15:31:28.544+0000] {processor.py:183} INFO - Processing /opt/airflow/dags/ecommerce_etl_dag.py took 0.074 seconds
[2026-06-08T15:31:58.866+0000] {processor.py:161} INFO - Started process (PID=1441) to work on /opt/airflow/dags/ecommerce_etl_dag.py
[2026-06-08T15:31:58.867+0000] {processor.py:830} INFO - Processing file /opt/airflow/dags/ecommerce_etl_dag.py for tasks to queue
[2026-06-08T15:31:58.870+0000] {logging_mixin.py:188} INFO - [2026-06-08T15:31:58.870+0000] {dagbag.py:545} INFO - Filling up the DagBag from /opt/airflow/dags/ecommerce_etl_dag.py
[2026-06-08T15:31:58.881+0000] {processor.py:840} INFO - DAG(s) 'ecommerce_distributed_dw_etl' retrieved from /opt/airflow/dags/ecommerce_etl_dag.py
[2026-06-08T15:31:58.909+0000] {logging_mixin.py:188} INFO - [2026-06-08T15:31:58.909+0000] {dag.py:3089} INFO - Sync 1 DAGs
[2026-06-08T15:31:58.920+0000] {logging_mixin.py:188} INFO - [2026-06-08T15:31:58.920+0000] {dag.py:3947} INFO - Setting next_dagrun for ecommerce_distributed_dw_etl to None, run_after=None
[2026-06-08T15:31:58.931+0000] {processor.py:183} INFO - Processing /opt/airflow/dags/ecommerce_etl_dag.py took 0.073 seconds
[2026-06-08T15:32:29.196+0000] {processor.py:161} INFO - Started process (PID=1446) to work on /opt/airflow/dags/ecommerce_etl_dag.py
[2026-06-08T15:32:29.197+0000] {processor.py:830} INFO - Processing file /opt/airflow/dags/ecommerce_etl_dag.py for tasks to queue
[2026-06-08T15:32:29.199+0000] {logging_mixin.py:188} INFO - [2026-06-08T15:32:29.198+0000] {dagbag.py:545} INFO - Filling up the DagBag from /opt/airflow/dags/ecommerce_etl_dag.py
[2026-06-08T15:32:29.208+0000] {processor.py:840} INFO - DAG(s) 'ecommerce_distributed_dw_etl' retrieved from /opt/airflow/dags/ecommerce_etl_dag.py
[2026-06-08T15:32:29.232+0000] {logging_mixin.py:188} INFO - [2026-06-08T15:32:29.232+0000] {dag.py:3089} INFO - Sync 1 DAGs
[2026-06-08T15:32:29.238+0000] {logging_mixin.py:188} INFO - [2026-06-08T15:32:29.238+0000] {dag.py:3947} INFO - Setting next_dagrun for ecommerce_distributed_dw_etl to None, run_after=None
[2026-06-08T15:32:29.248+0000] {processor.py:183} INFO - Processing /opt/airflow/dags/ecommerce_etl_dag.py took 0.059 seconds
[2026-06-08T15:32:59.531+0000] {processor.py:161} INFO - Started process (PID=1451) to work on /opt/airflow/dags/ecommerce_etl_dag.py
[2026-06-08T15:32:59.533+0000] {processor.py:830} INFO - Processing file /opt/airflow/dags/ecommerce_etl_dag.py for tasks to queue
[2026-06-08T15:32:59.535+0000] {logging_mixin.py:188} INFO - [2026-06-08T15:32:59.535+0000] {dagbag.py:545} INFO - Filling up the DagBag from /opt/airflow/dags/ecommerce_etl_dag.py
[2026-06-08T15:32:59.546+0000] {processor.py:840} INFO - DAG(s) 'ecommerce_distributed_dw_etl' retrieved from /opt/airflow/dags/ecommerce_etl_dag.py
[2026-06-08T15:32:59.576+0000] {logging_mixin.py:188} INFO - [2026-06-08T15:32:59.575+0000] {dag.py:3089} INFO - Sync 1 DAGs
[2026-06-08T15:32:59.583+0000] {logging_mixin.py:188} INFO - [2026-06-08T15:32:59.583+0000] {dag.py:3947} INFO - Setting next_dagrun for ecommerce_distributed_dw_etl to None, run_after=None
[2026-06-08T15:32:59.591+0000] {processor.py:183} INFO - Processing /opt/airflow/dags/ecommerce_etl_dag.py took 0.068 seconds
[2026-06-08T15:33:29.876+0000] {processor.py:161} INFO - Started process (PID=1456) to work on /opt/airflow/dags/ecommerce_etl_dag.py
[2026-06-08T15:33:29.877+0000] {processor.py:830} INFO - Processing file /opt/airflow/dags/ecommerce_etl_dag.py for tasks to queue
[2026-06-08T15:33:29.881+0000] {logging_mixin.py:188} INFO - [2026-06-08T15:33:29.880+0000] {dagbag.py:545} INFO - Filling up the DagBag from /opt/airflow/dags/ecommerce_etl_dag.py
[2026-06-08T15:33:29.899+0000] {processor.py:840} INFO - DAG(s) 'ecommerce_distributed_dw_etl' retrieved from /opt/airflow/dags/ecommerce_etl_dag.py
[2026-06-08T15:33:29.928+0000] {logging_mixin.py:188} INFO - [2026-06-08T15:33:29.928+0000] {dag.py:3089} INFO - Sync 1 DAGs
[2026-06-08T15:33:29.936+0000] {logging_mixin.py:188} INFO - [2026-06-08T15:33:29.936+0000] {dag.py:3947} INFO - Setting next_dagrun for ecommerce_distributed_dw_etl to None, run_after=None
[2026-06-08T15:33:29.945+0000] {processor.py:183} INFO - Processing /opt/airflow/dags/ecommerce_etl_dag.py took 0.078 seconds
[2026-06-08T15:34:00.161+0000] {processor.py:161} INFO - Started process (PID=1461) to work on /opt/airflow/dags/ecommerce_etl_dag.py
[2026-06-08T15:34:00.162+0000] {processor.py:830} INFO - Processing file /opt/airflow/dags/ecommerce_etl_dag.py for tasks to queue
[2026-06-08T15:34:00.163+0000] {logging_mixin.py:188} INFO - [2026-06-08T15:34:00.163+0000] {dagbag.py:545} INFO - Filling up the DagBag from /opt/airflow/dags/ecommerce_etl_dag.py
[2026-06-08T15:34:00.172+0000] {processor.py:840} INFO - DAG(s) 'ecommerce_distributed_dw_etl' retrieved from /opt/airflow/dags/ecommerce_etl_dag.py
[2026-06-08T15:34:00.193+0000] {logging_mixin.py:188} INFO - [2026-06-08T15:34:00.193+0000] {dag.py:3089} INFO - Sync 1 DAGs
[2026-06-08T15:34:00.200+0000] {logging_mixin.py:188} INFO - [2026-06-08T15:34:00.199+0000] {dag.py:3947} INFO - Setting next_dagrun for ecommerce_distributed_dw_etl to None, run_after=None
[2026-06-08T15:34:00.208+0000] {processor.py:183} INFO - Processing /opt/airflow/dags/ecommerce_etl_dag.py took 0.053 seconds
[2026-06-08T15:34:30.410+0000] {processor.py:161} INFO - Started process (PID=1466) to work on /opt/airflow/dags/ecommerce_etl_dag.py
[2026-06-08T15:34:30.412+0000] {processor.py:830} INFO - Processing file /opt/airflow/dags/ecommerce_etl_dag.py for tasks to queue
[2026-06-08T15:34:30.413+0000] {logging_mixin.py:188} INFO - [2026-06-08T15:34:30.413+0000] {dagbag.py:545} INFO - Filling up the DagBag from /opt/airflow/dags/ecommerce_etl_dag.py
[2026-06-08T15:34:30.422+0000] {processor.py:840} INFO - DAG(s) 'ecommerce_distributed_dw_etl' retrieved from /opt/airflow/dags/ecommerce_etl_dag.py
[2026-06-08T15:34:30.445+0000] {logging_mixin.py:188} INFO - [2026-06-08T15:34:30.444+0000] {dag.py:3089} INFO - Sync 1 DAGs
[2026-06-08T15:34:30.452+0000] {logging_mixin.py:188} INFO - [2026-06-08T15:34:30.451+0000] {dag.py:3947} INFO - Setting next_dagrun for ecommerce_distributed_dw_etl to None, run_after=None
[2026-06-08T15:34:30.460+0000] {processor.py:183} INFO - Processing /opt/airflow/dags/ecommerce_etl_dag.py took 0.056 seconds
[2026-06-08T15:35:00.750+0000] {processor.py:161} INFO - Started process (PID=1471) to work on /opt/airflow/dags/ecommerce_etl_dag.py
[2026-06-08T15:35:00.752+0000] {processor.py:830} INFO - Processing file /opt/airflow/dags/ecommerce_etl_dag.py for tasks to queue
[2026-06-08T15:35:00.755+0000] {logging_mixin.py:188} INFO - [2026-06-08T15:35:00.754+0000] {dagbag.py:545} INFO - Filling up the DagBag from /opt/airflow/dags/ecommerce_etl_dag.py
[2026-06-08T15:35:00.769+0000] {processor.py:840} INFO - DAG(s) 'ecommerce_distributed_dw_etl' retrieved from /opt/airflow/dags/ecommerce_etl_dag.py
[2026-06-08T15:35:00.795+0000] {logging_mixin.py:188} INFO - [2026-06-08T15:35:00.795+0000] {dag.py:3089} INFO - Sync 1 DAGs
[2026-06-08T15:35:00.802+0000] {logging_mixin.py:188} INFO - [2026-06-08T15:35:00.802+0000] {dag.py:3947} INFO - Setting next_dagrun for ecommerce_distributed_dw_etl to None, run_after=None
[2026-06-08T15:35:00.812+0000] {processor.py:183} INFO - Processing /opt/airflow/dags/ecommerce_etl_dag.py took 0.071 seconds
[2026-06-08T15:35:31.076+0000] {processor.py:161} INFO - Started process (PID=1476) to work on /opt/airflow/dags/ecommerce_etl_dag.py
[2026-06-08T15:35:31.076+0000] {processor.py:830} INFO - Processing file /opt/airflow/dags/ecommerce_etl_dag.py for tasks to queue
[2026-06-08T15:35:31.078+0000] {logging_mixin.py:188} INFO - [2026-06-08T15:35:31.078+0000] {dagbag.py:545} INFO - Filling up the DagBag from /opt/airflow/dags/ecommerce_etl_dag.py
[2026-06-08T15:35:31.086+0000] {processor.py:840} INFO - DAG(s) 'ecommerce_distributed_dw_etl' retrieved from /opt/airflow/dags/ecommerce_etl_dag.py
[2026-06-08T15:35:31.118+0000] {logging_mixin.py:188} INFO - [2026-06-08T15:35:31.118+0000] {dag.py:3089} INFO - Sync 1 DAGs
[2026-06-08T15:35:31.130+0000] {logging_mixin.py:188} INFO - [2026-06-08T15:35:31.129+0000] {dag.py:3947} INFO - Setting next_dagrun for ecommerce_distributed_dw_etl to None, run_after=None
[2026-06-08T15:35:31.161+0000] {processor.py:183} INFO - Processing /opt/airflow/dags/ecommerce_etl_dag.py took 0.088 seconds
[2026-06-08T15:36:01.416+0000] {processor.py:161} INFO - Started process (PID=1481) to work on /opt/airflow/dags/ecommerce_etl_dag.py
[2026-06-08T15:36:01.417+0000] {processor.py:830} INFO - Processing file /opt/airflow/dags/ecommerce_etl_dag.py for tasks to queue
[2026-06-08T15:36:01.419+0000] {logging_mixin.py:188} INFO - [2026-06-08T15:36:01.419+0000] {dagbag.py:545} INFO - Filling up the DagBag from /opt/airflow/dags/ecommerce_etl_dag.py
[2026-06-08T15:36:01.429+0000] {processor.py:840} INFO - DAG(s) 'ecommerce_distributed_dw_etl' retrieved from /opt/airflow/dags/ecommerce_etl_dag.py
[2026-06-08T15:36:01.456+0000] {logging_mixin.py:188} INFO - [2026-06-08T15:36:01.456+0000] {dag.py:3089} INFO - Sync 1 DAGs
[2026-06-08T15:36:01.464+0000] {logging_mixin.py:188} INFO - [2026-06-08T15:36:01.464+0000] {dag.py:3947} INFO - Setting next_dagrun for ecommerce_distributed_dw_etl to None, run_after=None
[2026-06-08T15:36:01.473+0000] {processor.py:183} INFO - Processing /opt/airflow/dags/ecommerce_etl_dag.py took 0.063 seconds
[2026-06-08T15:36:31.784+0000] {processor.py:161} INFO - Started process (PID=1486) to work on /opt/airflow/dags/ecommerce_etl_dag.py
[2026-06-08T15:36:31.786+0000] {processor.py:830} INFO - Processing file /opt/airflow/dags/ecommerce_etl_dag.py for tasks to queue
[2026-06-08T15:36:31.789+0000] {logging_mixin.py:188} INFO - [2026-06-08T15:36:31.789+0000] {dagbag.py:545} INFO - Filling up the DagBag from /opt/airflow/dags/ecommerce_etl_dag.py
[2026-06-08T15:36:31.804+0000] {processor.py:840} INFO - DAG(s) 'ecommerce_distributed_dw_etl' retrieved from /opt/airflow/dags/ecommerce_etl_dag.py
[2026-06-08T15:36:31.832+0000] {logging_mixin.py:188} INFO - [2026-06-08T15:36:31.832+0000] {dag.py:3089} INFO - Sync 1 DAGs
[2026-06-08T15:36:31.838+0000] {logging_mixin.py:188} INFO - [2026-06-08T15:36:31.838+0000] {dag.py:3947} INFO - Setting next_dagrun for ecommerce_distributed_dw_etl to None, run_after=None
[2026-06-08T15:36:31.846+0000] {processor.py:183} INFO - Processing /opt/airflow/dags/ecommerce_etl_dag.py took 0.073 seconds
[2026-06-08T15:37:02.128+0000] {processor.py:161} INFO - Started process (PID=1491) to work on /opt/airflow/dags/ecommerce_etl_dag.py
[2026-06-08T15:37:02.129+0000] {processor.py:830} INFO - Processing file /opt/airflow/dags/ecommerce_etl_dag.py for tasks to queue
[2026-06-08T15:37:02.131+0000] {logging_mixin.py:188} INFO - [2026-06-08T15:37:02.131+0000] {dagbag.py:545} INFO - Filling up the DagBag from /opt/airflow/dags/ecommerce_etl_dag.py
[2026-06-08T15:37:02.142+0000] {processor.py:840} INFO - DAG(s) 'ecommerce_distributed_dw_etl' retrieved from /opt/airflow/dags/ecommerce_etl_dag.py
[2026-06-08T15:37:02.171+0000] {logging_mixin.py:188} INFO - [2026-06-08T15:37:02.171+0000] {dag.py:3089} INFO - Sync 1 DAGs
[2026-06-08T15:37:02.181+0000] {logging_mixin.py:188} INFO - [2026-06-08T15:37:02.181+0000] {dag.py:3947} INFO - Setting next_dagrun for ecommerce_distributed_dw_etl to None, run_after=None
[2026-06-08T15:37:02.191+0000] {processor.py:183} INFO - Processing /opt/airflow/dags/ecommerce_etl_dag.py took 0.071 seconds
[2026-06-08T15:37:32.520+0000] {processor.py:161} INFO - Started process (PID=1496) to work on /opt/airflow/dags/ecommerce_etl_dag.py
[2026-06-08T15:37:32.521+0000] {processor.py:830} INFO - Processing file /opt/airflow/dags/ecommerce_etl_dag.py for tasks to queue
[2026-06-08T15:37:32.524+0000] {logging_mixin.py:188} INFO - [2026-06-08T15:37:32.523+0000] {dagbag.py:545} INFO - Filling up the DagBag from /opt/airflow/dags/ecommerce_etl_dag.py
[2026-06-08T15:37:32.535+0000] {processor.py:840} INFO - DAG(s) 'ecommerce_distributed_dw_etl' retrieved from /opt/airflow/dags/ecommerce_etl_dag.py
[2026-06-08T15:37:32.560+0000] {logging_mixin.py:188} INFO - [2026-06-08T15:37:32.559+0000] {dag.py:3089} INFO - Sync 1 DAGs
[2026-06-08T15:37:32.567+0000] {logging_mixin.py:188} INFO - [2026-06-08T15:37:32.566+0000] {dag.py:3947} INFO - Setting next_dagrun for ecommerce_distributed_dw_etl to None, run_after=None
[2026-06-08T15:37:32.576+0000] {processor.py:183} INFO - Processing /opt/airflow/dags/ecommerce_etl_dag.py took 0.063 seconds
[2026-06-08T15:38:02.869+0000] {processor.py:161} INFO - Started process (PID=1501) to work on /opt/airflow/dags/ecommerce_etl_dag.py
[2026-06-08T15:38:02.871+0000] {processor.py:830} INFO - Processing file /opt/airflow/dags/ecommerce_etl_dag.py for tasks to queue
[2026-06-08T15:38:02.873+0000] {logging_mixin.py:188} INFO - [2026-06-08T15:38:02.872+0000] {dagbag.py:545} INFO - Filling up the DagBag from /opt/airflow/dags/ecommerce_etl_dag.py
[2026-06-08T15:38:02.884+0000] {processor.py:840} INFO - DAG(s) 'ecommerce_distributed_dw_etl' retrieved from /opt/airflow/dags/ecommerce_etl_dag.py
[2026-06-08T15:38:02.913+0000] {logging_mixin.py:188} INFO - [2026-06-08T15:38:02.913+0000] {dag.py:3089} INFO - Sync 1 DAGs
[2026-06-08T15:38:02.923+0000] {logging_mixin.py:188} INFO - [2026-06-08T15:38:02.923+0000] {dag.py:3947} INFO - Setting next_dagrun for ecommerce_distributed_dw_etl to None, run_after=None
[2026-06-08T15:38:02.933+0000] {processor.py:183} INFO - Processing /opt/airflow/dags/ecommerce_etl_dag.py took 0.071 seconds
[2026-06-08T15:38:33.313+0000] {processor.py:161} INFO - Started process (PID=1506) to work on /opt/airflow/dags/ecommerce_etl_dag.py
[2026-06-08T15:38:33.314+0000] {processor.py:830} INFO - Processing file /opt/airflow/dags/ecommerce_etl_dag.py for tasks to queue
[2026-06-08T15:38:33.316+0000] {logging_mixin.py:188} INFO - [2026-06-08T15:38:33.315+0000] {dagbag.py:545} INFO - Filling up the DagBag from /opt/airflow/dags/ecommerce_etl_dag.py
[2026-06-08T15:38:33.326+0000] {processor.py:840} INFO - DAG(s) 'ecommerce_distributed_dw_etl' retrieved from /opt/airflow/dags/ecommerce_etl_dag.py
[2026-06-08T15:38:33.351+0000] {logging_mixin.py:188} INFO - [2026-06-08T15:38:33.351+0000] {dag.py:3089} INFO - Sync 1 DAGs
[2026-06-08T15:38:33.358+0000] {logging_mixin.py:188} INFO - [2026-06-08T15:38:33.358+0000] {dag.py:3947} INFO - Setting next_dagrun for ecommerce_distributed_dw_etl to None, run_after=None
[2026-06-08T15:38:33.369+0000] {processor.py:183} INFO - Processing /opt/airflow/dags/ecommerce_etl_dag.py took 0.062 seconds
[2026-06-08T15:39:03.638+0000] {processor.py:161} INFO - Started process (PID=1511) to work on /opt/airflow/dags/ecommerce_etl_dag.py
[2026-06-08T15:39:03.639+0000] {processor.py:830} INFO - Processing file /opt/airflow/dags/ecommerce_etl_dag.py for tasks to queue
[2026-06-08T15:39:03.641+0000] {logging_mixin.py:188} INFO - [2026-06-08T15:39:03.641+0000] {dagbag.py:545} INFO - Filling up the DagBag from /opt/airflow/dags/ecommerce_etl_dag.py
[2026-06-08T15:39:03.652+0000] {processor.py:840} INFO - DAG(s) 'ecommerce_distributed_dw_etl' retrieved from /opt/airflow/dags/ecommerce_etl_dag.py
[2026-06-08T15:39:03.674+0000] {logging_mixin.py:188} INFO - [2026-06-08T15:39:03.674+0000] {dag.py:3089} INFO - Sync 1 DAGs
[2026-06-08T15:39:03.680+0000] {logging_mixin.py:188} INFO - [2026-06-08T15:39:03.680+0000] {dag.py:3947} INFO - Setting next_dagrun for ecommerce_distributed_dw_etl to None, run_after=None
[2026-06-08T15:39:03.689+0000] {processor.py:183} INFO - Processing /opt/airflow/dags/ecommerce_etl_dag.py took 0.057 seconds
[2026-06-08T15:39:33.951+0000] {processor.py:161} INFO - Started process (PID=1516) to work on /opt/airflow/dags/ecommerce_etl_dag.py
[2026-06-08T15:39:33.951+0000] {processor.py:830} INFO - Processing file /opt/airflow/dags/ecommerce_etl_dag.py for tasks to queue
[2026-06-08T15:39:33.953+0000] {logging_mixin.py:188} INFO - [2026-06-08T15:39:33.952+0000] {dagbag.py:545} INFO - Filling up the DagBag from /opt/airflow/dags/ecommerce_etl_dag.py
[2026-06-08T15:39:33.959+0000] {processor.py:840} INFO - DAG(s) 'ecommerce_distributed_dw_etl' retrieved from /opt/airflow/dags/ecommerce_etl_dag.py
[2026-06-08T15:39:33.980+0000] {logging_mixin.py:188} INFO - [2026-06-08T15:39:33.980+0000] {dag.py:3089} INFO - Sync 1 DAGs
[2026-06-08T15:39:33.988+0000] {logging_mixin.py:188} INFO - [2026-06-08T15:39:33.988+0000] {dag.py:3947} INFO - Setting next_dagrun for ecommerce_distributed_dw_etl to None, run_after=None
[2026-06-08T15:39:33.998+0000] {processor.py:183} INFO - Processing /opt/airflow/dags/ecommerce_etl_dag.py took 0.051 seconds
[2026-06-08T15:40:04.268+0000] {processor.py:161} INFO - Started process (PID=1521) to work on /opt/airflow/dags/ecommerce_etl_dag.py
[2026-06-08T15:40:04.269+0000] {processor.py:830} INFO - Processing file /opt/airflow/dags/ecommerce_etl_dag.py for tasks to queue
[2026-06-08T15:40:04.270+0000] {logging_mixin.py:188} INFO - [2026-06-08T15:40:04.270+0000] {dagbag.py:545} INFO - Filling up the DagBag from /opt/airflow/dags/ecommerce_etl_dag.py
[2026-06-08T15:40:04.275+0000] {processor.py:840} INFO - DAG(s) 'ecommerce_distributed_dw_etl' retrieved from /opt/airflow/dags/ecommerce_etl_dag.py
[2026-06-08T15:40:04.293+0000] {logging_mixin.py:188} INFO - [2026-06-08T15:40:04.293+0000] {dag.py:3089} INFO - Sync 1 DAGs
[2026-06-08T15:40:04.300+0000] {logging_mixin.py:188} INFO - [2026-06-08T15:40:04.300+0000] {dag.py:3947} INFO - Setting next_dagrun for ecommerce_distributed_dw_etl to None, run_after=None
[2026-06-08T15:40:04.307+0000] {processor.py:183} INFO - Processing /opt/airflow/dags/ecommerce_etl_dag.py took 0.043 seconds
[2026-06-08T15:40:34.628+0000] {processor.py:161} INFO - Started process (PID=1526) to work on /opt/airflow/dags/ecommerce_etl_dag.py
[2026-06-08T15:40:34.630+0000] {processor.py:830} INFO - Processing file /opt/airflow/dags/ecommerce_etl_dag.py for tasks to queue
[2026-06-08T15:40:34.631+0000] {logging_mixin.py:188} INFO - [2026-06-08T15:40:34.631+0000] {dagbag.py:545} INFO - Filling up the DagBag from /opt/airflow/dags/ecommerce_etl_dag.py
[2026-06-08T15:40:34.638+0000] {processor.py:840} INFO - DAG(s) 'ecommerce_distributed_dw_etl' retrieved from /opt/airflow/dags/ecommerce_etl_dag.py
[2026-06-08T15:40:34.657+0000] {logging_mixin.py:188} INFO - [2026-06-08T15:40:34.657+0000] {dag.py:3089} INFO - Sync 1 DAGs
[2026-06-08T15:40:34.663+0000] {logging_mixin.py:188} INFO - [2026-06-08T15:40:34.663+0000] {dag.py:3947} INFO - Setting next_dagrun for ecommerce_distributed_dw_etl to None, run_after=None
[2026-06-08T15:40:34.671+0000] {processor.py:183} INFO - Processing /opt/airflow/dags/ecommerce_etl_dag.py took 0.047 seconds
[2026-06-08T15:41:04.950+0000] {processor.py:161} INFO - Started process (PID=1531) to work on /opt/airflow/dags/ecommerce_etl_dag.py
[2026-06-08T15:41:04.951+0000] {processor.py:830} INFO - Processing file /opt/airflow/dags/ecommerce_etl_dag.py for tasks to queue
[2026-06-08T15:41:04.955+0000] {logging_mixin.py:188} INFO - [2026-06-08T15:41:04.954+0000] {dagbag.py:545} INFO - Filling up the DagBag from /opt/airflow/dags/ecommerce_etl_dag.py
[2026-06-08T15:41:04.971+0000] {processor.py:840} INFO - DAG(s) 'ecommerce_distributed_dw_etl' retrieved from /opt/airflow/dags/ecommerce_etl_dag.py
[2026-06-08T15:41:04.999+0000] {logging_mixin.py:188} INFO - [2026-06-08T15:41:04.999+0000] {dag.py:3089} INFO - Sync 1 DAGs
[2026-06-08T15:41:05.007+0000] {logging_mixin.py:188} INFO - [2026-06-08T15:41:05.007+0000] {dag.py:3947} INFO - Setting next_dagrun for ecommerce_distributed_dw_etl to None, run_after=None
[2026-06-08T15:41:05.017+0000] {processor.py:183} INFO - Processing /opt/airflow/dags/ecommerce_etl_dag.py took 0.078 seconds
[2026-06-08T15:41:35.253+0000] {processor.py:161} INFO - Started process (PID=1536) to work on /opt/airflow/dags/ecommerce_etl_dag.py
[2026-06-08T15:41:35.255+0000] {processor.py:830} INFO - Processing file /opt/airflow/dags/ecommerce_etl_dag.py for tasks to queue
[2026-06-08T15:41:35.257+0000] {logging_mixin.py:188} INFO - [2026-06-08T15:41:35.257+0000] {dagbag.py:545} INFO - Filling up the DagBag from /opt/airflow/dags/ecommerce_etl_dag.py
[2026-06-08T15:41:35.268+0000] {processor.py:840} INFO - DAG(s) 'ecommerce_distributed_dw_etl' retrieved from /opt/airflow/dags/ecommerce_etl_dag.py
[2026-06-08T15:41:35.293+0000] {logging_mixin.py:188} INFO - [2026-06-08T15:41:35.293+0000] {dag.py:3089} INFO - Sync 1 DAGs
[2026-06-08T15:41:35.300+0000] {logging_mixin.py:188} INFO - [2026-06-08T15:41:35.300+0000] {dag.py:3947} INFO - Setting next_dagrun for ecommerce_distributed_dw_etl to None, run_after=None
[2026-06-08T15:41:35.309+0000] {processor.py:183} INFO - Processing /opt/airflow/dags/ecommerce_etl_dag.py took 0.064 seconds
[2026-06-08T15:42:05.582+0000] {processor.py:161} INFO - Started process (PID=1541) to work on /opt/airflow/dags/ecommerce_etl_dag.py
[2026-06-08T15:42:05.583+0000] {processor.py:830} INFO - Processing file /opt/airflow/dags/ecommerce_etl_dag.py for tasks to queue
[2026-06-08T15:42:05.585+0000] {logging_mixin.py:188} INFO - [2026-06-08T15:42:05.584+0000] {dagbag.py:545} INFO - Filling up the DagBag from /opt/airflow/dags/ecommerce_etl_dag.py
[2026-06-08T15:42:05.596+0000] {processor.py:840} INFO - DAG(s) 'ecommerce_distributed_dw_etl' retrieved from /opt/airflow/dags/ecommerce_etl_dag.py
[2026-06-08T15:42:05.625+0000] {logging_mixin.py:188} INFO - [2026-06-08T15:42:05.625+0000] {dag.py:3089} INFO - Sync 1 DAGs
[2026-06-08T15:42:05.633+0000] {logging_mixin.py:188} INFO - [2026-06-08T15:42:05.633+0000] {dag.py:3947} INFO - Setting next_dagrun for ecommerce_distributed_dw_etl to None, run_after=None
[2026-06-08T15:42:05.642+0000] {processor.py:183} INFO - Processing /opt/airflow/dags/ecommerce_etl_dag.py took 0.068 seconds
[2026-06-08T15:42:35.961+0000] {processor.py:161} INFO - Started process (PID=1546) to work on /opt/airflow/dags/ecommerce_etl_dag.py
[2026-06-08T15:42:35.962+0000] {processor.py:830} INFO - Processing file /opt/airflow/dags/ecommerce_etl_dag.py for tasks to queue
[2026-06-08T15:42:35.965+0000] {logging_mixin.py:188} INFO - [2026-06-08T15:42:35.965+0000] {dagbag.py:545} INFO - Filling up the DagBag from /opt/airflow/dags/ecommerce_etl_dag.py
[2026-06-08T15:42:35.980+0000] {processor.py:840} INFO - DAG(s) 'ecommerce_distributed_dw_etl' retrieved from /opt/airflow/dags/ecommerce_etl_dag.py
[2026-06-08T15:42:36.010+0000] {logging_mixin.py:188} INFO - [2026-06-08T15:42:36.010+0000] {dag.py:3089} INFO - Sync 1 DAGs
[2026-06-08T15:42:36.018+0000] {logging_mixin.py:188} INFO - [2026-06-08T15:42:36.018+0000] {dag.py:3947} INFO - Setting next_dagrun for ecommerce_distributed_dw_etl to None, run_after=None
[2026-06-08T15:42:36.029+0000] {processor.py:183} INFO - Processing /opt/airflow/dags/ecommerce_etl_dag.py took 0.078 seconds
[2026-06-08T15:43:06.316+0000] {processor.py:161} INFO - Started process (PID=1551) to work on /opt/airflow/dags/ecommerce_etl_dag.py
[2026-06-08T15:43:06.317+0000] {processor.py:830} INFO - Processing file /opt/airflow/dags/ecommerce_etl_dag.py for tasks to queue
[2026-06-08T15:43:06.319+0000] {logging_mixin.py:188} INFO - [2026-06-08T15:43:06.319+0000] {dagbag.py:545} INFO - Filling up the DagBag from /opt/airflow/dags/ecommerce_etl_dag.py
[2026-06-08T15:43:06.330+0000] {processor.py:840} INFO - DAG(s) 'ecommerce_distributed_dw_etl' retrieved from /opt/airflow/dags/ecommerce_etl_dag.py
[2026-06-08T15:43:06.356+0000] {logging_mixin.py:188} INFO - [2026-06-08T15:43:06.356+0000] {dag.py:3089} INFO - Sync 1 DAGs
[2026-06-08T15:43:06.363+0000] {logging_mixin.py:188} INFO - [2026-06-08T15:43:06.363+0000] {dag.py:3947} INFO - Setting next_dagrun for ecommerce_distributed_dw_etl to None, run_after=None
[2026-06-08T15:43:06.372+0000] {processor.py:183} INFO - Processing /opt/airflow/dags/ecommerce_etl_dag.py took 0.065 seconds
[2026-06-08T15:43:36.627+0000] {processor.py:161} INFO - Started process (PID=1556) to work on /opt/airflow/dags/ecommerce_etl_dag.py
[2026-06-08T15:43:36.628+0000] {processor.py:830} INFO - Processing file /opt/airflow/dags/ecommerce_etl_dag.py for tasks to queue
[2026-06-08T15:43:36.631+0000] {logging_mixin.py:188} INFO - [2026-06-08T15:43:36.630+0000] {dagbag.py:545} INFO - Filling up the DagBag from /opt/airflow/dags/ecommerce_etl_dag.py
[2026-06-08T15:43:36.642+0000] {processor.py:840} INFO - DAG(s) 'ecommerce_distributed_dw_etl' retrieved from /opt/airflow/dags/ecommerce_etl_dag.py
[2026-06-08T15:43:36.668+0000] {logging_mixin.py:188} INFO - [2026-06-08T15:43:36.668+0000] {dag.py:3089} INFO - Sync 1 DAGs
[2026-06-08T15:43:36.675+0000] {logging_mixin.py:188} INFO - [2026-06-08T15:43:36.675+0000] {dag.py:3947} INFO - Setting next_dagrun for ecommerce_distributed_dw_etl to None, run_after=None
[2026-06-08T15:43:36.684+0000] {processor.py:183} INFO - Processing /opt/airflow/dags/ecommerce_etl_dag.py took 0.064 seconds
[2026-06-08T15:44:06.949+0000] {processor.py:161} INFO - Started process (PID=1561) to work on /opt/airflow/dags/ecommerce_etl_dag.py
[2026-06-08T15:44:06.950+0000] {processor.py:830} INFO - Processing file /opt/airflow/dags/ecommerce_etl_dag.py for tasks to queue
[2026-06-08T15:44:06.953+0000] {logging_mixin.py:188} INFO - [2026-06-08T15:44:06.953+0000] {dagbag.py:545} INFO - Filling up the DagBag from /opt/airflow/dags/ecommerce_etl_dag.py
[2026-06-08T15:44:06.968+0000] {processor.py:840} INFO - DAG(s) 'ecommerce_distributed_dw_etl' retrieved from /opt/airflow/dags/ecommerce_etl_dag.py
[2026-06-08T15:44:06.998+0000] {logging_mixin.py:188} INFO - [2026-06-08T15:44:06.998+0000] {dag.py:3089} INFO - Sync 1 DAGs
[2026-06-08T15:44:07.007+0000] {logging_mixin.py:188} INFO - [2026-06-08T15:44:07.007+0000] {dag.py:3947} INFO - Setting next_dagrun for ecommerce_distributed_dw_etl to None, run_after=None
[2026-06-08T15:44:07.016+0000] {processor.py:183} INFO - Processing /opt/airflow/dags/ecommerce_etl_dag.py took 0.078 seconds
[2026-06-08T15:44:37.289+0000] {processor.py:161} INFO - Started process (PID=1566) to work on /opt/airflow/dags/ecommerce_etl_dag.py
[2026-06-08T15:44:37.290+0000] {processor.py:830} INFO - Processing file /opt/airflow/dags/ecommerce_etl_dag.py for tasks to queue
[2026-06-08T15:44:37.292+0000] {logging_mixin.py:188} INFO - [2026-06-08T15:44:37.292+0000] {dagbag.py:545} INFO - Filling up the DagBag from /opt/airflow/dags/ecommerce_etl_dag.py
[2026-06-08T15:44:37.302+0000] {processor.py:840} INFO - DAG(s) 'ecommerce_distributed_dw_etl' retrieved from /opt/airflow/dags/ecommerce_etl_dag.py
[2026-06-08T15:44:37.327+0000] {logging_mixin.py:188} INFO - [2026-06-08T15:44:37.327+0000] {dag.py:3089} INFO - Sync 1 DAGs
[2026-06-08T15:44:37.335+0000] {logging_mixin.py:188} INFO - [2026-06-08T15:44:37.335+0000] {dag.py:3947} INFO - Setting next_dagrun for ecommerce_distributed_dw_etl to None, run_after=None
[2026-06-08T15:44:37.345+0000] {processor.py:183} INFO - Processing /opt/airflow/dags/ecommerce_etl_dag.py took 0.067 seconds
[2026-06-08T15:45:07.622+0000] {processor.py:161} INFO - Started process (PID=1571) to work on /opt/airflow/dags/ecommerce_etl_dag.py
[2026-06-08T15:45:07.623+0000] {processor.py:830} INFO - Processing file /opt/airflow/dags/ecommerce_etl_dag.py for tasks to queue
[2026-06-08T15:45:07.626+0000] {logging_mixin.py:188} INFO - [2026-06-08T15:45:07.625+0000] {dagbag.py:545} INFO - Filling up the DagBag from /opt/airflow/dags/ecommerce_etl_dag.py
[2026-06-08T15:45:07.644+0000] {processor.py:840} INFO - DAG(s) 'ecommerce_distributed_dw_etl' retrieved from /opt/airflow/dags/ecommerce_etl_dag.py
[2026-06-08T15:45:07.676+0000] {logging_mixin.py:188} INFO - [2026-06-08T15:45:07.676+0000] {dag.py:3089} INFO - Sync 1 DAGs
[2026-06-08T15:45:07.682+0000] {logging_mixin.py:188} INFO - [2026-06-08T15:45:07.682+0000] {dag.py:3947} INFO - Setting next_dagrun for ecommerce_distributed_dw_etl to None, run_after=None
[2026-06-08T15:45:07.690+0000] {processor.py:183} INFO - Processing /opt/airflow/dags/ecommerce_etl_dag.py took 0.076 seconds
[2026-06-08T15:45:37.959+0000] {processor.py:161} INFO - Started process (PID=1576) to work on /opt/airflow/dags/ecommerce_etl_dag.py
[2026-06-08T15:45:37.960+0000] {processor.py:830} INFO - Processing file /opt/airflow/dags/ecommerce_etl_dag.py for tasks to queue
[2026-06-08T15:45:37.963+0000] {logging_mixin.py:188} INFO - [2026-06-08T15:45:37.962+0000] {dagbag.py:545} INFO - Filling up the DagBag from /opt/airflow/dags/ecommerce_etl_dag.py
[2026-06-08T15:45:37.973+0000] {processor.py:840} INFO - DAG(s) 'ecommerce_distributed_dw_etl' retrieved from /opt/airflow/dags/ecommerce_etl_dag.py
[2026-06-08T15:45:37.999+0000] {logging_mixin.py:188} INFO - [2026-06-08T15:45:37.999+0000] {dag.py:3089} INFO - Sync 1 DAGs
[2026-06-08T15:45:38.008+0000] {logging_mixin.py:188} INFO - [2026-06-08T15:45:38.008+0000] {dag.py:3947} INFO - Setting next_dagrun for ecommerce_distributed_dw_etl to None, run_after=None
[2026-06-08T15:45:38.018+0000] {processor.py:183} INFO - Processing /opt/airflow/dags/ecommerce_etl_dag.py took 0.066 seconds
[2026-06-08T15:46:08.300+0000] {processor.py:161} INFO - Started process (PID=1581) to work on /opt/airflow/dags/ecommerce_etl_dag.py
[2026-06-08T15:46:08.301+0000] {processor.py:830} INFO - Processing file /opt/airflow/dags/ecommerce_etl_dag.py for tasks to queue
[2026-06-08T15:46:08.303+0000] {logging_mixin.py:188} INFO - [2026-06-08T15:46:08.303+0000] {dagbag.py:545} INFO - Filling up the DagBag from /opt/airflow/dags/ecommerce_etl_dag.py
[2026-06-08T15:46:08.314+0000] {processor.py:840} INFO - DAG(s) 'ecommerce_distributed_dw_etl' retrieved from /opt/airflow/dags/ecommerce_etl_dag.py
[2026-06-08T15:46:08.336+0000] {logging_mixin.py:188} INFO - [2026-06-08T15:46:08.336+0000] {dag.py:3089} INFO - Sync 1 DAGs
[2026-06-08T15:46:08.343+0000] {logging_mixin.py:188} INFO - [2026-06-08T15:46:08.343+0000] {dag.py:3947} INFO - Setting next_dagrun for ecommerce_distributed_dw_etl to None, run_after=None
[2026-06-08T15:46:08.350+0000] {processor.py:183} INFO - Processing /opt/airflow/dags/ecommerce_etl_dag.py took 0.059 seconds
[2026-06-08T15:46:38.577+0000] {processor.py:161} INFO - Started process (PID=1586) to work on /opt/airflow/dags/ecommerce_etl_dag.py
[2026-06-08T15:46:38.578+0000] {processor.py:830} INFO - Processing file /opt/airflow/dags/ecommerce_etl_dag.py for tasks to queue
[2026-06-08T15:46:38.581+0000] {logging_mixin.py:188} INFO - [2026-06-08T15:46:38.581+0000] {dagbag.py:545} INFO - Filling up the DagBag from /opt/airflow/dags/ecommerce_etl_dag.py
[2026-06-08T15:46:38.591+0000] {processor.py:840} INFO - DAG(s) 'ecommerce_distributed_dw_etl' retrieved from /opt/airflow/dags/ecommerce_etl_dag.py
[2026-06-08T15:46:38.622+0000] {logging_mixin.py:188} INFO - [2026-06-08T15:46:38.622+0000] {dag.py:3089} INFO - Sync 1 DAGs
[2026-06-08T15:46:38.632+0000] {logging_mixin.py:188} INFO - [2026-06-08T15:46:38.632+0000] {dag.py:3947} INFO - Setting next_dagrun for ecommerce_distributed_dw_etl to None, run_after=None
[2026-06-08T15:46:38.647+0000] {processor.py:183} INFO - Processing /opt/airflow/dags/ecommerce_etl_dag.py took 0.076 seconds
[2026-06-08T15:47:08.899+0000] {processor.py:161} INFO - Started process (PID=1591) to work on /opt/airflow/dags/ecommerce_etl_dag.py
[2026-06-08T15:47:08.900+0000] {processor.py:830} INFO - Processing file /opt/airflow/dags/ecommerce_etl_dag.py for tasks to queue
[2026-06-08T15:47:08.902+0000] {logging_mixin.py:188} INFO - [2026-06-08T15:47:08.902+0000] {dagbag.py:545} INFO - Filling up the DagBag from /opt/airflow/dags/ecommerce_etl_dag.py
[2026-06-08T15:47:08.909+0000] {processor.py:840} INFO - DAG(s) 'ecommerce_distributed_dw_etl' retrieved from /opt/airflow/dags/ecommerce_etl_dag.py
[2026-06-08T15:47:08.927+0000] {logging_mixin.py:188} INFO - [2026-06-08T15:47:08.927+0000] {dag.py:3089} INFO - Sync 1 DAGs
[2026-06-08T15:47:08.934+0000] {logging_mixin.py:188} INFO - [2026-06-08T15:47:08.933+0000] {dag.py:3947} INFO - Setting next_dagrun for ecommerce_distributed_dw_etl to None, run_after=None
[2026-06-08T15:47:08.942+0000] {processor.py:183} INFO - Processing /opt/airflow/dags/ecommerce_etl_dag.py took 0.050 seconds
[2026-06-08T15:47:39.198+0000] {processor.py:161} INFO - Started process (PID=1596) to work on /opt/airflow/dags/ecommerce_etl_dag.py
[2026-06-08T15:47:39.200+0000] {processor.py:830} INFO - Processing file /opt/airflow/dags/ecommerce_etl_dag.py for tasks to queue
[2026-06-08T15:47:39.202+0000] {logging_mixin.py:188} INFO - [2026-06-08T15:47:39.202+0000] {dagbag.py:545} INFO - Filling up the DagBag from /opt/airflow/dags/ecommerce_etl_dag.py
[2026-06-08T15:47:39.219+0000] {processor.py:840} INFO - DAG(s) 'ecommerce_distributed_dw_etl' retrieved from /opt/airflow/dags/ecommerce_etl_dag.py
[2026-06-08T15:47:39.250+0000] {logging_mixin.py:188} INFO - [2026-06-08T15:47:39.250+0000] {dag.py:3089} INFO - Sync 1 DAGs
[2026-06-08T15:47:39.257+0000] {logging_mixin.py:188} INFO - [2026-06-08T15:47:39.257+0000] {dag.py:3947} INFO - Setting next_dagrun for ecommerce_distributed_dw_etl to None, run_after=None
[2026-06-08T15:47:39.265+0000] {processor.py:183} INFO - Processing /opt/airflow/dags/ecommerce_etl_dag.py took 0.072 seconds
[2026-06-08T15:48:09.580+0000] {processor.py:161} INFO - Started process (PID=1601) to work on /opt/airflow/dags/ecommerce_etl_dag.py
[2026-06-08T15:48:09.582+0000] {processor.py:830} INFO - Processing file /opt/airflow/dags/ecommerce_etl_dag.py for tasks to queue
[2026-06-08T15:48:09.584+0000] {logging_mixin.py:188} INFO - [2026-06-08T15:48:09.583+0000] {dagbag.py:545} INFO - Filling up the DagBag from /opt/airflow/dags/ecommerce_etl_dag.py
[2026-06-08T15:48:09.594+0000] {processor.py:840} INFO - DAG(s) 'ecommerce_distributed_dw_etl' retrieved from /opt/airflow/dags/ecommerce_etl_dag.py
[2026-06-08T15:48:09.623+0000] {logging_mixin.py:188} INFO - [2026-06-08T15:48:09.623+0000] {dag.py:3089} INFO - Sync 1 DAGs
[2026-06-08T15:48:09.633+0000] {logging_mixin.py:188} INFO - [2026-06-08T15:48:09.633+0000] {dag.py:3947} INFO - Setting next_dagrun for ecommerce_distributed_dw_etl to None, run_after=None
[2026-06-08T15:48:09.643+0000] {processor.py:183} INFO - Processing /opt/airflow/dags/ecommerce_etl_dag.py took 0.071 seconds
[2026-06-08T15:48:39.992+0000] {processor.py:161} INFO - Started process (PID=1606) to work on /opt/airflow/dags/ecommerce_etl_dag.py
[2026-06-08T15:48:39.993+0000] {processor.py:830} INFO - Processing file /opt/airflow/dags/ecommerce_etl_dag.py for tasks to queue
[2026-06-08T15:48:39.996+0000] {logging_mixin.py:188} INFO - [2026-06-08T15:48:39.996+0000] {dagbag.py:545} INFO - Filling up the DagBag from /opt/airflow/dags/ecommerce_etl_dag.py
[2026-06-08T15:48:40.007+0000] {processor.py:840} INFO - DAG(s) 'ecommerce_distributed_dw_etl' retrieved from /opt/airflow/dags/ecommerce_etl_dag.py
[2026-06-08T15:48:40.032+0000] {logging_mixin.py:188} INFO - [2026-06-08T15:48:40.032+0000] {dag.py:3089} INFO - Sync 1 DAGs
[2026-06-08T15:48:40.039+0000] {logging_mixin.py:188} INFO - [2026-06-08T15:48:40.039+0000] {dag.py:3947} INFO - Setting next_dagrun for ecommerce_distributed_dw_etl to None, run_after=None
[2026-06-08T15:48:40.048+0000] {processor.py:183} INFO - Processing /opt/airflow/dags/ecommerce_etl_dag.py took 0.066 seconds
[2026-06-08T15:49:10.401+0000] {processor.py:161} INFO - Started process (PID=1611) to work on /opt/airflow/dags/ecommerce_etl_dag.py
[2026-06-08T15:49:10.403+0000] {processor.py:830} INFO - Processing file /opt/airflow/dags/ecommerce_etl_dag.py for tasks to queue
[2026-06-08T15:49:10.405+0000] {logging_mixin.py:188} INFO - [2026-06-08T15:49:10.405+0000] {dagbag.py:545} INFO - Filling up the DagBag from /opt/airflow/dags/ecommerce_etl_dag.py
[2026-06-08T15:49:10.423+0000] {processor.py:840} INFO - DAG(s) 'ecommerce_distributed_dw_etl' retrieved from /opt/airflow/dags/ecommerce_etl_dag.py
[2026-06-08T15:49:10.455+0000] {logging_mixin.py:188} INFO - [2026-06-08T15:49:10.455+0000] {dag.py:3089} INFO - Sync 1 DAGs
[2026-06-08T15:49:10.462+0000] {logging_mixin.py:188} INFO - [2026-06-08T15:49:10.462+0000] {dag.py:3947} INFO - Setting next_dagrun for ecommerce_distributed_dw_etl to None, run_after=None
[2026-06-08T15:49:10.470+0000] {processor.py:183} INFO - Processing /opt/airflow/dags/ecommerce_etl_dag.py took 0.076 seconds
[2026-06-08T15:49:40.784+0000] {processor.py:161} INFO - Started process (PID=1616) to work on /opt/airflow/dags/ecommerce_etl_dag.py
[2026-06-08T15:49:40.785+0000] {processor.py:830} INFO - Processing file /opt/airflow/dags/ecommerce_etl_dag.py for tasks to queue
[2026-06-08T15:49:40.786+0000] {logging_mixin.py:188} INFO - [2026-06-08T15:49:40.786+0000] {dagbag.py:545} INFO - Filling up the DagBag from /opt/airflow/dags/ecommerce_etl_dag.py
[2026-06-08T15:49:40.795+0000] {processor.py:840} INFO - DAG(s) 'ecommerce_distributed_dw_etl' retrieved from /opt/airflow/dags/ecommerce_etl_dag.py
[2026-06-08T15:49:40.816+0000] {logging_mixin.py:188} INFO - [2026-06-08T15:49:40.816+0000] {dag.py:3089} INFO - Sync 1 DAGs
[2026-06-08T15:49:40.825+0000] {logging_mixin.py:188} INFO - [2026-06-08T15:49:40.825+0000] {dag.py:3947} INFO - Setting next_dagrun for ecommerce_distributed_dw_etl to None, run_after=None
[2026-06-08T15:49:40.834+0000] {processor.py:183} INFO - Processing /opt/airflow/dags/ecommerce_etl_dag.py took 0.056 seconds
[2026-06-08T15:50:11.129+0000] {processor.py:161} INFO - Started process (PID=1621) to work on /opt/airflow/dags/ecommerce_etl_dag.py
[2026-06-08T15:50:11.130+0000] {processor.py:830} INFO - Processing file /opt/airflow/dags/ecommerce_etl_dag.py for tasks to queue
[2026-06-08T15:50:11.132+0000] {logging_mixin.py:188} INFO - [2026-06-08T15:50:11.132+0000] {dagbag.py:545} INFO - Filling up the DagBag from /opt/airflow/dags/ecommerce_etl_dag.py
[2026-06-08T15:50:11.143+0000] {processor.py:840} INFO - DAG(s) 'ecommerce_distributed_dw_etl' retrieved from /opt/airflow/dags/ecommerce_etl_dag.py
[2026-06-08T15:50:11.171+0000] {logging_mixin.py:188} INFO - [2026-06-08T15:50:11.171+0000] {dag.py:3089} INFO - Sync 1 DAGs
[2026-06-08T15:50:11.178+0000] {logging_mixin.py:188} INFO - [2026-06-08T15:50:11.178+0000] {dag.py:3947} INFO - Setting next_dagrun for ecommerce_distributed_dw_etl to None, run_after=None
[2026-06-08T15:50:11.188+0000] {processor.py:183} INFO - Processing /opt/airflow/dags/ecommerce_etl_dag.py took 0.066 seconds
[2026-06-08T15:50:41.537+0000] {processor.py:161} INFO - Started process (PID=1626) to work on /opt/airflow/dags/ecommerce_etl_dag.py
[2026-06-08T15:50:41.537+0000] {processor.py:830} INFO - Processing file /opt/airflow/dags/ecommerce_etl_dag.py for tasks to queue
[2026-06-08T15:50:41.540+0000] {logging_mixin.py:188} INFO - [2026-06-08T15:50:41.540+0000] {dagbag.py:545} INFO - Filling up the DagBag from /opt/airflow/dags/ecommerce_etl_dag.py
[2026-06-08T15:50:41.551+0000] {processor.py:840} INFO - DAG(s) 'ecommerce_distributed_dw_etl' retrieved from /opt/airflow/dags/ecommerce_etl_dag.py
[2026-06-08T15:50:41.574+0000] {logging_mixin.py:188} INFO - [2026-06-08T15:50:41.574+0000] {dag.py:3089} INFO - Sync 1 DAGs
[2026-06-08T15:50:41.580+0000] {logging_mixin.py:188} INFO - [2026-06-08T15:50:41.579+0000] {dag.py:3947} INFO - Setting next_dagrun for ecommerce_distributed_dw_etl to None, run_after=None
[2026-06-08T15:50:41.588+0000] {processor.py:183} INFO - Processing /opt/airflow/dags/ecommerce_etl_dag.py took 0.058 seconds
[2026-06-08T15:51:11.896+0000] {processor.py:161} INFO - Started process (PID=1631) to work on /opt/airflow/dags/ecommerce_etl_dag.py
[2026-06-08T15:51:11.897+0000] {processor.py:830} INFO - Processing file /opt/airflow/dags/ecommerce_etl_dag.py for tasks to queue
[2026-06-08T15:51:11.900+0000] {logging_mixin.py:188} INFO - [2026-06-08T15:51:11.899+0000] {dagbag.py:545} INFO - Filling up the DagBag from /opt/airflow/dags/ecommerce_etl_dag.py
[2026-06-08T15:51:11.911+0000] {processor.py:840} INFO - DAG(s) 'ecommerce_distributed_dw_etl' retrieved from /opt/airflow/dags/ecommerce_etl_dag.py
[2026-06-08T15:51:11.940+0000] {logging_mixin.py:188} INFO - [2026-06-08T15:51:11.940+0000] {dag.py:3089} INFO - Sync 1 DAGs
[2026-06-08T15:51:11.949+0000] {logging_mixin.py:188} INFO - [2026-06-08T15:51:11.949+0000] {dag.py:3947} INFO - Setting next_dagrun for ecommerce_distributed_dw_etl to None, run_after=None
[2026-06-08T15:51:11.960+0000] {processor.py:183} INFO - Processing /opt/airflow/dags/ecommerce_etl_dag.py took 0.072 seconds
[2026-06-08T15:51:42.240+0000] {processor.py:161} INFO - Started process (PID=1636) to work on /opt/airflow/dags/ecommerce_etl_dag.py
[2026-06-08T15:51:42.242+0000] {processor.py:830} INFO - Processing file /opt/airflow/dags/ecommerce_etl_dag.py for tasks to queue
[2026-06-08T15:51:42.245+0000] {logging_mixin.py:188} INFO - [2026-06-08T15:51:42.244+0000] {dagbag.py:545} INFO - Filling up the DagBag from /opt/airflow/dags/ecommerce_etl_dag.py
[2026-06-08T15:51:42.259+0000] {processor.py:840} INFO - DAG(s) 'ecommerce_distributed_dw_etl' retrieved from /opt/airflow/dags/ecommerce_etl_dag.py
[2026-06-08T15:51:42.284+0000] {logging_mixin.py:188} INFO - [2026-06-08T15:51:42.284+0000] {dag.py:3089} INFO - Sync 1 DAGs
[2026-06-08T15:51:42.290+0000] {logging_mixin.py:188} INFO - [2026-06-08T15:51:42.290+0000] {dag.py:3947} INFO - Setting next_dagrun for ecommerce_distributed_dw_etl to None, run_after=None
[2026-06-08T15:51:42.299+0000] {processor.py:183} INFO - Processing /opt/airflow/dags/ecommerce_etl_dag.py took 0.069 seconds
[2026-06-08T15:52:12.591+0000] {processor.py:161} INFO - Started process (PID=1641) to work on /opt/airflow/dags/ecommerce_etl_dag.py
[2026-06-08T15:52:12.593+0000] {processor.py:830} INFO - Processing file /opt/airflow/dags/ecommerce_etl_dag.py for tasks to queue
[2026-06-08T15:52:12.595+0000] {logging_mixin.py:188} INFO - [2026-06-08T15:52:12.594+0000] {dagbag.py:545} INFO - Filling up the DagBag from /opt/airflow/dags/ecommerce_etl_dag.py
[2026-06-08T15:52:12.606+0000] {processor.py:840} INFO - DAG(s) 'ecommerce_distributed_dw_etl' retrieved from /opt/airflow/dags/ecommerce_etl_dag.py
[2026-06-08T15:52:12.633+0000] {logging_mixin.py:188} INFO - [2026-06-08T15:52:12.633+0000] {dag.py:3089} INFO - Sync 1 DAGs
[2026-06-08T15:52:12.643+0000] {logging_mixin.py:188} INFO - [2026-06-08T15:52:12.643+0000] {dag.py:3947} INFO - Setting next_dagrun for ecommerce_distributed_dw_etl to None, run_after=None
[2026-06-08T15:52:12.653+0000] {processor.py:183} INFO - Processing /opt/airflow/dags/ecommerce_etl_dag.py took 0.069 seconds
[2026-06-08T15:52:42.925+0000] {processor.py:161} INFO - Started process (PID=1646) to work on /opt/airflow/dags/ecommerce_etl_dag.py
[2026-06-08T15:52:42.926+0000] {processor.py:830} INFO - Processing file /opt/airflow/dags/ecommerce_etl_dag.py for tasks to queue
[2026-06-08T15:52:42.928+0000] {logging_mixin.py:188} INFO - [2026-06-08T15:52:42.928+0000] {dagbag.py:545} INFO - Filling up the DagBag from /opt/airflow/dags/ecommerce_etl_dag.py
[2026-06-08T15:52:42.939+0000] {processor.py:840} INFO - DAG(s) 'ecommerce_distributed_dw_etl' retrieved from /opt/airflow/dags/ecommerce_etl_dag.py
[2026-06-08T15:52:42.966+0000] {logging_mixin.py:188} INFO - [2026-06-08T15:52:42.966+0000] {dag.py:3089} INFO - Sync 1 DAGs
[2026-06-08T15:52:42.974+0000] {logging_mixin.py:188} INFO - [2026-06-08T15:52:42.974+0000] {dag.py:3947} INFO - Setting next_dagrun for ecommerce_distributed_dw_etl to None, run_after=None
[2026-06-08T15:52:42.983+0000] {processor.py:183} INFO - Processing /opt/airflow/dags/ecommerce_etl_dag.py took 0.064 seconds
[2026-06-08T15:53:13.196+0000] {processor.py:161} INFO - Started process (PID=1651) to work on /opt/airflow/dags/ecommerce_etl_dag.py
[2026-06-08T15:53:13.198+0000] {processor.py:830} INFO - Processing file /opt/airflow/dags/ecommerce_etl_dag.py for tasks to queue
[2026-06-08T15:53:13.202+0000] {logging_mixin.py:188} INFO - [2026-06-08T15:53:13.201+0000] {dagbag.py:545} INFO - Filling up the DagBag from /opt/airflow/dags/ecommerce_etl_dag.py
[2026-06-08T15:53:13.219+0000] {processor.py:840} INFO - DAG(s) 'ecommerce_distributed_dw_etl' retrieved from /opt/airflow/dags/ecommerce_etl_dag.py
[2026-06-08T15:53:13.248+0000] {logging_mixin.py:188} INFO - [2026-06-08T15:53:13.248+0000] {dag.py:3089} INFO - Sync 1 DAGs
[2026-06-08T15:53:13.254+0000] {logging_mixin.py:188} INFO - [2026-06-08T15:53:13.254+0000] {dag.py:3947} INFO - Setting next_dagrun for ecommerce_distributed_dw_etl to None, run_after=None
[2026-06-08T15:53:13.262+0000] {processor.py:183} INFO - Processing /opt/airflow/dags/ecommerce_etl_dag.py took 0.077 seconds
[2026-06-08T15:53:43.508+0000] {processor.py:161} INFO - Started process (PID=1656) to work on /opt/airflow/dags/ecommerce_etl_dag.py
[2026-06-08T15:53:43.509+0000] {processor.py:830} INFO - Processing file /opt/airflow/dags/ecommerce_etl_dag.py for tasks to queue
[2026-06-08T15:53:43.512+0000] {logging_mixin.py:188} INFO - [2026-06-08T15:53:43.511+0000] {dagbag.py:545} INFO - Filling up the DagBag from /opt/airflow/dags/ecommerce_etl_dag.py
[2026-06-08T15:53:43.522+0000] {processor.py:840} INFO - DAG(s) 'ecommerce_distributed_dw_etl' retrieved from /opt/airflow/dags/ecommerce_etl_dag.py
[2026-06-08T15:53:43.549+0000] {logging_mixin.py:188} INFO - [2026-06-08T15:53:43.549+0000] {dag.py:3089} INFO - Sync 1 DAGs
[2026-06-08T15:53:43.558+0000] {logging_mixin.py:188} INFO - [2026-06-08T15:53:43.558+0000] {dag.py:3947} INFO - Setting next_dagrun for ecommerce_distributed_dw_etl to None, run_after=None
[2026-06-08T15:53:43.568+0000] {processor.py:183} INFO - Processing /opt/airflow/dags/ecommerce_etl_dag.py took 0.067 seconds
[2026-06-08T15:54:13.813+0000] {processor.py:161} INFO - Started process (PID=1661) to work on /opt/airflow/dags/ecommerce_etl_dag.py
[2026-06-08T15:54:13.814+0000] {processor.py:830} INFO - Processing file /opt/airflow/dags/ecommerce_etl_dag.py for tasks to queue
[2026-06-08T15:54:13.817+0000] {logging_mixin.py:188} INFO - [2026-06-08T15:54:13.816+0000] {dagbag.py:545} INFO - Filling up the DagBag from /opt/airflow/dags/ecommerce_etl_dag.py
[2026-06-08T15:54:13.831+0000] {processor.py:840} INFO - DAG(s) 'ecommerce_distributed_dw_etl' retrieved from /opt/airflow/dags/ecommerce_etl_dag.py
[2026-06-08T15:54:13.855+0000] {logging_mixin.py:188} INFO - [2026-06-08T15:54:13.855+0000] {dag.py:3089} INFO - Sync 1 DAGs
[2026-06-08T15:54:13.862+0000] {logging_mixin.py:188} INFO - [2026-06-08T15:54:13.861+0000] {dag.py:3947} INFO - Setting next_dagrun for ecommerce_distributed_dw_etl to None, run_after=None
[2026-06-08T15:54:13.870+0000] {processor.py:183} INFO - Processing /opt/airflow/dags/ecommerce_etl_dag.py took 0.066 seconds
[2026-06-08T15:54:44.117+0000] {processor.py:161} INFO - Started process (PID=1666) to work on /opt/airflow/dags/ecommerce_etl_dag.py
[2026-06-08T15:54:44.118+0000] {processor.py:830} INFO - Processing file /opt/airflow/dags/ecommerce_etl_dag.py for tasks to queue
[2026-06-08T15:54:44.120+0000] {logging_mixin.py:188} INFO - [2026-06-08T15:54:44.120+0000] {dagbag.py:545} INFO - Filling up the DagBag from /opt/airflow/dags/ecommerce_etl_dag.py
[2026-06-08T15:54:44.131+0000] {processor.py:840} INFO - DAG(s) 'ecommerce_distributed_dw_etl' retrieved from /opt/airflow/dags/ecommerce_etl_dag.py
[2026-06-08T15:54:44.159+0000] {logging_mixin.py:188} INFO - [2026-06-08T15:54:44.159+0000] {dag.py:3089} INFO - Sync 1 DAGs
[2026-06-08T15:54:44.168+0000] {logging_mixin.py:188} INFO - [2026-06-08T15:54:44.168+0000] {dag.py:3947} INFO - Setting next_dagrun for ecommerce_distributed_dw_etl to None, run_after=None
[2026-06-08T15:54:44.178+0000] {processor.py:183} INFO - Processing /opt/airflow/dags/ecommerce_etl_dag.py took 0.069 seconds
[2026-06-08T15:55:14.451+0000] {processor.py:161} INFO - Started process (PID=1671) to work on /opt/airflow/dags/ecommerce_etl_dag.py
[2026-06-08T15:55:14.452+0000] {processor.py:830} INFO - Processing file /opt/airflow/dags/ecommerce_etl_dag.py for tasks to queue
[2026-06-08T15:55:14.454+0000] {logging_mixin.py:188} INFO - [2026-06-08T15:55:14.454+0000] {dagbag.py:545} INFO - Filling up the DagBag from /opt/airflow/dags/ecommerce_etl_dag.py
[2026-06-08T15:55:14.465+0000] {processor.py:840} INFO - DAG(s) 'ecommerce_distributed_dw_etl' retrieved from /opt/airflow/dags/ecommerce_etl_dag.py
[2026-06-08T15:55:14.492+0000] {logging_mixin.py:188} INFO - [2026-06-08T15:55:14.492+0000] {dag.py:3089} INFO - Sync 1 DAGs
[2026-06-08T15:55:14.500+0000] {logging_mixin.py:188} INFO - [2026-06-08T15:55:14.500+0000] {dag.py:3947} INFO - Setting next_dagrun for ecommerce_distributed_dw_etl to None, run_after=None
[2026-06-08T15:55:14.509+0000] {processor.py:183} INFO - Processing /opt/airflow/dags/ecommerce_etl_dag.py took 0.065 seconds
[2026-06-08T15:55:44.786+0000] {processor.py:161} INFO - Started process (PID=1676) to work on /opt/airflow/dags/ecommerce_etl_dag.py
[2026-06-08T15:55:44.788+0000] {processor.py:830} INFO - Processing file /opt/airflow/dags/ecommerce_etl_dag.py for tasks to queue
[2026-06-08T15:55:44.791+0000] {logging_mixin.py:188} INFO - [2026-06-08T15:55:44.791+0000] {dagbag.py:545} INFO - Filling up the DagBag from /opt/airflow/dags/ecommerce_etl_dag.py
[2026-06-08T15:55:44.806+0000] {processor.py:840} INFO - DAG(s) 'ecommerce_distributed_dw_etl' retrieved from /opt/airflow/dags/ecommerce_etl_dag.py
[2026-06-08T15:55:44.834+0000] {logging_mixin.py:188} INFO - [2026-06-08T15:55:44.834+0000] {dag.py:3089} INFO - Sync 1 DAGs
[2026-06-08T15:55:44.841+0000] {logging_mixin.py:188} INFO - [2026-06-08T15:55:44.841+0000] {dag.py:3947} INFO - Setting next_dagrun for ecommerce_distributed_dw_etl to None, run_after=None
[2026-06-08T15:55:44.849+0000] {processor.py:183} INFO - Processing /opt/airflow/dags/ecommerce_etl_dag.py took 0.073 seconds
[2026-06-08T15:56:15.110+0000] {processor.py:161} INFO - Started process (PID=1681) to work on /opt/airflow/dags/ecommerce_etl_dag.py
[2026-06-08T15:56:15.111+0000] {processor.py:830} INFO - Processing file /opt/airflow/dags/ecommerce_etl_dag.py for tasks to queue
[2026-06-08T15:56:15.113+0000] {logging_mixin.py:188} INFO - [2026-06-08T15:56:15.113+0000] {dagbag.py:545} INFO - Filling up the DagBag from /opt/airflow/dags/ecommerce_etl_dag.py
[2026-06-08T15:56:15.124+0000] {processor.py:840} INFO - DAG(s) 'ecommerce_distributed_dw_etl' retrieved from /opt/airflow/dags/ecommerce_etl_dag.py
[2026-06-08T15:56:15.152+0000] {logging_mixin.py:188} INFO - [2026-06-08T15:56:15.152+0000] {dag.py:3089} INFO - Sync 1 DAGs
[2026-06-08T15:56:15.162+0000] {logging_mixin.py:188} INFO - [2026-06-08T15:56:15.162+0000] {dag.py:3947} INFO - Setting next_dagrun for ecommerce_distributed_dw_etl to None, run_after=None
[2026-06-08T15:56:15.173+0000] {processor.py:183} INFO - Processing /opt/airflow/dags/ecommerce_etl_dag.py took 0.070 seconds
[2026-06-08T15:56:45.496+0000] {processor.py:161} INFO - Started process (PID=1686) to work on /opt/airflow/dags/ecommerce_etl_dag.py
[2026-06-08T15:56:45.497+0000] {processor.py:830} INFO - Processing file /opt/airflow/dags/ecommerce_etl_dag.py for tasks to queue
[2026-06-08T15:56:45.499+0000] {logging_mixin.py:188} INFO - [2026-06-08T15:56:45.499+0000] {dagbag.py:545} INFO - Filling up the DagBag from /opt/airflow/dags/ecommerce_etl_dag.py
[2026-06-08T15:56:45.511+0000] {processor.py:840} INFO - DAG(s) 'ecommerce_distributed_dw_etl' retrieved from /opt/airflow/dags/ecommerce_etl_dag.py
[2026-06-08T15:56:45.535+0000] {logging_mixin.py:188} INFO - [2026-06-08T15:56:45.535+0000] {dag.py:3089} INFO - Sync 1 DAGs
[2026-06-08T15:56:45.542+0000] {logging_mixin.py:188} INFO - [2026-06-08T15:56:45.541+0000] {dag.py:3947} INFO - Setting next_dagrun for ecommerce_distributed_dw_etl to None, run_after=None
[2026-06-08T15:56:45.550+0000] {processor.py:183} INFO - Processing /opt/airflow/dags/ecommerce_etl_dag.py took 0.062 seconds
[2026-06-08T15:57:15.946+0000] {processor.py:161} INFO - Started process (PID=1691) to work on /opt/airflow/dags/ecommerce_etl_dag.py
[2026-06-08T15:57:15.948+0000] {processor.py:830} INFO - Processing file /opt/airflow/dags/ecommerce_etl_dag.py for tasks to queue
[2026-06-08T15:57:15.951+0000] {logging_mixin.py:188} INFO - [2026-06-08T15:57:15.950+0000] {dagbag.py:545} INFO - Filling up the DagBag from /opt/airflow/dags/ecommerce_etl_dag.py
[2026-06-08T15:57:15.961+0000] {processor.py:840} INFO - DAG(s) 'ecommerce_distributed_dw_etl' retrieved from /opt/airflow/dags/ecommerce_etl_dag.py
[2026-06-08T15:57:16.003+0000] {logging_mixin.py:188} INFO - [2026-06-08T15:57:16.003+0000] {dag.py:3089} INFO - Sync 1 DAGs
[2026-06-08T15:57:16.025+0000] {logging_mixin.py:188} INFO - [2026-06-08T15:57:16.025+0000] {dag.py:3947} INFO - Setting next_dagrun for ecommerce_distributed_dw_etl to None, run_after=None
[2026-06-08T15:57:16.045+0000] {processor.py:183} INFO - Processing /opt/airflow/dags/ecommerce_etl_dag.py took 0.108 seconds
[2026-06-08T15:57:46.357+0000] {processor.py:161} INFO - Started process (PID=1696) to work on /opt/airflow/dags/ecommerce_etl_dag.py
[2026-06-08T15:57:46.359+0000] {processor.py:830} INFO - Processing file /opt/airflow/dags/ecommerce_etl_dag.py for tasks to queue
[2026-06-08T15:57:46.362+0000] {logging_mixin.py:188} INFO - [2026-06-08T15:57:46.362+0000] {dagbag.py:545} INFO - Filling up the DagBag from /opt/airflow/dags/ecommerce_etl_dag.py
[2026-06-08T15:57:46.377+0000] {processor.py:840} INFO - DAG(s) 'ecommerce_distributed_dw_etl' retrieved from /opt/airflow/dags/ecommerce_etl_dag.py
[2026-06-08T15:57:46.403+0000] {logging_mixin.py:188} INFO - [2026-06-08T15:57:46.403+0000] {dag.py:3089} INFO - Sync 1 DAGs
[2026-06-08T15:57:46.410+0000] {logging_mixin.py:188} INFO - [2026-06-08T15:57:46.410+0000] {dag.py:3947} INFO - Setting next_dagrun for ecommerce_distributed_dw_etl to None, run_after=None
[2026-06-08T15:57:46.418+0000] {processor.py:183} INFO - Processing /opt/airflow/dags/ecommerce_etl_dag.py took 0.071 seconds
[2026-06-08T15:58:16.760+0000] {processor.py:161} INFO - Started process (PID=1701) to work on /opt/airflow/dags/ecommerce_etl_dag.py
[2026-06-08T15:58:16.761+0000] {processor.py:830} INFO - Processing file /opt/airflow/dags/ecommerce_etl_dag.py for tasks to queue
[2026-06-08T15:58:16.763+0000] {logging_mixin.py:188} INFO - [2026-06-08T15:58:16.763+0000] {dagbag.py:545} INFO - Filling up the DagBag from /opt/airflow/dags/ecommerce_etl_dag.py
[2026-06-08T15:58:16.775+0000] {processor.py:840} INFO - DAG(s) 'ecommerce_distributed_dw_etl' retrieved from /opt/airflow/dags/ecommerce_etl_dag.py
[2026-06-08T15:58:16.803+0000] {logging_mixin.py:188} INFO - [2026-06-08T15:58:16.803+0000] {dag.py:3089} INFO - Sync 1 DAGs
[2026-06-08T15:58:16.811+0000] {logging_mixin.py:188} INFO - [2026-06-08T15:58:16.811+0000] {dag.py:3947} INFO - Setting next_dagrun for ecommerce_distributed_dw_etl to None, run_after=None
[2026-06-08T15:58:16.820+0000] {processor.py:183} INFO - Processing /opt/airflow/dags/ecommerce_etl_dag.py took 0.068 seconds
[2026-06-08T15:58:47.149+0000] {processor.py:161} INFO - Started process (PID=1706) to work on /opt/airflow/dags/ecommerce_etl_dag.py
[2026-06-08T15:58:47.150+0000] {processor.py:830} INFO - Processing file /opt/airflow/dags/ecommerce_etl_dag.py for tasks to queue
[2026-06-08T15:58:47.152+0000] {logging_mixin.py:188} INFO - [2026-06-08T15:58:47.151+0000] {dagbag.py:545} INFO - Filling up the DagBag from /opt/airflow/dags/ecommerce_etl_dag.py
[2026-06-08T15:58:47.163+0000] {processor.py:840} INFO - DAG(s) 'ecommerce_distributed_dw_etl' retrieved from /opt/airflow/dags/ecommerce_etl_dag.py
[2026-06-08T15:58:47.191+0000] {logging_mixin.py:188} INFO - [2026-06-08T15:58:47.191+0000] {dag.py:3089} INFO - Sync 1 DAGs
[2026-06-08T15:58:47.200+0000] {logging_mixin.py:188} INFO - [2026-06-08T15:58:47.200+0000] {dag.py:3947} INFO - Setting next_dagrun for ecommerce_distributed_dw_etl to None, run_after=None
[2026-06-08T15:58:47.209+0000] {processor.py:183} INFO - Processing /opt/airflow/dags/ecommerce_etl_dag.py took 0.068 seconds
[2026-06-08T15:59:17.416+0000] {processor.py:161} INFO - Started process (PID=1711) to work on /opt/airflow/dags/ecommerce_etl_dag.py
[2026-06-08T15:59:17.417+0000] {processor.py:830} INFO - Processing file /opt/airflow/dags/ecommerce_etl_dag.py for tasks to queue
[2026-06-08T15:59:17.419+0000] {logging_mixin.py:188} INFO - [2026-06-08T15:59:17.419+0000] {dagbag.py:545} INFO - Filling up the DagBag from /opt/airflow/dags/ecommerce_etl_dag.py
[2026-06-08T15:59:17.428+0000] {processor.py:840} INFO - DAG(s) 'ecommerce_distributed_dw_etl' retrieved from /opt/airflow/dags/ecommerce_etl_dag.py
[2026-06-08T15:59:17.452+0000] {logging_mixin.py:188} INFO - [2026-06-08T15:59:17.452+0000] {dag.py:3089} INFO - Sync 1 DAGs
[2026-06-08T15:59:17.459+0000] {logging_mixin.py:188} INFO - [2026-06-08T15:59:17.459+0000] {dag.py:3947} INFO - Setting next_dagrun for ecommerce_distributed_dw_etl to None, run_after=None
[2026-06-08T15:59:17.467+0000] {processor.py:183} INFO - Processing /opt/airflow/dags/ecommerce_etl_dag.py took 0.060 seconds
[2026-06-08T15:59:47.778+0000] {processor.py:161} INFO - Started process (PID=1716) to work on /opt/airflow/dags/ecommerce_etl_dag.py
[2026-06-08T15:59:47.779+0000] {processor.py:830} INFO - Processing file /opt/airflow/dags/ecommerce_etl_dag.py for tasks to queue
[2026-06-08T15:59:47.783+0000] {logging_mixin.py:188} INFO - [2026-06-08T15:59:47.782+0000] {dagbag.py:545} INFO - Filling up the DagBag from /opt/airflow/dags/ecommerce_etl_dag.py
[2026-06-08T15:59:47.800+0000] {processor.py:840} INFO - DAG(s) 'ecommerce_distributed_dw_etl' retrieved from /opt/airflow/dags/ecommerce_etl_dag.py
[2026-06-08T15:59:47.831+0000] {logging_mixin.py:188} INFO - [2026-06-08T15:59:47.831+0000] {dag.py:3089} INFO - Sync 1 DAGs
[2026-06-08T15:59:47.837+0000] {logging_mixin.py:188} INFO - [2026-06-08T15:59:47.837+0000] {dag.py:3947} INFO - Setting next_dagrun for ecommerce_distributed_dw_etl to None, run_after=None
[2026-06-08T15:59:47.845+0000] {processor.py:183} INFO - Processing /opt/airflow/dags/ecommerce_etl_dag.py took 0.081 seconds
[2026-06-08T16:00:18.208+0000] {processor.py:161} INFO - Started process (PID=1721) to work on /opt/airflow/dags/ecommerce_etl_dag.py
[2026-06-08T16:00:18.209+0000] {processor.py:830} INFO - Processing file /opt/airflow/dags/ecommerce_etl_dag.py for tasks to queue
[2026-06-08T16:00:18.212+0000] {logging_mixin.py:188} INFO - [2026-06-08T16:00:18.211+0000] {dagbag.py:545} INFO - Filling up the DagBag from /opt/airflow/dags/ecommerce_etl_dag.py
[2026-06-08T16:00:18.222+0000] {processor.py:840} INFO - DAG(s) 'ecommerce_distributed_dw_etl' retrieved from /opt/airflow/dags/ecommerce_etl_dag.py
[2026-06-08T16:00:18.250+0000] {logging_mixin.py:188} INFO - [2026-06-08T16:00:18.250+0000] {dag.py:3089} INFO - Sync 1 DAGs
[2026-06-08T16:00:18.260+0000] {logging_mixin.py:188} INFO - [2026-06-08T16:00:18.260+0000] {dag.py:3947} INFO - Setting next_dagrun for ecommerce_distributed_dw_etl to None, run_after=None
[2026-06-08T16:00:18.270+0000] {processor.py:183} INFO - Processing /opt/airflow/dags/ecommerce_etl_dag.py took 0.069 seconds
[2026-06-08T16:00:48.610+0000] {processor.py:161} INFO - Started process (PID=1726) to work on /opt/airflow/dags/ecommerce_etl_dag.py
[2026-06-08T16:00:48.612+0000] {processor.py:830} INFO - Processing file /opt/airflow/dags/ecommerce_etl_dag.py for tasks to queue
[2026-06-08T16:00:48.615+0000] {logging_mixin.py:188} INFO - [2026-06-08T16:00:48.615+0000] {dagbag.py:545} INFO - Filling up the DagBag from /opt/airflow/dags/ecommerce_etl_dag.py
[2026-06-08T16:00:48.630+0000] {processor.py:840} INFO - DAG(s) 'ecommerce_distributed_dw_etl' retrieved from /opt/airflow/dags/ecommerce_etl_dag.py
[2026-06-08T16:00:48.658+0000] {logging_mixin.py:188} INFO - [2026-06-08T16:00:48.658+0000] {dag.py:3089} INFO - Sync 1 DAGs
[2026-06-08T16:00:48.664+0000] {logging_mixin.py:188} INFO - [2026-06-08T16:00:48.664+0000] {dag.py:3947} INFO - Setting next_dagrun for ecommerce_distributed_dw_etl to None, run_after=None
[2026-06-08T16:00:48.673+0000] {processor.py:183} INFO - Processing /opt/airflow/dags/ecommerce_etl_dag.py took 0.072 seconds
[2026-06-08T16:01:19.082+0000] {processor.py:161} INFO - Started process (PID=1731) to work on /opt/airflow/dags/ecommerce_etl_dag.py
[2026-06-08T16:01:19.085+0000] {processor.py:830} INFO - Processing file /opt/airflow/dags/ecommerce_etl_dag.py for tasks to queue
[2026-06-08T16:01:19.092+0000] {logging_mixin.py:188} INFO - [2026-06-08T16:01:19.090+0000] {dagbag.py:545} INFO - Filling up the DagBag from /opt/airflow/dags/ecommerce_etl_dag.py
[2026-06-08T16:01:19.124+0000] {processor.py:840} INFO - DAG(s) 'ecommerce_distributed_dw_etl' retrieved from /opt/airflow/dags/ecommerce_etl_dag.py
[2026-06-08T16:01:19.178+0000] {logging_mixin.py:188} INFO - [2026-06-08T16:01:19.178+0000] {dag.py:3089} INFO - Sync 1 DAGs
[2026-06-08T16:01:19.191+0000] {logging_mixin.py:188} INFO - [2026-06-08T16:01:19.191+0000] {dag.py:3947} INFO - Setting next_dagrun for ecommerce_distributed_dw_etl to None, run_after=None
[2026-06-08T16:01:19.211+0000] {processor.py:183} INFO - Processing /opt/airflow/dags/ecommerce_etl_dag.py took 0.187 seconds
[2026-06-08T16:01:49.376+0000] {processor.py:161} INFO - Started process (PID=1736) to work on /opt/airflow/dags/ecommerce_etl_dag.py
[2026-06-08T16:01:49.377+0000] {processor.py:830} INFO - Processing file /opt/airflow/dags/ecommerce_etl_dag.py for tasks to queue
[2026-06-08T16:01:49.380+0000] {logging_mixin.py:188} INFO - [2026-06-08T16:01:49.379+0000] {dagbag.py:545} INFO - Filling up the DagBag from /opt/airflow/dags/ecommerce_etl_dag.py
[2026-06-08T16:01:49.395+0000] {processor.py:840} INFO - DAG(s) 'ecommerce_distributed_dw_etl' retrieved from /opt/airflow/dags/ecommerce_etl_dag.py
[2026-06-08T16:01:49.419+0000] {logging_mixin.py:188} INFO - [2026-06-08T16:01:49.419+0000] {dag.py:3089} INFO - Sync 1 DAGs
[2026-06-08T16:01:49.426+0000] {logging_mixin.py:188} INFO - [2026-06-08T16:01:49.426+0000] {dag.py:3947} INFO - Setting next_dagrun for ecommerce_distributed_dw_etl to None, run_after=None
[2026-06-08T16:01:49.434+0000] {processor.py:183} INFO - Processing /opt/airflow/dags/ecommerce_etl_dag.py took 0.068 seconds
[2026-06-08T16:02:19.725+0000] {processor.py:161} INFO - Started process (PID=1741) to work on /opt/airflow/dags/ecommerce_etl_dag.py
[2026-06-08T16:02:19.726+0000] {processor.py:830} INFO - Processing file /opt/airflow/dags/ecommerce_etl_dag.py for tasks to queue
[2026-06-08T16:02:19.729+0000] {logging_mixin.py:188} INFO - [2026-06-08T16:02:19.728+0000] {dagbag.py:545} INFO - Filling up the DagBag from /opt/airflow/dags/ecommerce_etl_dag.py
[2026-06-08T16:02:19.740+0000] {processor.py:840} INFO - DAG(s) 'ecommerce_distributed_dw_etl' retrieved from /opt/airflow/dags/ecommerce_etl_dag.py
[2026-06-08T16:02:19.767+0000] {logging_mixin.py:188} INFO - [2026-06-08T16:02:19.766+0000] {dag.py:3089} INFO - Sync 1 DAGs
[2026-06-08T16:02:19.776+0000] {logging_mixin.py:188} INFO - [2026-06-08T16:02:19.776+0000] {dag.py:3947} INFO - Setting next_dagrun for ecommerce_distributed_dw_etl to None, run_after=None
[2026-06-08T16:02:19.786+0000] {processor.py:183} INFO - Processing /opt/airflow/dags/ecommerce_etl_dag.py took 0.070 seconds
[2026-06-08T16:02:50.126+0000] {processor.py:161} INFO - Started process (PID=1746) to work on /opt/airflow/dags/ecommerce_etl_dag.py
[2026-06-08T16:02:50.127+0000] {processor.py:830} INFO - Processing file /opt/airflow/dags/ecommerce_etl_dag.py for tasks to queue
[2026-06-08T16:02:50.130+0000] {logging_mixin.py:188} INFO - [2026-06-08T16:02:50.130+0000] {dagbag.py:545} INFO - Filling up the DagBag from /opt/airflow/dags/ecommerce_etl_dag.py
[2026-06-08T16:02:50.145+0000] {processor.py:840} INFO - DAG(s) 'ecommerce_distributed_dw_etl' retrieved from /opt/airflow/dags/ecommerce_etl_dag.py
[2026-06-08T16:02:50.171+0000] {logging_mixin.py:188} INFO - [2026-06-08T16:02:50.171+0000] {dag.py:3089} INFO - Sync 1 DAGs
[2026-06-08T16:02:50.177+0000] {logging_mixin.py:188} INFO - [2026-06-08T16:02:50.177+0000] {dag.py:3947} INFO - Setting next_dagrun for ecommerce_distributed_dw_etl to None, run_after=None
[2026-06-08T16:02:50.187+0000] {processor.py:183} INFO - Processing /opt/airflow/dags/ecommerce_etl_dag.py took 0.074 seconds
[2026-06-08T16:03:20.424+0000] {processor.py:161} INFO - Started process (PID=1751) to work on /opt/airflow/dags/ecommerce_etl_dag.py
[2026-06-08T16:03:20.426+0000] {processor.py:830} INFO - Processing file /opt/airflow/dags/ecommerce_etl_dag.py for tasks to queue
[2026-06-08T16:03:20.428+0000] {logging_mixin.py:188} INFO - [2026-06-08T16:03:20.427+0000] {dagbag.py:545} INFO - Filling up the DagBag from /opt/airflow/dags/ecommerce_etl_dag.py
[2026-06-08T16:03:20.438+0000] {processor.py:840} INFO - DAG(s) 'ecommerce_distributed_dw_etl' retrieved from /opt/airflow/dags/ecommerce_etl_dag.py
[2026-06-08T16:03:20.466+0000] {logging_mixin.py:188} INFO - [2026-06-08T16:03:20.466+0000] {dag.py:3089} INFO - Sync 1 DAGs
[2026-06-08T16:03:20.475+0000] {logging_mixin.py:188} INFO - [2026-06-08T16:03:20.475+0000] {dag.py:3947} INFO - Setting next_dagrun for ecommerce_distributed_dw_etl to None, run_after=None
[2026-06-08T16:03:20.486+0000] {processor.py:183} INFO - Processing /opt/airflow/dags/ecommerce_etl_dag.py took 0.069 seconds
[2026-06-08T16:03:50.722+0000] {processor.py:161} INFO - Started process (PID=1756) to work on /opt/airflow/dags/ecommerce_etl_dag.py
[2026-06-08T16:03:50.723+0000] {processor.py:830} INFO - Processing file /opt/airflow/dags/ecommerce_etl_dag.py for tasks to queue
[2026-06-08T16:03:50.727+0000] {logging_mixin.py:188} INFO - [2026-06-08T16:03:50.727+0000] {dagbag.py:545} INFO - Filling up the DagBag from /opt/airflow/dags/ecommerce_etl_dag.py
[2026-06-08T16:03:50.743+0000] {processor.py:840} INFO - DAG(s) 'ecommerce_distributed_dw_etl' retrieved from /opt/airflow/dags/ecommerce_etl_dag.py
[2026-06-08T16:03:50.769+0000] {logging_mixin.py:188} INFO - [2026-06-08T16:03:50.768+0000] {dag.py:3089} INFO - Sync 1 DAGs
[2026-06-08T16:03:50.776+0000] {logging_mixin.py:188} INFO - [2026-06-08T16:03:50.776+0000] {dag.py:3947} INFO - Setting next_dagrun for ecommerce_distributed_dw_etl to None, run_after=None
[2026-06-08T16:03:50.785+0000] {processor.py:183} INFO - Processing /opt/airflow/dags/ecommerce_etl_dag.py took 0.075 seconds
[2026-06-08T16:04:21.066+0000] {processor.py:161} INFO - Started process (PID=1761) to work on /opt/airflow/dags/ecommerce_etl_dag.py
[2026-06-08T16:04:21.067+0000] {processor.py:830} INFO - Processing file /opt/airflow/dags/ecommerce_etl_dag.py for tasks to queue
[2026-06-08T16:04:21.068+0000] {logging_mixin.py:188} INFO - [2026-06-08T16:04:21.068+0000] {dagbag.py:545} INFO - Filling up the DagBag from /opt/airflow/dags/ecommerce_etl_dag.py
[2026-06-08T16:04:21.078+0000] {processor.py:840} INFO - DAG(s) 'ecommerce_distributed_dw_etl' retrieved from /opt/airflow/dags/ecommerce_etl_dag.py
[2026-06-08T16:04:21.102+0000] {logging_mixin.py:188} INFO - [2026-06-08T16:04:21.102+0000] {dag.py:3089} INFO - Sync 1 DAGs
[2026-06-08T16:04:21.109+0000] {logging_mixin.py:188} INFO - [2026-06-08T16:04:21.109+0000] {dag.py:3947} INFO - Setting next_dagrun for ecommerce_distributed_dw_etl to None, run_after=None
[2026-06-08T16:04:21.118+0000] {processor.py:183} INFO - Processing /opt/airflow/dags/ecommerce_etl_dag.py took 0.059 seconds
[2026-06-08T16:04:51.388+0000] {processor.py:161} INFO - Started process (PID=1766) to work on /opt/airflow/dags/ecommerce_etl_dag.py
[2026-06-08T16:04:51.389+0000] {processor.py:830} INFO - Processing file /opt/airflow/dags/ecommerce_etl_dag.py for tasks to queue
[2026-06-08T16:04:51.390+0000] {logging_mixin.py:188} INFO - [2026-06-08T16:04:51.390+0000] {dagbag.py:545} INFO - Filling up the DagBag from /opt/airflow/dags/ecommerce_etl_dag.py
[2026-06-08T16:04:51.399+0000] {processor.py:840} INFO - DAG(s) 'ecommerce_distributed_dw_etl' retrieved from /opt/airflow/dags/ecommerce_etl_dag.py
[2026-06-08T16:04:51.421+0000] {logging_mixin.py:188} INFO - [2026-06-08T16:04:51.421+0000] {dag.py:3089} INFO - Sync 1 DAGs
[2026-06-08T16:04:51.430+0000] {logging_mixin.py:188} INFO - [2026-06-08T16:04:51.430+0000] {dag.py:3947} INFO - Setting next_dagrun for ecommerce_distributed_dw_etl to None, run_after=None
[2026-06-08T16:04:51.440+0000] {processor.py:183} INFO - Processing /opt/airflow/dags/ecommerce_etl_dag.py took 0.057 seconds
[2026-06-08T16:05:21.714+0000] {processor.py:161} INFO - Started process (PID=1771) to work on /opt/airflow/dags/ecommerce_etl_dag.py
[2026-06-08T16:05:21.715+0000] {processor.py:830} INFO - Processing file /opt/airflow/dags/ecommerce_etl_dag.py for tasks to queue
[2026-06-08T16:05:21.718+0000] {logging_mixin.py:188} INFO - [2026-06-08T16:05:21.717+0000] {dagbag.py:545} INFO - Filling up the DagBag from /opt/airflow/dags/ecommerce_etl_dag.py
[2026-06-08T16:05:21.730+0000] {processor.py:840} INFO - DAG(s) 'ecommerce_distributed_dw_etl' retrieved from /opt/airflow/dags/ecommerce_etl_dag.py
[2026-06-08T16:05:21.753+0000] {logging_mixin.py:188} INFO - [2026-06-08T16:05:21.753+0000] {dag.py:3089} INFO - Sync 1 DAGs
[2026-06-08T16:05:21.759+0000] {logging_mixin.py:188} INFO - [2026-06-08T16:05:21.759+0000] {dag.py:3947} INFO - Setting next_dagrun for ecommerce_distributed_dw_etl to None, run_after=None
[2026-06-08T16:05:21.767+0000] {processor.py:183} INFO - Processing /opt/airflow/dags/ecommerce_etl_dag.py took 0.060 seconds
[2026-06-08T16:05:52.025+0000] {processor.py:161} INFO - Started process (PID=1776) to work on /opt/airflow/dags/ecommerce_etl_dag.py
[2026-06-08T16:05:52.026+0000] {processor.py:830} INFO - Processing file /opt/airflow/dags/ecommerce_etl_dag.py for tasks to queue
[2026-06-08T16:05:52.027+0000] {logging_mixin.py:188} INFO - [2026-06-08T16:05:52.027+0000] {dagbag.py:545} INFO - Filling up the DagBag from /opt/airflow/dags/ecommerce_etl_dag.py
[2026-06-08T16:05:52.034+0000] {processor.py:840} INFO - DAG(s) 'ecommerce_distributed_dw_etl' retrieved from /opt/airflow/dags/ecommerce_etl_dag.py
[2026-06-08T16:05:52.052+0000] {logging_mixin.py:188} INFO - [2026-06-08T16:05:52.052+0000] {dag.py:3089} INFO - Sync 1 DAGs
[2026-06-08T16:05:52.058+0000] {logging_mixin.py:188} INFO - [2026-06-08T16:05:52.058+0000] {dag.py:3947} INFO - Setting next_dagrun for ecommerce_distributed_dw_etl to None, run_after=None
[2026-06-08T16:05:52.066+0000] {processor.py:183} INFO - Processing /opt/airflow/dags/ecommerce_etl_dag.py took 0.045 seconds
[2026-06-08T16:06:22.369+0000] {processor.py:161} INFO - Started process (PID=1781) to work on /opt/airflow/dags/ecommerce_etl_dag.py
[2026-06-08T16:06:22.371+0000] {processor.py:830} INFO - Processing file /opt/airflow/dags/ecommerce_etl_dag.py for tasks to queue
[2026-06-08T16:06:22.372+0000] {logging_mixin.py:188} INFO - [2026-06-08T16:06:22.372+0000] {dagbag.py:545} INFO - Filling up the DagBag from /opt/airflow/dags/ecommerce_etl_dag.py
[2026-06-08T16:06:22.383+0000] {processor.py:840} INFO - DAG(s) 'ecommerce_distributed_dw_etl' retrieved from /opt/airflow/dags/ecommerce_etl_dag.py
[2026-06-08T16:06:22.411+0000] {logging_mixin.py:188} INFO - [2026-06-08T16:06:22.411+0000] {dag.py:3089} INFO - Sync 1 DAGs
[2026-06-08T16:06:22.420+0000] {logging_mixin.py:188} INFO - [2026-06-08T16:06:22.420+0000] {dag.py:3947} INFO - Setting next_dagrun for ecommerce_distributed_dw_etl to None, run_after=None
[2026-06-08T16:06:22.431+0000] {processor.py:183} INFO - Processing /opt/airflow/dags/ecommerce_etl_dag.py took 0.069 seconds
[2026-06-08T16:06:52.798+0000] {processor.py:161} INFO - Started process (PID=1786) to work on /opt/airflow/dags/ecommerce_etl_dag.py
[2026-06-08T16:06:52.799+0000] {processor.py:830} INFO - Processing file /opt/airflow/dags/ecommerce_etl_dag.py for tasks to queue
[2026-06-08T16:06:52.802+0000] {logging_mixin.py:188} INFO - [2026-06-08T16:06:52.802+0000] {dagbag.py:545} INFO - Filling up the DagBag from /opt/airflow/dags/ecommerce_etl_dag.py
[2026-06-08T16:06:52.817+0000] {processor.py:840} INFO - DAG(s) 'ecommerce_distributed_dw_etl' retrieved from /opt/airflow/dags/ecommerce_etl_dag.py
[2026-06-08T16:06:52.844+0000] {logging_mixin.py:188} INFO - [2026-06-08T16:06:52.844+0000] {dag.py:3089} INFO - Sync 1 DAGs
[2026-06-08T16:06:52.850+0000] {logging_mixin.py:188} INFO - [2026-06-08T16:06:52.850+0000] {dag.py:3947} INFO - Setting next_dagrun for ecommerce_distributed_dw_etl to None, run_after=None
[2026-06-08T16:06:52.859+0000] {processor.py:183} INFO - Processing /opt/airflow/dags/ecommerce_etl_dag.py took 0.071 seconds
[2026-06-08T16:07:23.256+0000] {processor.py:161} INFO - Started process (PID=1791) to work on /opt/airflow/dags/ecommerce_etl_dag.py
[2026-06-08T16:07:23.257+0000] {processor.py:830} INFO - Processing file /opt/airflow/dags/ecommerce_etl_dag.py for tasks to queue
[2026-06-08T16:07:23.260+0000] {logging_mixin.py:188} INFO - [2026-06-08T16:07:23.259+0000] {dagbag.py:545} INFO - Filling up the DagBag from /opt/airflow/dags/ecommerce_etl_dag.py
[2026-06-08T16:07:23.273+0000] {processor.py:840} INFO - DAG(s) 'ecommerce_distributed_dw_etl' retrieved from /opt/airflow/dags/ecommerce_etl_dag.py
[2026-06-08T16:07:23.298+0000] {logging_mixin.py:188} INFO - [2026-06-08T16:07:23.297+0000] {dag.py:3089} INFO - Sync 1 DAGs
[2026-06-08T16:07:23.305+0000] {logging_mixin.py:188} INFO - [2026-06-08T16:07:23.305+0000] {dag.py:3947} INFO - Setting next_dagrun for ecommerce_distributed_dw_etl to None, run_after=None
[2026-06-08T16:07:23.314+0000] {processor.py:183} INFO - Processing /opt/airflow/dags/ecommerce_etl_dag.py took 0.067 seconds
[2026-06-08T16:07:53.573+0000] {processor.py:161} INFO - Started process (PID=1796) to work on /opt/airflow/dags/ecommerce_etl_dag.py
[2026-06-08T16:07:53.574+0000] {processor.py:830} INFO - Processing file /opt/airflow/dags/ecommerce_etl_dag.py for tasks to queue
[2026-06-08T16:07:53.576+0000] {logging_mixin.py:188} INFO - [2026-06-08T16:07:53.576+0000] {dagbag.py:545} INFO - Filling up the DagBag from /opt/airflow/dags/ecommerce_etl_dag.py
[2026-06-08T16:07:53.586+0000] {processor.py:840} INFO - DAG(s) 'ecommerce_distributed_dw_etl' retrieved from /opt/airflow/dags/ecommerce_etl_dag.py
[2026-06-08T16:07:53.609+0000] {logging_mixin.py:188} INFO - [2026-06-08T16:07:53.609+0000] {dag.py:3089} INFO - Sync 1 DAGs
[2026-06-08T16:07:53.616+0000] {logging_mixin.py:188} INFO - [2026-06-08T16:07:53.616+0000] {dag.py:3947} INFO - Setting next_dagrun for ecommerce_distributed_dw_etl to None, run_after=None
[2026-06-08T16:07:53.625+0000] {processor.py:183} INFO - Processing /opt/airflow/dags/ecommerce_etl_dag.py took 0.057 seconds
[2026-06-08T16:08:23.933+0000] {processor.py:161} INFO - Started process (PID=1801) to work on /opt/airflow/dags/ecommerce_etl_dag.py
[2026-06-08T16:08:23.937+0000] {processor.py:830} INFO - Processing file /opt/airflow/dags/ecommerce_etl_dag.py for tasks to queue
[2026-06-08T16:08:23.940+0000] {logging_mixin.py:188} INFO - [2026-06-08T16:08:23.939+0000] {dagbag.py:545} INFO - Filling up the DagBag from /opt/airflow/dags/ecommerce_etl_dag.py
[2026-06-08T16:08:23.953+0000] {processor.py:840} INFO - DAG(s) 'ecommerce_distributed_dw_etl' retrieved from /opt/airflow/dags/ecommerce_etl_dag.py
[2026-06-08T16:08:23.996+0000] {logging_mixin.py:188} INFO - [2026-06-08T16:08:23.996+0000] {dag.py:3089} INFO - Sync 1 DAGs
[2026-06-08T16:08:24.017+0000] {logging_mixin.py:188} INFO - [2026-06-08T16:08:24.017+0000] {dag.py:3947} INFO - Setting next_dagrun for ecommerce_distributed_dw_etl to None, run_after=None
[2026-06-08T16:08:24.029+0000] {processor.py:183} INFO - Processing /opt/airflow/dags/ecommerce_etl_dag.py took 0.106 seconds
[2026-06-08T16:08:54.290+0000] {processor.py:161} INFO - Started process (PID=1806) to work on /opt/airflow/dags/ecommerce_etl_dag.py
[2026-06-08T16:08:54.292+0000] {processor.py:830} INFO - Processing file /opt/airflow/dags/ecommerce_etl_dag.py for tasks to queue
[2026-06-08T16:08:54.295+0000] {logging_mixin.py:188} INFO - [2026-06-08T16:08:54.294+0000] {dagbag.py:545} INFO - Filling up the DagBag from /opt/airflow/dags/ecommerce_etl_dag.py
[2026-06-08T16:08:54.309+0000] {processor.py:840} INFO - DAG(s) 'ecommerce_distributed_dw_etl' retrieved from /opt/airflow/dags/ecommerce_etl_dag.py
[2026-06-08T16:08:54.335+0000] {logging_mixin.py:188} INFO - [2026-06-08T16:08:54.335+0000] {dag.py:3089} INFO - Sync 1 DAGs
[2026-06-08T16:08:54.341+0000] {logging_mixin.py:188} INFO - [2026-06-08T16:08:54.341+0000] {dag.py:3947} INFO - Setting next_dagrun for ecommerce_distributed_dw_etl to None, run_after=None
[2026-06-08T16:08:54.349+0000] {processor.py:183} INFO - Processing /opt/airflow/dags/ecommerce_etl_dag.py took 0.070 seconds
[2026-06-08T16:09:24.644+0000] {processor.py:161} INFO - Started process (PID=1811) to work on /opt/airflow/dags/ecommerce_etl_dag.py
[2026-06-08T16:09:24.645+0000] {processor.py:830} INFO - Processing file /opt/airflow/dags/ecommerce_etl_dag.py for tasks to queue
[2026-06-08T16:09:24.647+0000] {logging_mixin.py:188} INFO - [2026-06-08T16:09:24.647+0000] {dagbag.py:545} INFO - Filling up the DagBag from /opt/airflow/dags/ecommerce_etl_dag.py
[2026-06-08T16:09:24.659+0000] {processor.py:840} INFO - DAG(s) 'ecommerce_distributed_dw_etl' retrieved from /opt/airflow/dags/ecommerce_etl_dag.py
[2026-06-08T16:09:24.686+0000] {logging_mixin.py:188} INFO - [2026-06-08T16:09:24.686+0000] {dag.py:3089} INFO - Sync 1 DAGs
[2026-06-08T16:09:24.695+0000] {logging_mixin.py:188} INFO - [2026-06-08T16:09:24.694+0000] {dag.py:3947} INFO - Setting next_dagrun for ecommerce_distributed_dw_etl to None, run_after=None
[2026-06-08T16:09:24.705+0000] {processor.py:183} INFO - Processing /opt/airflow/dags/ecommerce_etl_dag.py took 0.068 seconds
[2026-06-08T16:09:54.943+0000] {processor.py:161} INFO - Started process (PID=1816) to work on /opt/airflow/dags/ecommerce_etl_dag.py
[2026-06-08T16:09:54.944+0000] {processor.py:830} INFO - Processing file /opt/airflow/dags/ecommerce_etl_dag.py for tasks to queue
[2026-06-08T16:09:54.948+0000] {logging_mixin.py:188} INFO - [2026-06-08T16:09:54.947+0000] {dagbag.py:545} INFO - Filling up the DagBag from /opt/airflow/dags/ecommerce_etl_dag.py
[2026-06-08T16:09:54.963+0000] {processor.py:840} INFO - DAG(s) 'ecommerce_distributed_dw_etl' retrieved from /opt/airflow/dags/ecommerce_etl_dag.py
[2026-06-08T16:09:54.991+0000] {logging_mixin.py:188} INFO - [2026-06-08T16:09:54.991+0000] {dag.py:3089} INFO - Sync 1 DAGs
[2026-06-08T16:09:54.998+0000] {logging_mixin.py:188} INFO - [2026-06-08T16:09:54.998+0000] {dag.py:3947} INFO - Setting next_dagrun for ecommerce_distributed_dw_etl to None, run_after=None
[2026-06-08T16:09:55.007+0000] {processor.py:183} INFO - Processing /opt/airflow/dags/ecommerce_etl_dag.py took 0.075 seconds
[2026-06-08T16:10:25.203+0000] {processor.py:161} INFO - Started process (PID=1821) to work on /opt/airflow/dags/ecommerce_etl_dag.py
[2026-06-08T16:10:25.206+0000] {processor.py:830} INFO - Processing file /opt/airflow/dags/ecommerce_etl_dag.py for tasks to queue
[2026-06-08T16:10:25.209+0000] {logging_mixin.py:188} INFO - [2026-06-08T16:10:25.209+0000] {dagbag.py:545} INFO - Filling up the DagBag from /opt/airflow/dags/ecommerce_etl_dag.py
[2026-06-08T16:10:25.222+0000] {processor.py:840} INFO - DAG(s) 'ecommerce_distributed_dw_etl' retrieved from /opt/airflow/dags/ecommerce_etl_dag.py
[2026-06-08T16:10:25.256+0000] {logging_mixin.py:188} INFO - [2026-06-08T16:10:25.255+0000] {dag.py:3089} INFO - Sync 1 DAGs
[2026-06-08T16:10:25.266+0000] {logging_mixin.py:188} INFO - [2026-06-08T16:10:25.266+0000] {dag.py:3947} INFO - Setting next_dagrun for ecommerce_distributed_dw_etl to None, run_after=None
[2026-06-08T16:10:25.276+0000] {processor.py:183} INFO - Processing /opt/airflow/dags/ecommerce_etl_dag.py took 0.082 seconds
[2026-06-08T16:10:55.591+0000] {processor.py:161} INFO - Started process (PID=1826) to work on /opt/airflow/dags/ecommerce_etl_dag.py
[2026-06-08T16:10:55.592+0000] {processor.py:830} INFO - Processing file /opt/airflow/dags/ecommerce_etl_dag.py for tasks to queue
[2026-06-08T16:10:55.596+0000] {logging_mixin.py:188} INFO - [2026-06-08T16:10:55.596+0000] {dagbag.py:545} INFO - Filling up the DagBag from /opt/airflow/dags/ecommerce_etl_dag.py
[2026-06-08T16:10:55.610+0000] {processor.py:840} INFO - DAG(s) 'ecommerce_distributed_dw_etl' retrieved from /opt/airflow/dags/ecommerce_etl_dag.py
[2026-06-08T16:10:55.636+0000] {logging_mixin.py:188} INFO - [2026-06-08T16:10:55.636+0000] {dag.py:3089} INFO - Sync 1 DAGs
[2026-06-08T16:10:55.643+0000] {logging_mixin.py:188} INFO - [2026-06-08T16:10:55.643+0000] {dag.py:3947} INFO - Setting next_dagrun for ecommerce_distributed_dw_etl to None, run_after=None
[2026-06-08T16:10:55.651+0000] {processor.py:183} INFO - Processing /opt/airflow/dags/ecommerce_etl_dag.py took 0.070 seconds
[2026-06-08T16:11:25.940+0000] {processor.py:161} INFO - Started process (PID=1831) to work on /opt/airflow/dags/ecommerce_etl_dag.py
[2026-06-08T16:11:25.941+0000] {processor.py:830} INFO - Processing file /opt/airflow/dags/ecommerce_etl_dag.py for tasks to queue
[2026-06-08T16:11:25.945+0000] {logging_mixin.py:188} INFO - [2026-06-08T16:11:25.944+0000] {dagbag.py:545} INFO - Filling up the DagBag from /opt/airflow/dags/ecommerce_etl_dag.py
[2026-06-08T16:11:25.959+0000] {processor.py:840} INFO - DAG(s) 'ecommerce_distributed_dw_etl' retrieved from /opt/airflow/dags/ecommerce_etl_dag.py
[2026-06-08T16:11:25.988+0000] {logging_mixin.py:188} INFO - [2026-06-08T16:11:25.988+0000] {dag.py:3089} INFO - Sync 1 DAGs
[2026-06-08T16:11:25.996+0000] {logging_mixin.py:188} INFO - [2026-06-08T16:11:25.996+0000] {dag.py:3947} INFO - Setting next_dagrun for ecommerce_distributed_dw_etl to None, run_after=None
[2026-06-08T16:11:26.007+0000] {processor.py:183} INFO - Processing /opt/airflow/dags/ecommerce_etl_dag.py took 0.077 seconds
[2026-06-08T16:11:56.285+0000] {processor.py:161} INFO - Started process (PID=1836) to work on /opt/airflow/dags/ecommerce_etl_dag.py
[2026-06-08T16:11:56.287+0000] {processor.py:830} INFO - Processing file /opt/airflow/dags/ecommerce_etl_dag.py for tasks to queue
[2026-06-08T16:11:56.290+0000] {logging_mixin.py:188} INFO - [2026-06-08T16:11:56.290+0000] {dagbag.py:545} INFO - Filling up the DagBag from /opt/airflow/dags/ecommerce_etl_dag.py
[2026-06-08T16:11:56.299+0000] {processor.py:840} INFO - DAG(s) 'ecommerce_distributed_dw_etl' retrieved from /opt/airflow/dags/ecommerce_etl_dag.py
[2026-06-08T16:11:56.325+0000] {logging_mixin.py:188} INFO - [2026-06-08T16:11:56.325+0000] {dag.py:3089} INFO - Sync 1 DAGs
[2026-06-08T16:11:56.332+0000] {logging_mixin.py:188} INFO - [2026-06-08T16:11:56.332+0000] {dag.py:3947} INFO - Setting next_dagrun for ecommerce_distributed_dw_etl to None, run_after=None
[2026-06-08T16:11:56.340+0000] {processor.py:183} INFO - Processing /opt/airflow/dags/ecommerce_etl_dag.py took 0.062 seconds
[2026-06-08T16:12:26.655+0000] {processor.py:161} INFO - Started process (PID=1841) to work on /opt/airflow/dags/ecommerce_etl_dag.py
[2026-06-08T16:12:26.656+0000] {processor.py:830} INFO - Processing file /opt/airflow/dags/ecommerce_etl_dag.py for tasks to queue
[2026-06-08T16:12:26.658+0000] {logging_mixin.py:188} INFO - [2026-06-08T16:12:26.657+0000] {dagbag.py:545} INFO - Filling up the DagBag from /opt/airflow/dags/ecommerce_etl_dag.py
[2026-06-08T16:12:26.668+0000] {processor.py:840} INFO - DAG(s) 'ecommerce_distributed_dw_etl' retrieved from /opt/airflow/dags/ecommerce_etl_dag.py
[2026-06-08T16:12:26.694+0000] {logging_mixin.py:188} INFO - [2026-06-08T16:12:26.694+0000] {dag.py:3089} INFO - Sync 1 DAGs
[2026-06-08T16:12:26.703+0000] {logging_mixin.py:188} INFO - [2026-06-08T16:12:26.703+0000] {dag.py:3947} INFO - Setting next_dagrun for ecommerce_distributed_dw_etl to None, run_after=None
[2026-06-08T16:12:26.714+0000] {processor.py:183} INFO - Processing /opt/airflow/dags/ecommerce_etl_dag.py took 0.067 seconds
[2026-06-08T16:12:56.995+0000] {processor.py:161} INFO - Started process (PID=1846) to work on /opt/airflow/dags/ecommerce_etl_dag.py
[2026-06-08T16:12:56.996+0000] {processor.py:830} INFO - Processing file /opt/airflow/dags/ecommerce_etl_dag.py for tasks to queue
[2026-06-08T16:12:57.000+0000] {logging_mixin.py:188} INFO - [2026-06-08T16:12:57.000+0000] {dagbag.py:545} INFO - Filling up the DagBag from /opt/airflow/dags/ecommerce_etl_dag.py
[2026-06-08T16:12:57.016+0000] {processor.py:840} INFO - DAG(s) 'ecommerce_distributed_dw_etl' retrieved from /opt/airflow/dags/ecommerce_etl_dag.py
[2026-06-08T16:12:57.043+0000] {logging_mixin.py:188} INFO - [2026-06-08T16:12:57.043+0000] {dag.py:3089} INFO - Sync 1 DAGs
[2026-06-08T16:12:57.050+0000] {logging_mixin.py:188} INFO - [2026-06-08T16:12:57.050+0000] {dag.py:3947} INFO - Setting next_dagrun for ecommerce_distributed_dw_etl to None, run_after=None
[2026-06-08T16:12:57.059+0000] {processor.py:183} INFO - Processing /opt/airflow/dags/ecommerce_etl_dag.py took 0.075 seconds
[2026-06-08T16:13:27.402+0000] {processor.py:161} INFO - Started process (PID=1851) to work on /opt/airflow/dags/ecommerce_etl_dag.py
[2026-06-08T16:13:27.404+0000] {processor.py:830} INFO - Processing file /opt/airflow/dags/ecommerce_etl_dag.py for tasks to queue
[2026-06-08T16:13:27.408+0000] {logging_mixin.py:188} INFO - [2026-06-08T16:13:27.407+0000] {dagbag.py:545} INFO - Filling up the DagBag from /opt/airflow/dags/ecommerce_etl_dag.py
[2026-06-08T16:13:27.426+0000] {processor.py:840} INFO - DAG(s) 'ecommerce_distributed_dw_etl' retrieved from /opt/airflow/dags/ecommerce_etl_dag.py
[2026-06-08T16:13:27.461+0000] {logging_mixin.py:188} INFO - [2026-06-08T16:13:27.461+0000] {dag.py:3089} INFO - Sync 1 DAGs
[2026-06-08T16:13:27.470+0000] {logging_mixin.py:188} INFO - [2026-06-08T16:13:27.470+0000] {dag.py:3947} INFO - Setting next_dagrun for ecommerce_distributed_dw_etl to None, run_after=None
[2026-06-08T16:13:27.481+0000] {processor.py:183} INFO - Processing /opt/airflow/dags/ecommerce_etl_dag.py took 0.091 seconds
[2026-06-08T16:13:57.710+0000] {processor.py:161} INFO - Started process (PID=1856) to work on /opt/airflow/dags/ecommerce_etl_dag.py
[2026-06-08T16:13:57.711+0000] {processor.py:830} INFO - Processing file /opt/airflow/dags/ecommerce_etl_dag.py for tasks to queue
[2026-06-08T16:13:57.712+0000] {logging_mixin.py:188} INFO - [2026-06-08T16:13:57.712+0000] {dagbag.py:545} INFO - Filling up the DagBag from /opt/airflow/dags/ecommerce_etl_dag.py
[2026-06-08T16:13:57.720+0000] {processor.py:840} INFO - DAG(s) 'ecommerce_distributed_dw_etl' retrieved from /opt/airflow/dags/ecommerce_etl_dag.py
[2026-06-08T16:13:57.745+0000] {logging_mixin.py:188} INFO - [2026-06-08T16:13:57.744+0000] {dag.py:3089} INFO - Sync 1 DAGs
[2026-06-08T16:13:57.752+0000] {logging_mixin.py:188} INFO - [2026-06-08T16:13:57.752+0000] {dag.py:3947} INFO - Setting next_dagrun for ecommerce_distributed_dw_etl to None, run_after=None
[2026-06-08T16:13:57.765+0000] {processor.py:183} INFO - Processing /opt/airflow/dags/ecommerce_etl_dag.py took 0.060 seconds
[2026-06-08T16:14:28.137+0000] {processor.py:161} INFO - Started process (PID=1861) to work on /opt/airflow/dags/ecommerce_etl_dag.py
[2026-06-08T16:14:28.139+0000] {processor.py:830} INFO - Processing file /opt/airflow/dags/ecommerce_etl_dag.py for tasks to queue
[2026-06-08T16:14:28.143+0000] {logging_mixin.py:188} INFO - [2026-06-08T16:14:28.142+0000] {dagbag.py:545} INFO - Filling up the DagBag from /opt/airflow/dags/ecommerce_etl_dag.py
[2026-06-08T16:14:28.158+0000] {processor.py:840} INFO - DAG(s) 'ecommerce_distributed_dw_etl' retrieved from /opt/airflow/dags/ecommerce_etl_dag.py
[2026-06-08T16:14:28.188+0000] {logging_mixin.py:188} INFO - [2026-06-08T16:14:28.188+0000] {dag.py:3089} INFO - Sync 1 DAGs
[2026-06-08T16:14:28.196+0000] {logging_mixin.py:188} INFO - [2026-06-08T16:14:28.196+0000] {dag.py:3947} INFO - Setting next_dagrun for ecommerce_distributed_dw_etl to None, run_after=None
[2026-06-08T16:14:28.206+0000] {processor.py:183} INFO - Processing /opt/airflow/dags/ecommerce_etl_dag.py took 0.080 seconds
[2026-06-08T16:14:58.432+0000] {processor.py:161} INFO - Started process (PID=1866) to work on /opt/airflow/dags/ecommerce_etl_dag.py
[2026-06-08T16:14:58.433+0000] {processor.py:830} INFO - Processing file /opt/airflow/dags/ecommerce_etl_dag.py for tasks to queue
[2026-06-08T16:14:58.435+0000] {logging_mixin.py:188} INFO - [2026-06-08T16:14:58.434+0000] {dagbag.py:545} INFO - Filling up the DagBag from /opt/airflow/dags/ecommerce_etl_dag.py
[2026-06-08T16:14:58.445+0000] {processor.py:840} INFO - DAG(s) 'ecommerce_distributed_dw_etl' retrieved from /opt/airflow/dags/ecommerce_etl_dag.py
[2026-06-08T16:14:58.469+0000] {logging_mixin.py:188} INFO - [2026-06-08T16:14:58.469+0000] {dag.py:3089} INFO - Sync 1 DAGs
[2026-06-08T16:14:58.476+0000] {logging_mixin.py:188} INFO - [2026-06-08T16:14:58.476+0000] {dag.py:3947} INFO - Setting next_dagrun for ecommerce_distributed_dw_etl to None, run_after=None
[2026-06-08T16:14:58.484+0000] {processor.py:183} INFO - Processing /opt/airflow/dags/ecommerce_etl_dag.py took 0.060 seconds
[2026-06-08T16:15:28.773+0000] {processor.py:161} INFO - Started process (PID=1871) to work on /opt/airflow/dags/ecommerce_etl_dag.py
[2026-06-08T16:15:28.774+0000] {processor.py:830} INFO - Processing file /opt/airflow/dags/ecommerce_etl_dag.py for tasks to queue
[2026-06-08T16:15:28.777+0000] {logging_mixin.py:188} INFO - [2026-06-08T16:15:28.776+0000] {dagbag.py:545} INFO - Filling up the DagBag from /opt/airflow/dags/ecommerce_etl_dag.py
[2026-06-08T16:15:28.791+0000] {processor.py:840} INFO - DAG(s) 'ecommerce_distributed_dw_etl' retrieved from /opt/airflow/dags/ecommerce_etl_dag.py
[2026-06-08T16:15:28.817+0000] {logging_mixin.py:188} INFO - [2026-06-08T16:15:28.817+0000] {dag.py:3089} INFO - Sync 1 DAGs
[2026-06-08T16:15:28.826+0000] {logging_mixin.py:188} INFO - [2026-06-08T16:15:28.825+0000] {dag.py:3947} INFO - Setting next_dagrun for ecommerce_distributed_dw_etl to None, run_after=None
[2026-06-08T16:15:28.836+0000] {processor.py:183} INFO - Processing /opt/airflow/dags/ecommerce_etl_dag.py took 0.073 seconds
[2026-06-08T16:15:59.122+0000] {processor.py:161} INFO - Started process (PID=1876) to work on /opt/airflow/dags/ecommerce_etl_dag.py
[2026-06-08T16:15:59.123+0000] {processor.py:830} INFO - Processing file /opt/airflow/dags/ecommerce_etl_dag.py for tasks to queue
[2026-06-08T16:15:59.126+0000] {logging_mixin.py:188} INFO - [2026-06-08T16:15:59.125+0000] {dagbag.py:545} INFO - Filling up the DagBag from /opt/airflow/dags/ecommerce_etl_dag.py
[2026-06-08T16:15:59.135+0000] {processor.py:840} INFO - DAG(s) 'ecommerce_distributed_dw_etl' retrieved from /opt/airflow/dags/ecommerce_etl_dag.py
[2026-06-08T16:15:59.162+0000] {logging_mixin.py:188} INFO - [2026-06-08T16:15:59.161+0000] {dag.py:3089} INFO - Sync 1 DAGs
[2026-06-08T16:15:59.169+0000] {logging_mixin.py:188} INFO - [2026-06-08T16:15:59.169+0000] {dag.py:3947} INFO - Setting next_dagrun for ecommerce_distributed_dw_etl to None, run_after=None
[2026-06-08T16:15:59.178+0000] {processor.py:183} INFO - Processing /opt/airflow/dags/ecommerce_etl_dag.py took 0.062 seconds
[2026-06-08T16:16:29.522+0000] {processor.py:161} INFO - Started process (PID=1881) to work on /opt/airflow/dags/ecommerce_etl_dag.py
[2026-06-08T16:16:29.524+0000] {processor.py:830} INFO - Processing file /opt/airflow/dags/ecommerce_etl_dag.py for tasks to queue
[2026-06-08T16:16:29.529+0000] {logging_mixin.py:188} INFO - [2026-06-08T16:16:29.528+0000] {dagbag.py:545} INFO - Filling up the DagBag from /opt/airflow/dags/ecommerce_etl_dag.py
[2026-06-08T16:16:29.545+0000] {processor.py:840} INFO - DAG(s) 'ecommerce_distributed_dw_etl' retrieved from /opt/airflow/dags/ecommerce_etl_dag.py
[2026-06-08T16:16:29.585+0000] {logging_mixin.py:188} INFO - [2026-06-08T16:16:29.585+0000] {dag.py:3089} INFO - Sync 1 DAGs
[2026-06-08T16:16:29.597+0000] {logging_mixin.py:188} INFO - [2026-06-08T16:16:29.597+0000] {dag.py:3947} INFO - Setting next_dagrun for ecommerce_distributed_dw_etl to None, run_after=None
[2026-06-08T16:16:29.615+0000] {processor.py:183} INFO - Processing /opt/airflow/dags/ecommerce_etl_dag.py took 0.103 seconds
[2026-06-08T16:16:59.828+0000] {processor.py:161} INFO - Started process (PID=1886) to work on /opt/airflow/dags/ecommerce_etl_dag.py
[2026-06-08T16:16:59.829+0000] {processor.py:830} INFO - Processing file /opt/airflow/dags/ecommerce_etl_dag.py for tasks to queue
[2026-06-08T16:16:59.831+0000] {logging_mixin.py:188} INFO - [2026-06-08T16:16:59.830+0000] {dagbag.py:545} INFO - Filling up the DagBag from /opt/airflow/dags/ecommerce_etl_dag.py
[2026-06-08T16:16:59.841+0000] {processor.py:840} INFO - DAG(s) 'ecommerce_distributed_dw_etl' retrieved from /opt/airflow/dags/ecommerce_etl_dag.py
[2026-06-08T16:16:59.863+0000] {logging_mixin.py:188} INFO - [2026-06-08T16:16:59.863+0000] {dag.py:3089} INFO - Sync 1 DAGs
[2026-06-08T16:16:59.870+0000] {logging_mixin.py:188} INFO - [2026-06-08T16:16:59.870+0000] {dag.py:3947} INFO - Setting next_dagrun for ecommerce_distributed_dw_etl to None, run_after=None
[2026-06-08T16:16:59.879+0000] {processor.py:183} INFO - Processing /opt/airflow/dags/ecommerce_etl_dag.py took 0.058 seconds
[2026-06-08T16:17:30.264+0000] {processor.py:161} INFO - Started process (PID=1891) to work on /opt/airflow/dags/ecommerce_etl_dag.py
[2026-06-08T16:17:30.265+0000] {processor.py:830} INFO - Processing file /opt/airflow/dags/ecommerce_etl_dag.py for tasks to queue
[2026-06-08T16:17:30.268+0000] {logging_mixin.py:188} INFO - [2026-06-08T16:17:30.268+0000] {dagbag.py:545} INFO - Filling up the DagBag from /opt/airflow/dags/ecommerce_etl_dag.py
[2026-06-08T16:17:30.283+0000] {processor.py:840} INFO - DAG(s) 'ecommerce_distributed_dw_etl' retrieved from /opt/airflow/dags/ecommerce_etl_dag.py
[2026-06-08T16:17:30.312+0000] {logging_mixin.py:188} INFO - [2026-06-08T16:17:30.312+0000] {dag.py:3089} INFO - Sync 1 DAGs
[2026-06-08T16:17:30.320+0000] {logging_mixin.py:188} INFO - [2026-06-08T16:17:30.320+0000] {dag.py:3947} INFO - Setting next_dagrun for ecommerce_distributed_dw_etl to None, run_after=None
[2026-06-08T16:17:30.330+0000] {processor.py:183} INFO - Processing /opt/airflow/dags/ecommerce_etl_dag.py took 0.077 seconds
[2026-06-08T16:18:00.635+0000] {processor.py:161} INFO - Started process (PID=1896) to work on /opt/airflow/dags/ecommerce_etl_dag.py
[2026-06-08T16:18:00.636+0000] {processor.py:830} INFO - Processing file /opt/airflow/dags/ecommerce_etl_dag.py for tasks to queue
[2026-06-08T16:18:00.638+0000] {logging_mixin.py:188} INFO - [2026-06-08T16:18:00.638+0000] {dagbag.py:545} INFO - Filling up the DagBag from /opt/airflow/dags/ecommerce_etl_dag.py
[2026-06-08T16:18:00.649+0000] {processor.py:840} INFO - DAG(s) 'ecommerce_distributed_dw_etl' retrieved from /opt/airflow/dags/ecommerce_etl_dag.py
[2026-06-08T16:18:00.674+0000] {logging_mixin.py:188} INFO - [2026-06-08T16:18:00.673+0000] {dag.py:3089} INFO - Sync 1 DAGs
[2026-06-08T16:18:00.680+0000] {logging_mixin.py:188} INFO - [2026-06-08T16:18:00.680+0000] {dag.py:3947} INFO - Setting next_dagrun for ecommerce_distributed_dw_etl to None, run_after=None
[2026-06-08T16:18:00.689+0000] {processor.py:183} INFO - Processing /opt/airflow/dags/ecommerce_etl_dag.py took 0.062 seconds
[2026-06-08T16:18:31.089+0000] {processor.py:161} INFO - Started process (PID=1901) to work on /opt/airflow/dags/ecommerce_etl_dag.py
[2026-06-08T16:18:31.090+0000] {processor.py:830} INFO - Processing file /opt/airflow/dags/ecommerce_etl_dag.py for tasks to queue
[2026-06-08T16:18:31.093+0000] {logging_mixin.py:188} INFO - [2026-06-08T16:18:31.093+0000] {dagbag.py:545} INFO - Filling up the DagBag from /opt/airflow/dags/ecommerce_etl_dag.py
[2026-06-08T16:18:31.108+0000] {processor.py:840} INFO - DAG(s) 'ecommerce_distributed_dw_etl' retrieved from /opt/airflow/dags/ecommerce_etl_dag.py
[2026-06-08T16:18:31.138+0000] {logging_mixin.py:188} INFO - [2026-06-08T16:18:31.138+0000] {dag.py:3089} INFO - Sync 1 DAGs
[2026-06-08T16:18:31.146+0000] {logging_mixin.py:188} INFO - [2026-06-08T16:18:31.146+0000] {dag.py:3947} INFO - Setting next_dagrun for ecommerce_distributed_dw_etl to None, run_after=None
[2026-06-08T16:18:31.157+0000] {processor.py:183} INFO - Processing /opt/airflow/dags/ecommerce_etl_dag.py took 0.078 seconds
[2026-06-08T16:19:01.426+0000] {processor.py:161} INFO - Started process (PID=1906) to work on /opt/airflow/dags/ecommerce_etl_dag.py
[2026-06-08T16:19:01.428+0000] {processor.py:830} INFO - Processing file /opt/airflow/dags/ecommerce_etl_dag.py for tasks to queue
[2026-06-08T16:19:01.430+0000] {logging_mixin.py:188} INFO - [2026-06-08T16:19:01.429+0000] {dagbag.py:545} INFO - Filling up the DagBag from /opt/airflow/dags/ecommerce_etl_dag.py
[2026-06-08T16:19:01.438+0000] {processor.py:840} INFO - DAG(s) 'ecommerce_distributed_dw_etl' retrieved from /opt/airflow/dags/ecommerce_etl_dag.py
[2026-06-08T16:19:01.469+0000] {logging_mixin.py:188} INFO - [2026-06-08T16:19:01.468+0000] {dag.py:3089} INFO - Sync 1 DAGs
[2026-06-08T16:19:01.482+0000] {logging_mixin.py:188} INFO - [2026-06-08T16:19:01.482+0000] {dag.py:3947} INFO - Setting next_dagrun for ecommerce_distributed_dw_etl to None, run_after=None
[2026-06-08T16:19:01.507+0000] {processor.py:183} INFO - Processing /opt/airflow/dags/ecommerce_etl_dag.py took 0.087 seconds
[2026-06-08T16:19:31.827+0000] {processor.py:161} INFO - Started process (PID=1911) to work on /opt/airflow/dags/ecommerce_etl_dag.py
[2026-06-08T16:19:31.829+0000] {processor.py:830} INFO - Processing file /opt/airflow/dags/ecommerce_etl_dag.py for tasks to queue
[2026-06-08T16:19:31.832+0000] {logging_mixin.py:188} INFO - [2026-06-08T16:19:31.831+0000] {dagbag.py:545} INFO - Filling up the DagBag from /opt/airflow/dags/ecommerce_etl_dag.py
[2026-06-08T16:19:31.846+0000] {processor.py:840} INFO - DAG(s) 'ecommerce_distributed_dw_etl' retrieved from /opt/airflow/dags/ecommerce_etl_dag.py
[2026-06-08T16:19:31.872+0000] {logging_mixin.py:188} INFO - [2026-06-08T16:19:31.872+0000] {dag.py:3089} INFO - Sync 1 DAGs
[2026-06-08T16:19:31.880+0000] {logging_mixin.py:188} INFO - [2026-06-08T16:19:31.880+0000] {dag.py:3947} INFO - Setting next_dagrun for ecommerce_distributed_dw_etl to None, run_after=None
[2026-06-08T16:19:31.890+0000] {processor.py:183} INFO - Processing /opt/airflow/dags/ecommerce_etl_dag.py took 0.073 seconds
[2026-06-08T16:20:02.252+0000] {processor.py:161} INFO - Started process (PID=1916) to work on /opt/airflow/dags/ecommerce_etl_dag.py
[2026-06-08T16:20:02.253+0000] {processor.py:830} INFO - Processing file /opt/airflow/dags/ecommerce_etl_dag.py for tasks to queue
[2026-06-08T16:20:02.255+0000] {logging_mixin.py:188} INFO - [2026-06-08T16:20:02.254+0000] {dagbag.py:545} INFO - Filling up the DagBag from /opt/airflow/dags/ecommerce_etl_dag.py
[2026-06-08T16:20:02.265+0000] {processor.py:840} INFO - DAG(s) 'ecommerce_distributed_dw_etl' retrieved from /opt/airflow/dags/ecommerce_etl_dag.py
[2026-06-08T16:20:02.290+0000] {logging_mixin.py:188} INFO - [2026-06-08T16:20:02.290+0000] {dag.py:3089} INFO - Sync 1 DAGs
[2026-06-08T16:20:02.302+0000] {logging_mixin.py:188} INFO - [2026-06-08T16:20:02.302+0000] {dag.py:3947} INFO - Setting next_dagrun for ecommerce_distributed_dw_etl to None, run_after=None
[2026-06-08T16:20:02.313+0000] {processor.py:183} INFO - Processing /opt/airflow/dags/ecommerce_etl_dag.py took 0.068 seconds
[2026-06-08T16:20:32.650+0000] {processor.py:161} INFO - Started process (PID=1921) to work on /opt/airflow/dags/ecommerce_etl_dag.py
[2026-06-08T16:20:32.651+0000] {processor.py:830} INFO - Processing file /opt/airflow/dags/ecommerce_etl_dag.py for tasks to queue
[2026-06-08T16:20:32.652+0000] {logging_mixin.py:188} INFO - [2026-06-08T16:20:32.652+0000] {dagbag.py:545} INFO - Filling up the DagBag from /opt/airflow/dags/ecommerce_etl_dag.py
[2026-06-08T16:20:32.658+0000] {processor.py:840} INFO - DAG(s) 'ecommerce_distributed_dw_etl' retrieved from /opt/airflow/dags/ecommerce_etl_dag.py
[2026-06-08T16:20:32.676+0000] {logging_mixin.py:188} INFO - [2026-06-08T16:20:32.676+0000] {dag.py:3089} INFO - Sync 1 DAGs
[2026-06-08T16:20:32.683+0000] {logging_mixin.py:188} INFO - [2026-06-08T16:20:32.682+0000] {dag.py:3947} INFO - Setting next_dagrun for ecommerce_distributed_dw_etl to None, run_after=None
[2026-06-08T16:20:32.690+0000] {processor.py:183} INFO - Processing /opt/airflow/dags/ecommerce_etl_dag.py took 0.044 seconds
[2026-06-08T16:21:03.056+0000] {processor.py:161} INFO - Started process (PID=1926) to work on /opt/airflow/dags/ecommerce_etl_dag.py
[2026-06-08T16:21:03.057+0000] {processor.py:830} INFO - Processing file /opt/airflow/dags/ecommerce_etl_dag.py for tasks to queue
[2026-06-08T16:21:03.061+0000] {logging_mixin.py:188} INFO - [2026-06-08T16:21:03.061+0000] {dagbag.py:545} INFO - Filling up the DagBag from /opt/airflow/dags/ecommerce_etl_dag.py
[2026-06-08T16:21:03.076+0000] {processor.py:840} INFO - DAG(s) 'ecommerce_distributed_dw_etl' retrieved from /opt/airflow/dags/ecommerce_etl_dag.py
[2026-06-08T16:21:03.104+0000] {logging_mixin.py:188} INFO - [2026-06-08T16:21:03.104+0000] {dag.py:3089} INFO - Sync 1 DAGs
[2026-06-08T16:21:03.112+0000] {logging_mixin.py:188} INFO - [2026-06-08T16:21:03.112+0000] {dag.py:3947} INFO - Setting next_dagrun for ecommerce_distributed_dw_etl to None, run_after=None
[2026-06-08T16:21:03.122+0000] {processor.py:183} INFO - Processing /opt/airflow/dags/ecommerce_etl_dag.py took 0.077 seconds
[2026-06-08T16:21:33.447+0000] {processor.py:161} INFO - Started process (PID=1931) to work on /opt/airflow/dags/ecommerce_etl_dag.py
[2026-06-08T16:21:33.448+0000] {processor.py:830} INFO - Processing file /opt/airflow/dags/ecommerce_etl_dag.py for tasks to queue
[2026-06-08T16:21:33.450+0000] {logging_mixin.py:188} INFO - [2026-06-08T16:21:33.450+0000] {dagbag.py:545} INFO - Filling up the DagBag from /opt/airflow/dags/ecommerce_etl_dag.py
[2026-06-08T16:21:33.460+0000] {processor.py:840} INFO - DAG(s) 'ecommerce_distributed_dw_etl' retrieved from /opt/airflow/dags/ecommerce_etl_dag.py
[2026-06-08T16:21:33.486+0000] {logging_mixin.py:188} INFO - [2026-06-08T16:21:33.486+0000] {dag.py:3089} INFO - Sync 1 DAGs
[2026-06-08T16:21:33.493+0000] {logging_mixin.py:188} INFO - [2026-06-08T16:21:33.493+0000] {dag.py:3947} INFO - Setting next_dagrun for ecommerce_distributed_dw_etl to None, run_after=None
[2026-06-08T16:21:33.503+0000] {processor.py:183} INFO - Processing /opt/airflow/dags/ecommerce_etl_dag.py took 0.064 seconds
[2026-06-08T16:22:03.881+0000] {processor.py:161} INFO - Started process (PID=1936) to work on /opt/airflow/dags/ecommerce_etl_dag.py
[2026-06-08T16:22:03.882+0000] {processor.py:830} INFO - Processing file /opt/airflow/dags/ecommerce_etl_dag.py for tasks to queue
[2026-06-08T16:22:03.886+0000] {logging_mixin.py:188} INFO - [2026-06-08T16:22:03.885+0000] {dagbag.py:545} INFO - Filling up the DagBag from /opt/airflow/dags/ecommerce_etl_dag.py
[2026-06-08T16:22:03.901+0000] {processor.py:840} INFO - DAG(s) 'ecommerce_distributed_dw_etl' retrieved from /opt/airflow/dags/ecommerce_etl_dag.py
[2026-06-08T16:22:03.931+0000] {logging_mixin.py:188} INFO - [2026-06-08T16:22:03.931+0000] {dag.py:3089} INFO - Sync 1 DAGs
[2026-06-08T16:22:03.940+0000] {logging_mixin.py:188} INFO - [2026-06-08T16:22:03.940+0000] {dag.py:3947} INFO - Setting next_dagrun for ecommerce_distributed_dw_etl to None, run_after=None
[2026-06-08T16:22:03.949+0000] {processor.py:183} INFO - Processing /opt/airflow/dags/ecommerce_etl_dag.py took 0.079 seconds
[2026-06-08T16:22:34.309+0000] {processor.py:161} INFO - Started process (PID=1941) to work on /opt/airflow/dags/ecommerce_etl_dag.py
[2026-06-08T16:22:34.310+0000] {processor.py:830} INFO - Processing file /opt/airflow/dags/ecommerce_etl_dag.py for tasks to queue
[2026-06-08T16:22:34.313+0000] {logging_mixin.py:188} INFO - [2026-06-08T16:22:34.312+0000] {dagbag.py:545} INFO - Filling up the DagBag from /opt/airflow/dags/ecommerce_etl_dag.py
[2026-06-08T16:22:34.324+0000] {processor.py:840} INFO - DAG(s) 'ecommerce_distributed_dw_etl' retrieved from /opt/airflow/dags/ecommerce_etl_dag.py
[2026-06-08T16:22:34.351+0000] {logging_mixin.py:188} INFO - [2026-06-08T16:22:34.351+0000] {dag.py:3089} INFO - Sync 1 DAGs
[2026-06-08T16:22:34.358+0000] {logging_mixin.py:188} INFO - [2026-06-08T16:22:34.357+0000] {dag.py:3947} INFO - Setting next_dagrun for ecommerce_distributed_dw_etl to None, run_after=None
[2026-06-08T16:22:34.367+0000] {processor.py:183} INFO - Processing /opt/airflow/dags/ecommerce_etl_dag.py took 0.071 seconds
[2026-06-08T16:23:04.790+0000] {processor.py:161} INFO - Started process (PID=1946) to work on /opt/airflow/dags/ecommerce_etl_dag.py
[2026-06-08T16:23:04.792+0000] {processor.py:830} INFO - Processing file /opt/airflow/dags/ecommerce_etl_dag.py for tasks to queue
[2026-06-08T16:23:04.794+0000] {logging_mixin.py:188} INFO - [2026-06-08T16:23:04.794+0000] {dagbag.py:545} INFO - Filling up the DagBag from /opt/airflow/dags/ecommerce_etl_dag.py
[2026-06-08T16:23:04.809+0000] {processor.py:840} INFO - DAG(s) 'ecommerce_distributed_dw_etl' retrieved from /opt/airflow/dags/ecommerce_etl_dag.py
[2026-06-08T16:23:04.857+0000] {logging_mixin.py:188} INFO - [2026-06-08T16:23:04.857+0000] {dag.py:3089} INFO - Sync 1 DAGs
[2026-06-08T16:23:04.867+0000] {logging_mixin.py:188} INFO - [2026-06-08T16:23:04.867+0000] {dag.py:3947} INFO - Setting next_dagrun for ecommerce_distributed_dw_etl to None, run_after=None
[2026-06-08T16:23:04.885+0000] {processor.py:183} INFO - Processing /opt/airflow/dags/ecommerce_etl_dag.py took 0.113 seconds
[2026-06-08T16:24:08.211+0000] {processor.py:161} INFO - Started process (PID=1951) to work on /opt/airflow/dags/ecommerce_etl_dag.py
[2026-06-08T16:24:08.212+0000] {processor.py:830} INFO - Processing file /opt/airflow/dags/ecommerce_etl_dag.py for tasks to queue
[2026-06-08T16:24:08.214+0000] {logging_mixin.py:188} INFO - [2026-06-08T16:24:08.214+0000] {dagbag.py:545} INFO - Filling up the DagBag from /opt/airflow/dags/ecommerce_etl_dag.py
[2026-06-08T16:24:08.224+0000] {processor.py:840} INFO - DAG(s) 'ecommerce_distributed_dw_etl' retrieved from /opt/airflow/dags/ecommerce_etl_dag.py
[2026-06-08T16:24:08.250+0000] {logging_mixin.py:188} INFO - [2026-06-08T16:24:08.250+0000] {dag.py:3089} INFO - Sync 1 DAGs
[2026-06-08T16:24:08.257+0000] {logging_mixin.py:188} INFO - [2026-06-08T16:24:08.257+0000] {dag.py:3947} INFO - Setting next_dagrun for ecommerce_distributed_dw_etl to None, run_after=None
[2026-06-08T16:24:08.266+0000] {processor.py:183} INFO - Processing /opt/airflow/dags/ecommerce_etl_dag.py took 0.063 seconds
[2026-06-08T16:24:38.508+0000] {processor.py:161} INFO - Started process (PID=1956) to work on /opt/airflow/dags/ecommerce_etl_dag.py
[2026-06-08T16:24:38.509+0000] {processor.py:830} INFO - Processing file /opt/airflow/dags/ecommerce_etl_dag.py for tasks to queue
[2026-06-08T16:24:38.513+0000] {logging_mixin.py:188} INFO - [2026-06-08T16:24:38.512+0000] {dagbag.py:545} INFO - Filling up the DagBag from /opt/airflow/dags/ecommerce_etl_dag.py
[2026-06-08T16:24:38.527+0000] {processor.py:840} INFO - DAG(s) 'ecommerce_distributed_dw_etl' retrieved from /opt/airflow/dags/ecommerce_etl_dag.py
[2026-06-08T16:24:38.558+0000] {logging_mixin.py:188} INFO - [2026-06-08T16:24:38.558+0000] {dag.py:3089} INFO - Sync 1 DAGs
[2026-06-08T16:24:38.567+0000] {logging_mixin.py:188} INFO - [2026-06-08T16:24:38.566+0000] {dag.py:3947} INFO - Setting next_dagrun for ecommerce_distributed_dw_etl to None, run_after=None
[2026-06-08T16:24:38.576+0000] {processor.py:183} INFO - Processing /opt/airflow/dags/ecommerce_etl_dag.py took 0.079 seconds
[2026-06-08T16:25:08.860+0000] {processor.py:161} INFO - Started process (PID=1961) to work on /opt/airflow/dags/ecommerce_etl_dag.py
[2026-06-08T16:25:08.861+0000] {processor.py:830} INFO - Processing file /opt/airflow/dags/ecommerce_etl_dag.py for tasks to queue
[2026-06-08T16:25:08.863+0000] {logging_mixin.py:188} INFO - [2026-06-08T16:25:08.862+0000] {dagbag.py:545} INFO - Filling up the DagBag from /opt/airflow/dags/ecommerce_etl_dag.py
[2026-06-08T16:25:08.875+0000] {processor.py:840} INFO - DAG(s) 'ecommerce_distributed_dw_etl' retrieved from /opt/airflow/dags/ecommerce_etl_dag.py
[2026-06-08T16:25:08.907+0000] {logging_mixin.py:188} INFO - [2026-06-08T16:25:08.907+0000] {dag.py:3089} INFO - Sync 1 DAGs
[2026-06-08T16:25:08.919+0000] {logging_mixin.py:188} INFO - [2026-06-08T16:25:08.919+0000] {dag.py:3947} INFO - Setting next_dagrun for ecommerce_distributed_dw_etl to None, run_after=None
[2026-06-08T16:25:08.942+0000] {processor.py:183} INFO - Processing /opt/airflow/dags/ecommerce_etl_dag.py took 0.089 seconds
[2026-06-08T16:25:39.182+0000] {processor.py:161} INFO - Started process (PID=1966) to work on /opt/airflow/dags/ecommerce_etl_dag.py
[2026-06-08T16:25:39.183+0000] {processor.py:830} INFO - Processing file /opt/airflow/dags/ecommerce_etl_dag.py for tasks to queue
[2026-06-08T16:25:39.185+0000] {logging_mixin.py:188} INFO - [2026-06-08T16:25:39.185+0000] {dagbag.py:545} INFO - Filling up the DagBag from /opt/airflow/dags/ecommerce_etl_dag.py
[2026-06-08T16:25:39.197+0000] {processor.py:840} INFO - DAG(s) 'ecommerce_distributed_dw_etl' retrieved from /opt/airflow/dags/ecommerce_etl_dag.py
[2026-06-08T16:25:39.231+0000] {logging_mixin.py:188} INFO - [2026-06-08T16:25:39.231+0000] {dag.py:3089} INFO - Sync 1 DAGs
[2026-06-08T16:25:39.245+0000] {logging_mixin.py:188} INFO - [2026-06-08T16:25:39.244+0000] {dag.py:3947} INFO - Setting next_dagrun for ecommerce_distributed_dw_etl to None, run_after=None
[2026-06-08T16:25:39.268+0000] {processor.py:183} INFO - Processing /opt/airflow/dags/ecommerce_etl_dag.py took 0.093 seconds
[2026-06-08T16:26:09.569+0000] {processor.py:161} INFO - Started process (PID=1971) to work on /opt/airflow/dags/ecommerce_etl_dag.py
[2026-06-08T16:26:09.570+0000] {processor.py:830} INFO - Processing file /opt/airflow/dags/ecommerce_etl_dag.py for tasks to queue
[2026-06-08T16:26:09.573+0000] {logging_mixin.py:188} INFO - [2026-06-08T16:26:09.573+0000] {dagbag.py:545} INFO - Filling up the DagBag from /opt/airflow/dags/ecommerce_etl_dag.py
[2026-06-08T16:26:09.587+0000] {processor.py:840} INFO - DAG(s) 'ecommerce_distributed_dw_etl' retrieved from /opt/airflow/dags/ecommerce_etl_dag.py
[2026-06-08T16:26:09.618+0000] {logging_mixin.py:188} INFO - [2026-06-08T16:26:09.618+0000] {dag.py:3089} INFO - Sync 1 DAGs
[2026-06-08T16:26:09.626+0000] {logging_mixin.py:188} INFO - [2026-06-08T16:26:09.626+0000] {dag.py:3947} INFO - Setting next_dagrun for ecommerce_distributed_dw_etl to None, run_after=None
[2026-06-08T16:26:09.636+0000] {processor.py:183} INFO - Processing /opt/airflow/dags/ecommerce_etl_dag.py took 0.078 seconds
[2026-06-08T16:26:39.917+0000] {processor.py:161} INFO - Started process (PID=1976) to work on /opt/airflow/dags/ecommerce_etl_dag.py
[2026-06-08T16:26:39.918+0000] {processor.py:830} INFO - Processing file /opt/airflow/dags/ecommerce_etl_dag.py for tasks to queue
[2026-06-08T16:26:39.920+0000] {logging_mixin.py:188} INFO - [2026-06-08T16:26:39.919+0000] {dagbag.py:545} INFO - Filling up the DagBag from /opt/airflow/dags/ecommerce_etl_dag.py
[2026-06-08T16:26:39.931+0000] {processor.py:840} INFO - DAG(s) 'ecommerce_distributed_dw_etl' retrieved from /opt/airflow/dags/ecommerce_etl_dag.py
[2026-06-08T16:26:39.957+0000] {logging_mixin.py:188} INFO - [2026-06-08T16:26:39.957+0000] {dag.py:3089} INFO - Sync 1 DAGs
[2026-06-08T16:26:39.965+0000] {logging_mixin.py:188} INFO - [2026-06-08T16:26:39.964+0000] {dag.py:3947} INFO - Setting next_dagrun for ecommerce_distributed_dw_etl to None, run_after=None
[2026-06-08T16:26:39.974+0000] {processor.py:183} INFO - Processing /opt/airflow/dags/ecommerce_etl_dag.py took 0.064 seconds
[2026-06-08T16:27:10.355+0000] {processor.py:161} INFO - Started process (PID=1981) to work on /opt/airflow/dags/ecommerce_etl_dag.py
[2026-06-08T16:27:10.356+0000] {processor.py:830} INFO - Processing file /opt/airflow/dags/ecommerce_etl_dag.py for tasks to queue
[2026-06-08T16:27:10.359+0000] {logging_mixin.py:188} INFO - [2026-06-08T16:27:10.358+0000] {dagbag.py:545} INFO - Filling up the DagBag from /opt/airflow/dags/ecommerce_etl_dag.py
[2026-06-08T16:27:10.373+0000] {processor.py:840} INFO - DAG(s) 'ecommerce_distributed_dw_etl' retrieved from /opt/airflow/dags/ecommerce_etl_dag.py
[2026-06-08T16:27:10.398+0000] {logging_mixin.py:188} INFO - [2026-06-08T16:27:10.398+0000] {dag.py:3089} INFO - Sync 1 DAGs
[2026-06-08T16:27:10.406+0000] {logging_mixin.py:188} INFO - [2026-06-08T16:27:10.406+0000] {dag.py:3947} INFO - Setting next_dagrun for ecommerce_distributed_dw_etl to None, run_after=None
[2026-06-08T16:27:10.416+0000] {processor.py:183} INFO - Processing /opt/airflow/dags/ecommerce_etl_dag.py took 0.069 seconds
