[2026-05-23T09:07:54.116+0000] {manager.py:470} INFO - Processing files using up to 2 processes at a time 
[2026-05-23T09:07:54.117+0000] {manager.py:471} INFO - Process each file at most once every 30 seconds
[2026-05-23T09:07:54.119+0000] {manager.py:472} INFO - Checking for new files in /opt/airflow/dags every 300 seconds
[2026-05-23T09:07:54.120+0000] {manager.py:737} INFO - Searching for files in /opt/airflow/dags
[2026-05-23T09:07:54.165+0000] {manager.py:740} INFO - There are 1 files in /opt/airflow/dags
[2026-05-23T09:07:54.324+0000] {manager.py:878} INFO - 
================================================================================
DAG File Processing Stats

File Path                                 PID  Runtime      # DAGs    # Errors  Last Runtime    Last Run
--------------------------------------  -----  ---------  --------  ----------  --------------  ----------
/opt/airflow/dags/ecommerce_etl_dag.py    185  0.07s             0           0
================================================================================
[2026-05-23T09:08:24.540+0000] {manager.py:878} INFO - 
================================================================================
DAG File Processing Stats

File Path                               PID    Runtime      # DAGs    # Errors  Last Runtime    Last Run
--------------------------------------  -----  ---------  --------  ----------  --------------  -------------------
/opt/airflow/dags/ecommerce_etl_dag.py                           1           0  0.60s           2026-05-23T09:07:54
================================================================================
[2026-05-23T09:08:55.371+0000] {manager.py:878} INFO - 
================================================================================
DAG File Processing Stats

File Path                                 PID  Runtime      # DAGs    # Errors  Last Runtime    Last Run
--------------------------------------  -----  ---------  --------  ----------  --------------  -------------------
/opt/airflow/dags/ecommerce_etl_dag.py    201  0.02s             1           0  0.21s           2026-05-23T09:08:25
================================================================================
[2026-05-23T09:09:25.817+0000] {manager.py:878} INFO - 
================================================================================
DAG File Processing Stats

File Path                                 PID  Runtime      # DAGs    # Errors  Last Runtime    Last Run
--------------------------------------  -----  ---------  --------  ----------  --------------  -------------------
/opt/airflow/dags/ecommerce_etl_dag.py    247  0.01s             1           0  0.24s           2026-05-23T09:08:55
================================================================================
[2026-05-23T09:09:56.045+0000] {manager.py:878} INFO - 
================================================================================
DAG File Processing Stats

File Path                               PID    Runtime      # DAGs    # Errors  Last Runtime    Last Run
--------------------------------------  -----  ---------  --------  ----------  --------------  -------------------
/opt/airflow/dags/ecommerce_etl_dag.py                           1           0  1.34s           2026-05-23T09:09:27
================================================================================
[2026-05-23T09:10:26.343+0000] {manager.py:878} INFO - 
================================================================================
DAG File Processing Stats

File Path                               PID    Runtime      # DAGs    # Errors  Last Runtime    Last Run
--------------------------------------  -----  ---------  --------  ----------  --------------  -------------------
/opt/airflow/dags/ecommerce_etl_dag.py                           1           0  0.30s           2026-05-23T09:09:57
================================================================================
[2026-05-23T09:10:56.590+0000] {manager.py:878} INFO - 
================================================================================
DAG File Processing Stats

File Path                               PID    Runtime      # DAGs    # Errors  Last Runtime    Last Run
--------------------------------------  -----  ---------  --------  ----------  --------------  -------------------
/opt/airflow/dags/ecommerce_etl_dag.py                           1           0  0.29s           2026-05-23T09:10:28
================================================================================
[2026-05-23T09:11:29.128+0000] {manager.py:878} INFO - 
================================================================================
DAG File Processing Stats

File Path                                 PID  Runtime      # DAGs    # Errors  Last Runtime    Last Run
--------------------------------------  -----  ---------  --------  ----------  --------------  -------------------
/opt/airflow/dags/ecommerce_etl_dag.py    277  22.76s            1           0  0.29s           2026-05-23T09:10:28
================================================================================
[2026-05-23T09:12:00.200+0000] {manager.py:878} INFO - 
================================================================================
DAG File Processing Stats

File Path                               PID    Runtime      # DAGs    # Errors  Last Runtime    Last Run
--------------------------------------  -----  ---------  --------  ----------  --------------  -------------------
/opt/airflow/dags/ecommerce_etl_dag.py                           1           0  46.71s          2026-05-23T09:11:51
================================================================================
[2026-05-23T09:12:30.455+0000] {manager.py:878} INFO - 
================================================================================
DAG File Processing Stats

File Path                               PID    Runtime      # DAGs    # Errors  Last Runtime    Last Run
--------------------------------------  -----  ---------  --------  ----------  --------------  -------------------
/opt/airflow/dags/ecommerce_etl_dag.py                           1           0  0.45s           2026-05-23T09:12:22
================================================================================
[2026-05-23T09:12:54.470+0000] {manager.py:737} INFO - Searching for files in /opt/airflow/dags
[2026-05-23T09:12:54.522+0000] {manager.py:740} INFO - There are 1 files in /opt/airflow/dags
[2026-05-23T09:13:00.588+0000] {manager.py:878} INFO - 
================================================================================
DAG File Processing Stats

File Path                               PID    Runtime      # DAGs    # Errors  Last Runtime    Last Run
--------------------------------------  -----  ---------  --------  ----------  --------------  -------------------
/opt/airflow/dags/ecommerce_etl_dag.py                           1           0  1.25s           2026-05-23T09:12:53
================================================================================
[2026-05-23T09:13:30.813+0000] {manager.py:878} INFO - 
================================================================================
DAG File Processing Stats

File Path                               PID    Runtime      # DAGs    # Errors  Last Runtime    Last Run
--------------------------------------  -----  ---------  --------  ----------  --------------  -------------------
/opt/airflow/dags/ecommerce_etl_dag.py                           1           0  1.05s           2026-05-23T09:13:24
================================================================================
[2026-05-23T09:14:01.329+0000] {manager.py:878} INFO - 
================================================================================
DAG File Processing Stats

File Path                               PID    Runtime      # DAGs    # Errors  Last Runtime    Last Run
--------------------------------------  -----  ---------  --------  ----------  --------------  -------------------
/opt/airflow/dags/ecommerce_etl_dag.py                           1           0  0.31s           2026-05-23T09:13:55
================================================================================
[2026-05-23T09:14:31.507+0000] {manager.py:878} INFO - 
================================================================================
DAG File Processing Stats

File Path                               PID    Runtime      # DAGs    # Errors  Last Runtime    Last Run
--------------------------------------  -----  ---------  --------  ----------  --------------  -------------------
/opt/airflow/dags/ecommerce_etl_dag.py                           1           0  0.53s           2026-05-23T09:14:26
================================================================================
[2026-05-23T09:15:01.846+0000] {manager.py:878} INFO - 
================================================================================
DAG File Processing Stats

File Path                               PID    Runtime      # DAGs    # Errors  Last Runtime    Last Run
--------------------------------------  -----  ---------  --------  ----------  --------------  -------------------
/opt/airflow/dags/ecommerce_etl_dag.py                           1           0  0.36s           2026-05-23T09:14:57
================================================================================
[2026-05-23T09:15:31.866+0000] {manager.py:878} INFO - 
================================================================================
DAG File Processing Stats

File Path                               PID    Runtime      # DAGs    # Errors  Last Runtime    Last Run
--------------------------------------  -----  ---------  --------  ----------  --------------  -------------------
/opt/airflow/dags/ecommerce_etl_dag.py                           1           0  0.32s           2026-05-23T09:15:27
================================================================================
[2026-05-23T09:16:02.104+0000] {manager.py:878} INFO - 
================================================================================
DAG File Processing Stats

File Path                               PID    Runtime      # DAGs    # Errors  Last Runtime    Last Run
--------------------------------------  -----  ---------  --------  ----------  --------------  -------------------
/opt/airflow/dags/ecommerce_etl_dag.py                           1           0  0.23s           2026-05-23T09:15:58
================================================================================
[2026-05-23T09:16:32.537+0000] {manager.py:878} INFO - 
================================================================================
DAG File Processing Stats

File Path                               PID    Runtime      # DAGs    # Errors  Last Runtime    Last Run
--------------------------------------  -----  ---------  --------  ----------  --------------  -------------------
/opt/airflow/dags/ecommerce_etl_dag.py                           1           0  0.26s           2026-05-23T09:16:28
================================================================================
[2026-05-23T09:17:03.004+0000] {manager.py:878} INFO - 
================================================================================
DAG File Processing Stats

File Path                               PID    Runtime      # DAGs    # Errors  Last Runtime    Last Run
--------------------------------------  -----  ---------  --------  ----------  --------------  -------------------
/opt/airflow/dags/ecommerce_etl_dag.py                           1           0  0.18s           2026-05-23T09:16:59
================================================================================
[2026-05-23T09:17:33.391+0000] {manager.py:878} INFO - 
================================================================================
DAG File Processing Stats

File Path                               PID    Runtime      # DAGs    # Errors  Last Runtime    Last Run
--------------------------------------  -----  ---------  --------  ----------  --------------  -------------------
/opt/airflow/dags/ecommerce_etl_dag.py                           1           0  0.72s           2026-05-23T09:17:29
================================================================================
[2026-05-23T09:17:54.505+0000] {manager.py:737} INFO - Searching for files in /opt/airflow/dags
[2026-05-23T09:17:54.537+0000] {manager.py:740} INFO - There are 1 files in /opt/airflow/dags
[2026-05-23T09:18:04.167+0000] {manager.py:878} INFO - 
================================================================================
DAG File Processing Stats

File Path                               PID    Runtime      # DAGs    # Errors  Last Runtime    Last Run
--------------------------------------  -----  ---------  --------  ----------  --------------  -------------------
/opt/airflow/dags/ecommerce_etl_dag.py                           1           0  0.20s           2026-05-23T09:18:00
================================================================================
[2026-05-23T09:18:34.532+0000] {manager.py:878} INFO - 
================================================================================
DAG File Processing Stats

File Path                               PID    Runtime      # DAGs    # Errors  Last Runtime    Last Run
--------------------------------------  -----  ---------  --------  ----------  --------------  -------------------
/opt/airflow/dags/ecommerce_etl_dag.py                           1           0  0.17s           2026-05-23T09:18:30
================================================================================
[2026-05-23T09:19:04.851+0000] {manager.py:878} INFO - 
================================================================================
DAG File Processing Stats

File Path                               PID    Runtime      # DAGs    # Errors  Last Runtime    Last Run
--------------------------------------  -----  ---------  --------  ----------  --------------  -------------------
/opt/airflow/dags/ecommerce_etl_dag.py                           1           0  0.17s           2026-05-23T09:19:00
================================================================================
[2026-05-23T09:19:35.031+0000] {manager.py:878} INFO - 
================================================================================
DAG File Processing Stats

File Path                               PID    Runtime      # DAGs    # Errors  Last Runtime    Last Run
--------------------------------------  -----  ---------  --------  ----------  --------------  -------------------
/opt/airflow/dags/ecommerce_etl_dag.py                           1           0  0.17s           2026-05-23T09:19:31
================================================================================
[2026-05-23T09:20:05.334+0000] {manager.py:878} INFO - 
================================================================================
DAG File Processing Stats

File Path                               PID    Runtime      # DAGs    # Errors  Last Runtime    Last Run
--------------------------------------  -----  ---------  --------  ----------  --------------  -------------------
/opt/airflow/dags/ecommerce_etl_dag.py                           1           0  0.16s           2026-05-23T09:20:01
================================================================================
[2026-05-23T09:20:35.615+0000] {manager.py:878} INFO - 
================================================================================
DAG File Processing Stats

File Path                               PID    Runtime      # DAGs    # Errors  Last Runtime    Last Run
--------------------------------------  -----  ---------  --------  ----------  --------------  -------------------
/opt/airflow/dags/ecommerce_etl_dag.py                           1           0  0.16s           2026-05-23T09:20:31
================================================================================
[2026-05-23T09:21:06.012+0000] {manager.py:878} INFO - 
================================================================================
DAG File Processing Stats

File Path                               PID    Runtime      # DAGs    # Errors  Last Runtime    Last Run
--------------------------------------  -----  ---------  --------  ----------  --------------  -------------------
/opt/airflow/dags/ecommerce_etl_dag.py                           1           0  0.28s           2026-05-23T09:21:02
================================================================================
[2026-05-23T09:21:36.074+0000] {manager.py:878} INFO - 
================================================================================
DAG File Processing Stats

File Path                               PID    Runtime      # DAGs    # Errors  Last Runtime    Last Run
--------------------------------------  -----  ---------  --------  ----------  --------------  -------------------
/opt/airflow/dags/ecommerce_etl_dag.py                           1           0  0.89s           2026-05-23T09:21:33
================================================================================
[2026-05-23T09:22:06.461+0000] {manager.py:878} INFO - 
================================================================================
DAG File Processing Stats

File Path                               PID    Runtime      # DAGs    # Errors  Last Runtime    Last Run
--------------------------------------  -----  ---------  --------  ----------  --------------  -------------------
/opt/airflow/dags/ecommerce_etl_dag.py                           1           0  0.27s           2026-05-23T09:22:03
================================================================================
[2026-05-23T09:22:36.673+0000] {manager.py:878} INFO - 
================================================================================
DAG File Processing Stats

File Path                               PID    Runtime      # DAGs    # Errors  Last Runtime    Last Run
--------------------------------------  -----  ---------  --------  ----------  --------------  -------------------
/opt/airflow/dags/ecommerce_etl_dag.py                           1           0  0.21s           2026-05-23T09:22:33
================================================================================
[2026-05-23T09:22:54.770+0000] {manager.py:737} INFO - Searching for files in /opt/airflow/dags
[2026-05-23T09:22:54.808+0000] {manager.py:740} INFO - There are 1 files in /opt/airflow/dags
[2026-05-23T09:23:07.027+0000] {manager.py:878} INFO - 
================================================================================
DAG File Processing Stats

File Path                               PID    Runtime      # DAGs    # Errors  Last Runtime    Last Run
--------------------------------------  -----  ---------  --------  ----------  --------------  -------------------
/opt/airflow/dags/ecommerce_etl_dag.py                           1           0  0.16s           2026-05-23T09:23:04
================================================================================
[2026-05-23T09:23:37.228+0000] {manager.py:878} INFO - 
================================================================================
DAG File Processing Stats

File Path                               PID    Runtime      # DAGs    # Errors  Last Runtime    Last Run
--------------------------------------  -----  ---------  --------  ----------  --------------  -------------------
/opt/airflow/dags/ecommerce_etl_dag.py                           1           0  1.13s           2026-05-23T09:23:35
================================================================================
[2026-05-23T09:24:07.602+0000] {manager.py:878} INFO - 
================================================================================
DAG File Processing Stats

File Path                               PID    Runtime      # DAGs    # Errors  Last Runtime    Last Run
--------------------------------------  -----  ---------  --------  ----------  --------------  -------------------
/opt/airflow/dags/ecommerce_etl_dag.py                           1           0  0.22s           2026-05-23T09:24:05
================================================================================
[2026-05-23T09:24:37.878+0000] {manager.py:878} INFO - 
================================================================================
DAG File Processing Stats

File Path                               PID    Runtime      # DAGs    # Errors  Last Runtime    Last Run
--------------------------------------  -----  ---------  --------  ----------  --------------  -------------------
/opt/airflow/dags/ecommerce_etl_dag.py                           1           0  0.23s           2026-05-23T09:24:36
================================================================================
[2026-05-23T09:25:08.243+0000] {manager.py:878} INFO - 
================================================================================
DAG File Processing Stats

File Path                               PID    Runtime      # DAGs    # Errors  Last Runtime    Last Run
--------------------------------------  -----  ---------  --------  ----------  --------------  -------------------
/opt/airflow/dags/ecommerce_etl_dag.py                           1           0  0.21s           2026-05-23T09:25:06
================================================================================
[2026-05-23T09:25:38.691+0000] {manager.py:878} INFO - 
================================================================================
DAG File Processing Stats

File Path                               PID    Runtime      # DAGs    # Errors  Last Runtime    Last Run
--------------------------------------  -----  ---------  --------  ----------  --------------  -------------------
/opt/airflow/dags/ecommerce_etl_dag.py                           1           0  0.17s           2026-05-23T09:25:36
================================================================================
[2026-05-23T09:26:09.007+0000] {manager.py:878} INFO - 
================================================================================
DAG File Processing Stats

File Path                               PID    Runtime      # DAGs    # Errors  Last Runtime    Last Run
--------------------------------------  -----  ---------  --------  ----------  --------------  -------------------
/opt/airflow/dags/ecommerce_etl_dag.py                           1           0  0.16s           2026-05-23T09:26:07
================================================================================
[2026-05-23T09:26:39.204+0000] {manager.py:878} INFO - 
================================================================================
DAG File Processing Stats

File Path                               PID    Runtime      # DAGs    # Errors  Last Runtime    Last Run
--------------------------------------  -----  ---------  --------  ----------  --------------  -------------------
/opt/airflow/dags/ecommerce_etl_dag.py                           1           0  0.19s           2026-05-23T09:26:37
================================================================================
[2026-05-23T09:27:09.575+0000] {manager.py:878} INFO - 
================================================================================
DAG File Processing Stats

File Path                               PID    Runtime      # DAGs    # Errors  Last Runtime    Last Run
--------------------------------------  -----  ---------  --------  ----------  --------------  -------------------
/opt/airflow/dags/ecommerce_etl_dag.py                           1           0  0.21s           2026-05-23T09:27:07
================================================================================
[2026-05-23T09:27:39.879+0000] {manager.py:878} INFO - 
================================================================================
DAG File Processing Stats

File Path                               PID    Runtime      # DAGs    # Errors  Last Runtime    Last Run
--------------------------------------  -----  ---------  --------  ----------  --------------  -------------------
/opt/airflow/dags/ecommerce_etl_dag.py                           1           0  0.20s           2026-05-23T09:27:38
================================================================================
[2026-05-23T09:27:55.307+0000] {manager.py:737} INFO - Searching for files in /opt/airflow/dags
[2026-05-23T09:27:55.362+0000] {manager.py:740} INFO - There are 1 files in /opt/airflow/dags
[2026-05-23T09:28:10.154+0000] {manager.py:878} INFO - 
================================================================================
DAG File Processing Stats

File Path                               PID    Runtime      # DAGs    # Errors  Last Runtime    Last Run
--------------------------------------  -----  ---------  --------  ----------  --------------  -------------------
/opt/airflow/dags/ecommerce_etl_dag.py                           1           0  0.66s           2026-05-23T09:28:09
================================================================================
[2026-05-23T09:28:40.356+0000] {manager.py:878} INFO - 
================================================================================
DAG File Processing Stats

File Path                               PID    Runtime      # DAGs    # Errors  Last Runtime    Last Run
--------------------------------------  -----  ---------  --------  ----------  --------------  -------------------
/opt/airflow/dags/ecommerce_etl_dag.py                           1           0  0.16s           2026-05-23T09:28:39
================================================================================
[2026-05-23T09:29:10.655+0000] {manager.py:878} INFO - 
================================================================================
DAG File Processing Stats

File Path                               PID    Runtime      # DAGs    # Errors  Last Runtime    Last Run
--------------------------------------  -----  ---------  --------  ----------  --------------  -------------------
/opt/airflow/dags/ecommerce_etl_dag.py                           1           0  0.16s           2026-05-23T09:29:09
================================================================================
[2026-05-23T09:29:40.933+0000] {manager.py:878} INFO - 
================================================================================
DAG File Processing Stats

File Path                               PID    Runtime      # DAGs    # Errors  Last Runtime    Last Run
--------------------------------------  -----  ---------  --------  ----------  --------------  -------------------
/opt/airflow/dags/ecommerce_etl_dag.py                           1           0  0.54s           2026-05-23T09:29:40
================================================================================
[2026-05-23T09:30:11.688+0000] {manager.py:878} INFO - 
================================================================================
DAG File Processing Stats

File Path                               PID    Runtime      # DAGs    # Errors  Last Runtime    Last Run
--------------------------------------  -----  ---------  --------  ----------  --------------  -------------------
/opt/airflow/dags/ecommerce_etl_dag.py                           1           0  0.24s           2026-05-23T09:30:10
================================================================================
[2026-05-23T09:30:42.088+0000] {manager.py:878} INFO - 
================================================================================
DAG File Processing Stats

File Path                               PID    Runtime      # DAGs    # Errors  Last Runtime    Last Run
--------------------------------------  -----  ---------  --------  ----------  --------------  -------------------
/opt/airflow/dags/ecommerce_etl_dag.py                           1           0  0.16s           2026-05-23T09:30:41
================================================================================
[2026-05-23T09:31:12.465+0000] {manager.py:878} INFO - 
================================================================================
DAG File Processing Stats

File Path                               PID    Runtime      # DAGs    # Errors  Last Runtime    Last Run
--------------------------------------  -----  ---------  --------  ----------  --------------  -------------------
/opt/airflow/dags/ecommerce_etl_dag.py                           1           0  0.19s           2026-05-23T09:31:11
================================================================================
[2026-05-23T09:31:42.663+0000] {manager.py:878} INFO - 
================================================================================
DAG File Processing Stats

File Path                               PID    Runtime      # DAGs    # Errors  Last Runtime    Last Run
--------------------------------------  -----  ---------  --------  ----------  --------------  -------------------
/opt/airflow/dags/ecommerce_etl_dag.py                           1           0  0.15s           2026-05-23T09:31:41
================================================================================
[2026-05-23T09:32:12.950+0000] {manager.py:878} INFO - 
================================================================================
DAG File Processing Stats

File Path                               PID    Runtime      # DAGs    # Errors  Last Runtime    Last Run
--------------------------------------  -----  ---------  --------  ----------  --------------  -------------------
/opt/airflow/dags/ecommerce_etl_dag.py                           1           0  0.17s           2026-05-23T09:32:12
================================================================================
[2026-05-23T09:32:43.179+0000] {manager.py:878} INFO - 
================================================================================
DAG File Processing Stats

File Path                               PID    Runtime      # DAGs    # Errors  Last Runtime    Last Run
--------------------------------------  -----  ---------  --------  ----------  --------------  -------------------
/opt/airflow/dags/ecommerce_etl_dag.py                           1           0  0.23s           2026-05-23T09:32:42
================================================================================
[2026-05-23T09:32:55.423+0000] {manager.py:737} INFO - Searching for files in /opt/airflow/dags
[2026-05-23T09:32:55.454+0000] {manager.py:740} INFO - There are 1 files in /opt/airflow/dags
[2026-05-23T09:33:13.570+0000] {manager.py:878} INFO - 
================================================================================
DAG File Processing Stats

File Path                               PID    Runtime      # DAGs    # Errors  Last Runtime    Last Run
--------------------------------------  -----  ---------  --------  ----------  --------------  -------------------
/opt/airflow/dags/ecommerce_etl_dag.py                           1           0  0.21s           2026-05-23T09:33:12
================================================================================
[2026-05-23T09:33:43.990+0000] {manager.py:878} INFO - 
================================================================================
DAG File Processing Stats

File Path                               PID    Runtime      # DAGs    # Errors  Last Runtime    Last Run
--------------------------------------  -----  ---------  --------  ----------  --------------  -------------------
/opt/airflow/dags/ecommerce_etl_dag.py                           1           0  0.22s           2026-05-23T09:33:43
================================================================================
[2026-05-23T09:34:14.364+0000] {manager.py:878} INFO - 
================================================================================
DAG File Processing Stats

File Path                               PID    Runtime      # DAGs    # Errors  Last Runtime    Last Run
--------------------------------------  -----  ---------  --------  ----------  --------------  -------------------
/opt/airflow/dags/ecommerce_etl_dag.py                           1           0  0.15s           2026-05-23T09:34:13
================================================================================
[2026-05-23T09:34:44.852+0000] {manager.py:878} INFO - 
================================================================================
DAG File Processing Stats

File Path                                 PID  Runtime      # DAGs    # Errors  Last Runtime    Last Run
--------------------------------------  -----  ---------  --------  ----------  --------------  -------------------
/opt/airflow/dags/ecommerce_etl_dag.py    569  1.07s             1           0  0.15s           2026-05-23T09:34:13
================================================================================
[2026-05-23T09:35:15.052+0000] {manager.py:878} INFO - 
================================================================================
DAG File Processing Stats

File Path                               PID    Runtime      # DAGs    # Errors  Last Runtime    Last Run
--------------------------------------  -----  ---------  --------  ----------  --------------  -------------------
/opt/airflow/dags/ecommerce_etl_dag.py                           1           0  2.28s           2026-05-23T09:34:45
================================================================================
[2026-05-23T09:35:45.359+0000] {manager.py:878} INFO - 
================================================================================
DAG File Processing Stats

File Path                               PID    Runtime      # DAGs    # Errors  Last Runtime    Last Run
--------------------------------------  -----  ---------  --------  ----------  --------------  -------------------
/opt/airflow/dags/ecommerce_etl_dag.py                           1           0  0.18s           2026-05-23T09:35:16
================================================================================
[2026-05-23T09:36:15.564+0000] {manager.py:878} INFO - 
================================================================================
DAG File Processing Stats

File Path                               PID    Runtime      # DAGs    # Errors  Last Runtime    Last Run
--------------------------------------  -----  ---------  --------  ----------  --------------  -------------------
/opt/airflow/dags/ecommerce_etl_dag.py                           1           0  0.22s           2026-05-23T09:35:46
================================================================================
[2026-05-23T09:36:45.933+0000] {manager.py:878} INFO - 
================================================================================
DAG File Processing Stats

File Path                               PID    Runtime      # DAGs    # Errors  Last Runtime    Last Run
--------------------------------------  -----  ---------  --------  ----------  --------------  -------------------
/opt/airflow/dags/ecommerce_etl_dag.py                           1           0  0.17s           2026-05-23T09:36:16
================================================================================
[2026-05-23T09:37:16.275+0000] {manager.py:878} INFO - 
================================================================================
DAG File Processing Stats

File Path                               PID    Runtime      # DAGs    # Errors  Last Runtime    Last Run
--------------------------------------  -----  ---------  --------  ----------  --------------  -------------------
/opt/airflow/dags/ecommerce_etl_dag.py                           1           0  0.19s           2026-05-23T09:36:47
================================================================================
[2026-05-23T09:37:25.996+0000] {manager.py:452} INFO - Exiting gracefully upon receiving signal 15
[2026-05-25T13:15:02.113+0000] {manager.py:470} INFO - Processing files using up to 2 processes at a time 
[2026-05-25T13:15:02.115+0000] {manager.py:471} INFO - Process each file at most once every 30 seconds
[2026-05-25T13:15:02.117+0000] {manager.py:472} INFO - Checking for new files in /opt/airflow/dags every 300 seconds
[2026-05-25T13:15:02.119+0000] {manager.py:737} INFO - Searching for files in /opt/airflow/dags
[2026-05-25T13:15:02.419+0000] {manager.py:740} INFO - There are 1 files in /opt/airflow/dags
[2026-05-25T13:15:02.632+0000] {manager.py:878} INFO - 
================================================================================
DAG File Processing Stats

File Path                                 PID  Runtime      # DAGs    # Errors  Last Runtime    Last Run
--------------------------------------  -----  ---------  --------  ----------  --------------  ----------
/opt/airflow/dags/ecommerce_etl_dag.py    185  0.14s             0           0
================================================================================
[2026-05-25T13:15:32.872+0000] {manager.py:878} INFO - 
================================================================================
DAG File Processing Stats

File Path                               PID    Runtime      # DAGs    # Errors  Last Runtime    Last Run
--------------------------------------  -----  ---------  --------  ----------  --------------  -------------------
/opt/airflow/dags/ecommerce_etl_dag.py                           1           0  0.83s           2026-05-25T13:15:03
================================================================================
[2026-05-25T13:16:03.057+0000] {manager.py:878} INFO - 
================================================================================
DAG File Processing Stats

File Path                               PID    Runtime      # DAGs    # Errors  Last Runtime    Last Run
--------------------------------------  -----  ---------  --------  ----------  --------------  -------------------
/opt/airflow/dags/ecommerce_etl_dag.py                           1           0  0.59s           2026-05-25T13:15:34
================================================================================
[2026-05-25T13:16:33.604+0000] {manager.py:878} INFO - 
================================================================================
DAG File Processing Stats

File Path                               PID    Runtime      # DAGs    # Errors  Last Runtime    Last Run
--------------------------------------  -----  ---------  --------  ----------  --------------  -------------------
/opt/airflow/dags/ecommerce_etl_dag.py                           1           0  0.24s           2026-05-25T13:16:04
================================================================================
[2026-05-25T13:17:04.127+0000] {manager.py:878} INFO - 
================================================================================
DAG File Processing Stats

File Path                               PID    Runtime      # DAGs    # Errors  Last Runtime    Last Run
--------------------------------------  -----  ---------  --------  ----------  --------------  -------------------
/opt/airflow/dags/ecommerce_etl_dag.py                           1           0  0.17s           2026-05-25T13:16:34
================================================================================
[2026-05-25T13:17:34.508+0000] {manager.py:878} INFO - 
================================================================================
DAG File Processing Stats

File Path                               PID    Runtime      # DAGs    # Errors  Last Runtime    Last Run
--------------------------------------  -----  ---------  --------  ----------  --------------  -------------------
/opt/airflow/dags/ecommerce_etl_dag.py                           1           0  0.40s           2026-05-25T13:17:05
================================================================================
[2026-05-25T13:18:05.134+0000] {manager.py:878} INFO - 
================================================================================
DAG File Processing Stats

File Path                               PID    Runtime      # DAGs    # Errors  Last Runtime    Last Run
--------------------------------------  -----  ---------  --------  ----------  --------------  -------------------
/opt/airflow/dags/ecommerce_etl_dag.py                           1           0  0.23s           2026-05-25T13:17:36
================================================================================
[2026-05-25T13:18:35.531+0000] {manager.py:878} INFO - 
================================================================================
DAG File Processing Stats

File Path                               PID    Runtime      # DAGs    # Errors  Last Runtime    Last Run
--------------------------------------  -----  ---------  --------  ----------  --------------  -------------------
/opt/airflow/dags/ecommerce_etl_dag.py                           1           0  0.21s           2026-05-25T13:18:06
================================================================================
[2026-05-25T13:19:05.898+0000] {manager.py:878} INFO - 
================================================================================
DAG File Processing Stats

File Path                               PID    Runtime      # DAGs    # Errors  Last Runtime    Last Run
--------------------------------------  -----  ---------  --------  ----------  --------------  -------------------
/opt/airflow/dags/ecommerce_etl_dag.py                           1           0  0.22s           2026-05-25T13:18:36
================================================================================
[2026-05-25T13:19:36.308+0000] {manager.py:878} INFO - 
================================================================================
DAG File Processing Stats

File Path                               PID    Runtime      # DAGs    # Errors  Last Runtime    Last Run
--------------------------------------  -----  ---------  --------  ----------  --------------  -------------------
/opt/airflow/dags/ecommerce_etl_dag.py                           1           0  0.19s           2026-05-25T13:19:07
================================================================================
[2026-05-25T13:20:02.587+0000] {manager.py:737} INFO - Searching for files in /opt/airflow/dags
[2026-05-25T13:20:02.614+0000] {manager.py:740} INFO - There are 1 files in /opt/airflow/dags
[2026-05-25T13:20:06.650+0000] {manager.py:878} INFO - 
================================================================================
DAG File Processing Stats

File Path                               PID    Runtime      # DAGs    # Errors  Last Runtime    Last Run
--------------------------------------  -----  ---------  --------  ----------  --------------  -------------------
/opt/airflow/dags/ecommerce_etl_dag.py                           1           0  0.15s           2026-05-25T13:19:37
================================================================================
[2026-05-25T13:20:36.828+0000] {manager.py:878} INFO - 
================================================================================
DAG File Processing Stats

File Path                               PID    Runtime      # DAGs    # Errors  Last Runtime    Last Run
--------------------------------------  -----  ---------  --------  ----------  --------------  -------------------
/opt/airflow/dags/ecommerce_etl_dag.py                           1           0  0.17s           2026-05-25T13:20:07
================================================================================
[2026-05-25T13:21:07.185+0000] {manager.py:878} INFO - 
================================================================================
DAG File Processing Stats

File Path                               PID    Runtime      # DAGs    # Errors  Last Runtime    Last Run
--------------------------------------  -----  ---------  --------  ----------  --------------  -------------------
/opt/airflow/dags/ecommerce_etl_dag.py                           1           0  0.16s           2026-05-25T13:20:38
================================================================================
[2026-05-25T13:21:37.413+0000] {manager.py:878} INFO - 
================================================================================
DAG File Processing Stats

File Path                               PID    Runtime      # DAGs    # Errors  Last Runtime    Last Run
--------------------------------------  -----  ---------  --------  ----------  --------------  -------------------
/opt/airflow/dags/ecommerce_etl_dag.py                           1           0  0.19s           2026-05-25T13:21:08
================================================================================
[2026-05-25T13:22:07.744+0000] {manager.py:878} INFO - 
================================================================================
DAG File Processing Stats

File Path                               PID    Runtime      # DAGs    # Errors  Last Runtime    Last Run
--------------------------------------  -----  ---------  --------  ----------  --------------  -------------------
/opt/airflow/dags/ecommerce_etl_dag.py                           1           0  0.17s           2026-05-25T13:21:38
================================================================================
[2026-05-25T13:22:37.934+0000] {manager.py:878} INFO - 
================================================================================
DAG File Processing Stats

File Path                               PID    Runtime      # DAGs    # Errors  Last Runtime    Last Run
--------------------------------------  -----  ---------  --------  ----------  --------------  -------------------
/opt/airflow/dags/ecommerce_etl_dag.py                           1           0  0.20s           2026-05-25T13:22:08
================================================================================
[2026-05-25T13:23:08.378+0000] {manager.py:878} INFO - 
================================================================================
DAG File Processing Stats

File Path                               PID    Runtime      # DAGs    # Errors  Last Runtime    Last Run
--------------------------------------  -----  ---------  --------  ----------  --------------  -------------------
/opt/airflow/dags/ecommerce_etl_dag.py                           1           0  0.18s           2026-05-25T13:22:39
================================================================================
[2026-05-25T13:23:38.672+0000] {manager.py:878} INFO - 
================================================================================
DAG File Processing Stats

File Path                               PID    Runtime      # DAGs    # Errors  Last Runtime    Last Run
--------------------------------------  -----  ---------  --------  ----------  --------------  -------------------
/opt/airflow/dags/ecommerce_etl_dag.py                           1           0  0.39s           2026-05-25T13:23:09
================================================================================
[2026-05-25T13:24:09.106+0000] {manager.py:878} INFO - 
================================================================================
DAG File Processing Stats

File Path                               PID    Runtime      # DAGs    # Errors  Last Runtime    Last Run
--------------------------------------  -----  ---------  --------  ----------  --------------  -------------------
/opt/airflow/dags/ecommerce_etl_dag.py                           1           0  0.17s           2026-05-25T13:23:40
================================================================================
[2026-05-25T13:24:39.477+0000] {manager.py:878} INFO - 
================================================================================
DAG File Processing Stats

File Path                               PID    Runtime      # DAGs    # Errors  Last Runtime    Last Run
--------------------------------------  -----  ---------  --------  ----------  --------------  -------------------
/opt/airflow/dags/ecommerce_etl_dag.py                           1           0  0.16s           2026-05-25T13:24:10
================================================================================
[2026-05-25T13:25:02.763+0000] {manager.py:737} INFO - Searching for files in /opt/airflow/dags
[2026-05-25T13:25:02.795+0000] {manager.py:740} INFO - There are 1 files in /opt/airflow/dags
[2026-05-25T13:25:09.858+0000] {manager.py:878} INFO - 
================================================================================
DAG File Processing Stats

File Path                               PID    Runtime      # DAGs    # Errors  Last Runtime    Last Run
--------------------------------------  -----  ---------  --------  ----------  --------------  -------------------
/opt/airflow/dags/ecommerce_etl_dag.py                           1           0  0.16s           2026-05-25T13:24:40
================================================================================
[2026-05-25T13:25:40.050+0000] {manager.py:878} INFO - 
================================================================================
DAG File Processing Stats

File Path                               PID    Runtime      # DAGs    # Errors  Last Runtime    Last Run
--------------------------------------  -----  ---------  --------  ----------  --------------  -------------------
/opt/airflow/dags/ecommerce_etl_dag.py                           1           0  0.16s           2026-05-25T13:25:11
================================================================================
[2026-05-25T13:26:10.384+0000] {manager.py:878} INFO - 
================================================================================
DAG File Processing Stats

File Path                               PID    Runtime      # DAGs    # Errors  Last Runtime    Last Run
--------------------------------------  -----  ---------  --------  ----------  --------------  -------------------
/opt/airflow/dags/ecommerce_etl_dag.py                           1           0  0.22s           2026-05-25T13:25:41
================================================================================
[2026-05-25T13:26:40.687+0000] {manager.py:878} INFO - 
================================================================================
DAG File Processing Stats

File Path                               PID    Runtime      # DAGs    # Errors  Last Runtime    Last Run
--------------------------------------  -----  ---------  --------  ----------  --------------  -------------------
/opt/airflow/dags/ecommerce_etl_dag.py                           1           0  0.17s           2026-05-25T13:26:11
================================================================================
[2026-05-25T13:27:10.886+0000] {manager.py:878} INFO - 
================================================================================
DAG File Processing Stats

File Path                               PID    Runtime      # DAGs    # Errors  Last Runtime    Last Run
--------------------------------------  -----  ---------  --------  ----------  --------------  -------------------
/opt/airflow/dags/ecommerce_etl_dag.py                           1           0  0.17s           2026-05-25T13:26:41
================================================================================
[2026-05-25T13:27:41.171+0000] {manager.py:878} INFO - 
================================================================================
DAG File Processing Stats

File Path                               PID    Runtime      # DAGs    # Errors  Last Runtime    Last Run
--------------------------------------  -----  ---------  --------  ----------  --------------  -------------------
/opt/airflow/dags/ecommerce_etl_dag.py                           1           0  0.23s           2026-05-25T13:27:12
================================================================================
[2026-05-25T13:28:11.492+0000] {manager.py:878} INFO - 
================================================================================
DAG File Processing Stats

File Path                               PID    Runtime      # DAGs    # Errors  Last Runtime    Last Run
--------------------------------------  -----  ---------  --------  ----------  --------------  -------------------
/opt/airflow/dags/ecommerce_etl_dag.py                           1           0  0.24s           2026-05-25T13:27:42
================================================================================
[2026-05-25T13:28:41.765+0000] {manager.py:878} INFO - 
================================================================================
DAG File Processing Stats

File Path                               PID    Runtime      # DAGs    # Errors  Last Runtime    Last Run
--------------------------------------  -----  ---------  --------  ----------  --------------  -------------------
/opt/airflow/dags/ecommerce_etl_dag.py                           1           0  0.23s           2026-05-25T13:28:12
================================================================================
[2026-05-25T13:29:12.048+0000] {manager.py:878} INFO - 
================================================================================
DAG File Processing Stats

File Path                               PID    Runtime      # DAGs    # Errors  Last Runtime    Last Run
--------------------------------------  -----  ---------  --------  ----------  --------------  -------------------
/opt/airflow/dags/ecommerce_etl_dag.py                           1           0  0.17s           2026-05-25T13:28:42
================================================================================
[2026-05-25T13:29:42.241+0000] {manager.py:878} INFO - 
================================================================================
DAG File Processing Stats

File Path                               PID    Runtime      # DAGs    # Errors  Last Runtime    Last Run
--------------------------------------  -----  ---------  --------  ----------  --------------  -------------------
/opt/airflow/dags/ecommerce_etl_dag.py                           1           0  0.16s           2026-05-25T13:29:13
================================================================================
[2026-05-25T13:30:03.543+0000] {manager.py:737} INFO - Searching for files in /opt/airflow/dags
[2026-05-25T13:30:03.571+0000] {manager.py:740} INFO - There are 1 files in /opt/airflow/dags
[2026-05-25T13:30:12.648+0000] {manager.py:878} INFO - 
================================================================================
DAG File Processing Stats

File Path                               PID    Runtime      # DAGs    # Errors  Last Runtime    Last Run
--------------------------------------  -----  ---------  --------  ----------  --------------  -------------------
/opt/airflow/dags/ecommerce_etl_dag.py                           1           0  0.30s           2026-05-25T13:29:43
================================================================================
[2026-05-25T13:30:42.917+0000] {manager.py:878} INFO - 
================================================================================
DAG File Processing Stats

File Path                               PID    Runtime      # DAGs    # Errors  Last Runtime    Last Run
--------------------------------------  -----  ---------  --------  ----------  --------------  -------------------
/opt/airflow/dags/ecommerce_etl_dag.py                           1           0  0.17s           2026-05-25T13:30:13
================================================================================
[2026-05-25T13:31:13.125+0000] {manager.py:878} INFO - 
================================================================================
DAG File Processing Stats

File Path                               PID    Runtime      # DAGs    # Errors  Last Runtime    Last Run
--------------------------------------  -----  ---------  --------  ----------  --------------  -------------------
/opt/airflow/dags/ecommerce_etl_dag.py                           1           0  0.16s           2026-05-25T13:30:44
================================================================================
[2026-05-25T13:31:43.370+0000] {manager.py:878} INFO - 
================================================================================
DAG File Processing Stats

File Path                               PID    Runtime      # DAGs    # Errors  Last Runtime    Last Run
--------------------------------------  -----  ---------  --------  ----------  --------------  -------------------
/opt/airflow/dags/ecommerce_etl_dag.py                           1           0  0.16s           2026-05-25T13:31:14
================================================================================
[2026-05-25T13:32:13.608+0000] {manager.py:878} INFO - 
================================================================================
DAG File Processing Stats

File Path                               PID    Runtime      # DAGs    # Errors  Last Runtime    Last Run
--------------------------------------  -----  ---------  --------  ----------  --------------  -------------------
/opt/airflow/dags/ecommerce_etl_dag.py                           1           0  0.21s           2026-05-25T13:31:44
================================================================================
[2026-05-25T13:32:43.977+0000] {manager.py:878} INFO - 
================================================================================
DAG File Processing Stats

File Path                               PID    Runtime      # DAGs    # Errors  Last Runtime    Last Run
--------------------------------------  -----  ---------  --------  ----------  --------------  -------------------
/opt/airflow/dags/ecommerce_etl_dag.py                           1           0  0.34s           2026-05-25T13:32:15
================================================================================
[2026-05-25T13:33:14.328+0000] {manager.py:878} INFO - 
================================================================================
DAG File Processing Stats

File Path                               PID    Runtime      # DAGs    # Errors  Last Runtime    Last Run
--------------------------------------  -----  ---------  --------  ----------  --------------  -------------------
/opt/airflow/dags/ecommerce_etl_dag.py                           1           0  0.18s           2026-05-25T13:32:45
================================================================================
[2026-05-25T13:33:44.691+0000] {manager.py:878} INFO - 
================================================================================
DAG File Processing Stats

File Path                               PID    Runtime      # DAGs    # Errors  Last Runtime    Last Run
--------------------------------------  -----  ---------  --------  ----------  --------------  -------------------
/opt/airflow/dags/ecommerce_etl_dag.py                           1           0  0.15s           2026-05-25T13:33:15
================================================================================
[2026-05-25T13:34:15.002+0000] {manager.py:878} INFO - 
================================================================================
DAG File Processing Stats

File Path                               PID    Runtime      # DAGs    # Errors  Last Runtime    Last Run
--------------------------------------  -----  ---------  --------  ----------  --------------  -------------------
/opt/airflow/dags/ecommerce_etl_dag.py                           1           0  0.16s           2026-05-25T13:33:45
================================================================================
[2026-05-25T13:34:45.202+0000] {manager.py:878} INFO - 
================================================================================
DAG File Processing Stats

File Path                               PID    Runtime      # DAGs    # Errors  Last Runtime    Last Run
--------------------------------------  -----  ---------  --------  ----------  --------------  -------------------
/opt/airflow/dags/ecommerce_etl_dag.py                           1           0  0.17s           2026-05-25T13:34:16
================================================================================
[2026-05-25T13:35:04.409+0000] {manager.py:737} INFO - Searching for files in /opt/airflow/dags
[2026-05-25T13:35:04.436+0000] {manager.py:740} INFO - There are 1 files in /opt/airflow/dags
[2026-05-25T13:35:15.520+0000] {manager.py:878} INFO - 
================================================================================
DAG File Processing Stats

File Path                               PID    Runtime      # DAGs    # Errors  Last Runtime    Last Run
--------------------------------------  -----  ---------  --------  ----------  --------------  -------------------
/opt/airflow/dags/ecommerce_etl_dag.py                           1           0  0.15s           2026-05-25T13:34:46
================================================================================
[2026-05-25T13:35:45.698+0000] {manager.py:878} INFO - 
================================================================================
DAG File Processing Stats

File Path                               PID    Runtime      # DAGs    # Errors  Last Runtime    Last Run
--------------------------------------  -----  ---------  --------  ----------  --------------  -------------------
/opt/airflow/dags/ecommerce_etl_dag.py                           1           0  0.15s           2026-05-25T13:35:16
================================================================================
[2026-05-25T13:36:16.040+0000] {manager.py:878} INFO - 
================================================================================
DAG File Processing Stats

File Path                               PID    Runtime      # DAGs    # Errors  Last Runtime    Last Run
--------------------------------------  -----  ---------  --------  ----------  --------------  -------------------
/opt/airflow/dags/ecommerce_etl_dag.py                           1           0  0.16s           2026-05-25T13:35:46
================================================================================
[2026-05-25T13:36:46.231+0000] {manager.py:878} INFO - 
================================================================================
DAG File Processing Stats

File Path                               PID    Runtime      # DAGs    # Errors  Last Runtime    Last Run
--------------------------------------  -----  ---------  --------  ----------  --------------  -------------------
/opt/airflow/dags/ecommerce_etl_dag.py                           1           0  0.22s           2026-05-25T13:36:17
================================================================================
[2026-05-25T13:37:16.596+0000] {manager.py:878} INFO - 
================================================================================
DAG File Processing Stats

File Path                               PID    Runtime      # DAGs    # Errors  Last Runtime    Last Run
--------------------------------------  -----  ---------  --------  ----------  --------------  -------------------
/opt/airflow/dags/ecommerce_etl_dag.py                           1           0  0.16s           2026-05-25T13:36:47
================================================================================
[2026-05-25T13:37:46.923+0000] {manager.py:878} INFO - 
================================================================================
DAG File Processing Stats

File Path                               PID    Runtime      # DAGs    # Errors  Last Runtime    Last Run
--------------------------------------  -----  ---------  --------  ----------  --------------  -------------------
/opt/airflow/dags/ecommerce_etl_dag.py                           1           0  0.16s           2026-05-25T13:37:17
================================================================================
[2026-05-25T13:38:17.131+0000] {manager.py:878} INFO - 
================================================================================
DAG File Processing Stats

File Path                               PID    Runtime      # DAGs    # Errors  Last Runtime    Last Run
--------------------------------------  -----  ---------  --------  ----------  --------------  -------------------
/opt/airflow/dags/ecommerce_etl_dag.py                           1           0  0.17s           2026-05-25T13:37:48
================================================================================
[2026-05-25T13:38:47.396+0000] {manager.py:878} INFO - 
================================================================================
DAG File Processing Stats

File Path                               PID    Runtime      # DAGs    # Errors  Last Runtime    Last Run
--------------------------------------  -----  ---------  --------  ----------  --------------  -------------------
/opt/airflow/dags/ecommerce_etl_dag.py                           1           0  0.14s           2026-05-25T13:38:18
================================================================================
[2026-05-25T13:39:17.587+0000] {manager.py:878} INFO - 
================================================================================
DAG File Processing Stats

File Path                               PID    Runtime      # DAGs    # Errors  Last Runtime    Last Run
--------------------------------------  -----  ---------  --------  ----------  --------------  -------------------
/opt/airflow/dags/ecommerce_etl_dag.py                           1           0  0.21s           2026-05-25T13:38:48
================================================================================
[2026-05-25T13:39:47.951+0000] {manager.py:878} INFO - 
================================================================================
DAG File Processing Stats

File Path                               PID    Runtime      # DAGs    # Errors  Last Runtime    Last Run
--------------------------------------  -----  ---------  --------  ----------  --------------  -------------------
/opt/airflow/dags/ecommerce_etl_dag.py                           1           0  0.15s           2026-05-25T13:39:18
================================================================================
[2026-05-25T13:40:05.195+0000] {manager.py:737} INFO - Searching for files in /opt/airflow/dags
[2026-05-25T13:40:05.248+0000] {manager.py:740} INFO - There are 1 files in /opt/airflow/dags
[2026-05-25T13:40:18.337+0000] {manager.py:878} INFO - 
================================================================================
DAG File Processing Stats

File Path                               PID    Runtime      # DAGs    # Errors  Last Runtime    Last Run
--------------------------------------  -----  ---------  --------  ----------  --------------  -------------------
/opt/airflow/dags/ecommerce_etl_dag.py                           1           0  0.16s           2026-05-25T13:39:49
================================================================================
[2026-05-25T13:40:48.515+0000] {manager.py:878} INFO - 
================================================================================
DAG File Processing Stats

File Path                               PID    Runtime      # DAGs    # Errors  Last Runtime    Last Run
--------------------------------------  -----  ---------  --------  ----------  --------------  -------------------
/opt/airflow/dags/ecommerce_etl_dag.py                           1           0  0.16s           2026-05-25T13:40:19
================================================================================
[2026-05-25T13:41:18.800+0000] {manager.py:878} INFO - 
================================================================================
DAG File Processing Stats

File Path                               PID    Runtime      # DAGs    # Errors  Last Runtime    Last Run
--------------------------------------  -----  ---------  --------  ----------  --------------  -------------------
/opt/airflow/dags/ecommerce_etl_dag.py                           1           0  0.14s           2026-05-25T13:40:49
================================================================================
[2026-05-25T13:41:48.987+0000] {manager.py:878} INFO - 
================================================================================
DAG File Processing Stats

File Path                               PID    Runtime      # DAGs    # Errors  Last Runtime    Last Run
--------------------------------------  -----  ---------  --------  ----------  --------------  -------------------
/opt/airflow/dags/ecommerce_etl_dag.py                           1           0  0.15s           2026-05-25T13:41:19
================================================================================
[2026-05-25T13:42:19.361+0000] {manager.py:878} INFO - 
================================================================================
DAG File Processing Stats

File Path                               PID    Runtime      # DAGs    # Errors  Last Runtime    Last Run
--------------------------------------  -----  ---------  --------  ----------  --------------  -------------------
/opt/airflow/dags/ecommerce_etl_dag.py                           1           0  0.17s           2026-05-25T13:41:50
================================================================================
[2026-05-25T13:42:49.543+0000] {manager.py:878} INFO - 
================================================================================
DAG File Processing Stats

File Path                               PID    Runtime      # DAGs    # Errors  Last Runtime    Last Run
--------------------------------------  -----  ---------  --------  ----------  --------------  -------------------
/opt/airflow/dags/ecommerce_etl_dag.py                           1           0  0.14s           2026-05-25T13:42:20
================================================================================
[2026-05-25T13:43:19.807+0000] {manager.py:878} INFO - 
================================================================================
DAG File Processing Stats

File Path                               PID    Runtime      # DAGs    # Errors  Last Runtime    Last Run
--------------------------------------  -----  ---------  --------  ----------  --------------  -------------------
/opt/airflow/dags/ecommerce_etl_dag.py                           1           0  0.15s           2026-05-25T13:42:50
================================================================================
[2026-05-25T13:43:49.990+0000] {manager.py:878} INFO - 
================================================================================
DAG File Processing Stats

File Path                               PID    Runtime      # DAGs    # Errors  Last Runtime    Last Run
--------------------------------------  -----  ---------  --------  ----------  --------------  -------------------
/opt/airflow/dags/ecommerce_etl_dag.py                           1           0  0.18s           2026-05-25T13:43:21
================================================================================
[2026-05-25T13:44:20.374+0000] {manager.py:878} INFO - 
================================================================================
DAG File Processing Stats

File Path                               PID    Runtime      # DAGs    # Errors  Last Runtime    Last Run
--------------------------------------  -----  ---------  --------  ----------  --------------  -------------------
/opt/airflow/dags/ecommerce_etl_dag.py                           1           0  0.17s           2026-05-25T13:43:51
================================================================================
[2026-05-25T13:44:50.656+0000] {manager.py:878} INFO - 
================================================================================
DAG File Processing Stats

File Path                               PID    Runtime      # DAGs    # Errors  Last Runtime    Last Run
--------------------------------------  -----  ---------  --------  ----------  --------------  -------------------
/opt/airflow/dags/ecommerce_etl_dag.py                           1           0  0.19s           2026-05-25T13:44:21
================================================================================
[2026-05-25T13:45:05.802+0000] {manager.py:737} INFO - Searching for files in /opt/airflow/dags
[2026-05-25T13:45:05.828+0000] {manager.py:740} INFO - There are 1 files in /opt/airflow/dags
[2026-05-25T13:45:20.922+0000] {manager.py:878} INFO - 
================================================================================
DAG File Processing Stats

File Path                               PID    Runtime      # DAGs    # Errors  Last Runtime    Last Run
--------------------------------------  -----  ---------  --------  ----------  --------------  -------------------
/opt/airflow/dags/ecommerce_etl_dag.py                           1           0  0.17s           2026-05-25T13:44:51
================================================================================
[2026-05-25T13:45:51.142+0000] {manager.py:878} INFO - 
================================================================================
DAG File Processing Stats

File Path                               PID    Runtime      # DAGs    # Errors  Last Runtime    Last Run
--------------------------------------  -----  ---------  --------  ----------  --------------  -------------------
/opt/airflow/dags/ecommerce_etl_dag.py                           1           0  0.16s           2026-05-25T13:45:22
================================================================================
[2026-05-25T13:46:21.468+0000] {manager.py:878} INFO - 
================================================================================
DAG File Processing Stats

File Path                               PID    Runtime      # DAGs    # Errors  Last Runtime    Last Run
--------------------------------------  -----  ---------  --------  ----------  --------------  -------------------
/opt/airflow/dags/ecommerce_etl_dag.py                           1           0  0.15s           2026-05-25T13:45:52
================================================================================
[2026-05-25T13:46:51.657+0000] {manager.py:878} INFO - 
================================================================================
DAG File Processing Stats

File Path                               PID    Runtime      # DAGs    # Errors  Last Runtime    Last Run
--------------------------------------  -----  ---------  --------  ----------  --------------  -------------------
/opt/airflow/dags/ecommerce_etl_dag.py                           1           0  0.15s           2026-05-25T13:46:22
================================================================================
[2026-05-25T13:47:21.942+0000] {manager.py:878} INFO - 
================================================================================
DAG File Processing Stats

File Path                               PID    Runtime      # DAGs    # Errors  Last Runtime    Last Run
--------------------------------------  -----  ---------  --------  ----------  --------------  -------------------
/opt/airflow/dags/ecommerce_etl_dag.py                           1           0  0.16s           2026-05-25T13:46:52
================================================================================
[2026-05-25T13:47:52.139+0000] {manager.py:878} INFO - 
================================================================================
DAG File Processing Stats

File Path                               PID    Runtime      # DAGs    # Errors  Last Runtime    Last Run
--------------------------------------  -----  ---------  --------  ----------  --------------  -------------------
/opt/airflow/dags/ecommerce_etl_dag.py                           1           0  0.19s           2026-05-25T13:47:23
================================================================================
[2026-05-25T13:48:22.560+0000] {manager.py:878} INFO - 
================================================================================
DAG File Processing Stats

File Path                               PID    Runtime      # DAGs    # Errors  Last Runtime    Last Run
--------------------------------------  -----  ---------  --------  ----------  --------------  -------------------
/opt/airflow/dags/ecommerce_etl_dag.py                           1           0  0.23s           2026-05-25T13:47:53
================================================================================
[2026-05-25T13:48:52.931+0000] {manager.py:878} INFO - 
================================================================================
DAG File Processing Stats

File Path                               PID    Runtime      # DAGs    # Errors  Last Runtime    Last Run
--------------------------------------  -----  ---------  --------  ----------  --------------  -------------------
/opt/airflow/dags/ecommerce_etl_dag.py                           1           0  0.18s           2026-05-25T13:48:23
================================================================================
[2026-05-25T13:49:23.305+0000] {manager.py:878} INFO - 
================================================================================
DAG File Processing Stats

File Path                               PID    Runtime      # DAGs    # Errors  Last Runtime    Last Run
--------------------------------------  -----  ---------  --------  ----------  --------------  -------------------
/opt/airflow/dags/ecommerce_etl_dag.py                           1           0  0.16s           2026-05-25T13:48:54
================================================================================
[2026-05-25T13:49:53.948+0000] {manager.py:878} INFO - 
================================================================================
DAG File Processing Stats

File Path                               PID    Runtime      # DAGs    # Errors  Last Runtime    Last Run
--------------------------------------  -----  ---------  --------  ----------  --------------  -------------------
/opt/airflow/dags/ecommerce_etl_dag.py                           1           0  0.42s           2026-05-25T13:49:24
================================================================================
[2026-05-25T13:50:06.274+0000] {manager.py:737} INFO - Searching for files in /opt/airflow/dags
[2026-05-25T13:50:06.304+0000] {manager.py:740} INFO - There are 1 files in /opt/airflow/dags
[2026-05-25T13:50:24.419+0000] {manager.py:878} INFO - 
================================================================================
DAG File Processing Stats

File Path                               PID    Runtime      # DAGs    # Errors  Last Runtime    Last Run
--------------------------------------  -----  ---------  --------  ----------  --------------  -------------------
/opt/airflow/dags/ecommerce_etl_dag.py                           1           0  0.43s           2026-05-25T13:49:55
================================================================================
[2026-05-25T13:50:54.844+0000] {manager.py:878} INFO - 
================================================================================
DAG File Processing Stats

File Path                               PID    Runtime      # DAGs    # Errors  Last Runtime    Last Run
--------------------------------------  -----  ---------  --------  ----------  --------------  -------------------
/opt/airflow/dags/ecommerce_etl_dag.py                           1           0  0.66s           2026-05-25T13:50:26
================================================================================
[2026-05-25T13:51:25.449+0000] {manager.py:878} INFO - 
================================================================================
DAG File Processing Stats

File Path                               PID    Runtime      # DAGs    # Errors  Last Runtime    Last Run
--------------------------------------  -----  ---------  --------  ----------  --------------  -------------------
/opt/airflow/dags/ecommerce_etl_dag.py                           1           0  0.22s           2026-05-25T13:50:56
================================================================================
[2026-05-25T13:51:55.890+0000] {manager.py:878} INFO - 
================================================================================
DAG File Processing Stats

File Path                               PID    Runtime      # DAGs    # Errors  Last Runtime    Last Run
--------------------------------------  -----  ---------  --------  ----------  --------------  -------------------
/opt/airflow/dags/ecommerce_etl_dag.py                           1           0  0.25s           2026-05-25T13:51:26
================================================================================
[2026-05-25T13:52:26.291+0000] {manager.py:878} INFO - 
================================================================================
DAG File Processing Stats

File Path                               PID    Runtime      # DAGs    # Errors  Last Runtime    Last Run
--------------------------------------  -----  ---------  --------  ----------  --------------  -------------------
/opt/airflow/dags/ecommerce_etl_dag.py                           1           0  0.24s           2026-05-25T13:51:57
================================================================================
[2026-05-25T13:52:56.819+0000] {manager.py:878} INFO - 
================================================================================
DAG File Processing Stats

File Path                               PID    Runtime      # DAGs    # Errors  Last Runtime    Last Run
--------------------------------------  -----  ---------  --------  ----------  --------------  -------------------
/opt/airflow/dags/ecommerce_etl_dag.py                           1           0  0.20s           2026-05-25T13:52:27
================================================================================
[2026-05-25T13:53:27.191+0000] {manager.py:878} INFO - 
================================================================================
DAG File Processing Stats

File Path                               PID    Runtime      # DAGs    # Errors  Last Runtime    Last Run
--------------------------------------  -----  ---------  --------  ----------  --------------  -------------------
/opt/airflow/dags/ecommerce_etl_dag.py                           1           0  0.28s           2026-05-25T13:52:58
================================================================================
[2026-05-25T13:53:57.622+0000] {manager.py:878} INFO - 
================================================================================
DAG File Processing Stats

File Path                               PID    Runtime      # DAGs    # Errors  Last Runtime    Last Run
--------------------------------------  -----  ---------  --------  ----------  --------------  -------------------
/opt/airflow/dags/ecommerce_etl_dag.py                           1           0  0.22s           2026-05-25T13:53:28
================================================================================
[2026-05-25T13:54:28.040+0000] {manager.py:878} INFO - 
================================================================================
DAG File Processing Stats

File Path                               PID    Runtime      # DAGs    # Errors  Last Runtime    Last Run
--------------------------------------  -----  ---------  --------  ----------  --------------  -------------------
/opt/airflow/dags/ecommerce_etl_dag.py                           1           0  0.14s           2026-05-25T13:53:59
================================================================================
[2026-05-25T13:54:58.335+0000] {manager.py:878} INFO - 
================================================================================
DAG File Processing Stats

File Path                               PID    Runtime      # DAGs    # Errors  Last Runtime    Last Run
--------------------------------------  -----  ---------  --------  ----------  --------------  -------------------
/opt/airflow/dags/ecommerce_etl_dag.py                           1           0  0.21s           2026-05-25T13:54:29
================================================================================
[2026-05-25T13:55:06.442+0000] {manager.py:737} INFO - Searching for files in /opt/airflow/dags
[2026-05-25T13:55:06.476+0000] {manager.py:740} INFO - There are 1 files in /opt/airflow/dags
[2026-05-25T13:55:28.622+0000] {manager.py:878} INFO - 
================================================================================
DAG File Processing Stats

File Path                               PID    Runtime      # DAGs    # Errors  Last Runtime    Last Run
--------------------------------------  -----  ---------  --------  ----------  --------------  -------------------
/opt/airflow/dags/ecommerce_etl_dag.py                           1           0  0.16s           2026-05-25T13:54:59
================================================================================
[2026-05-25T13:55:58.882+0000] {manager.py:878} INFO - 
================================================================================
DAG File Processing Stats

File Path                               PID    Runtime      # DAGs    # Errors  Last Runtime    Last Run
--------------------------------------  -----  ---------  --------  ----------  --------------  -------------------
/opt/airflow/dags/ecommerce_etl_dag.py                           1           0  0.18s           2026-05-25T13:55:29
================================================================================
[2026-05-25T13:56:29.173+0000] {manager.py:878} INFO - 
================================================================================
DAG File Processing Stats

File Path                               PID    Runtime      # DAGs    # Errors  Last Runtime    Last Run
--------------------------------------  -----  ---------  --------  ----------  --------------  -------------------
/opt/airflow/dags/ecommerce_etl_dag.py                           1           0  0.15s           2026-05-25T13:56:00
================================================================================
[2026-05-25T13:56:59.408+0000] {manager.py:878} INFO - 
================================================================================
DAG File Processing Stats

File Path                               PID    Runtime      # DAGs    # Errors  Last Runtime    Last Run
--------------------------------------  -----  ---------  --------  ----------  --------------  -------------------
/opt/airflow/dags/ecommerce_etl_dag.py                           1           0  0.15s           2026-05-25T13:56:30
================================================================================
[2026-05-25T13:57:29.630+0000] {manager.py:878} INFO - 
================================================================================
DAG File Processing Stats

File Path                               PID    Runtime      # DAGs    # Errors  Last Runtime    Last Run
--------------------------------------  -----  ---------  --------  ----------  --------------  -------------------
/opt/airflow/dags/ecommerce_etl_dag.py                           1           0  0.17s           2026-05-25T13:57:00
================================================================================
[2026-05-25T13:57:59.954+0000] {manager.py:878} INFO - 
================================================================================
DAG File Processing Stats

File Path                               PID    Runtime      # DAGs    # Errors  Last Runtime    Last Run
--------------------------------------  -----  ---------  --------  ----------  --------------  -------------------
/opt/airflow/dags/ecommerce_etl_dag.py                           1           0  0.16s           2026-05-25T13:57:30
================================================================================
[2026-05-25T13:58:30.143+0000] {manager.py:878} INFO - 
================================================================================
DAG File Processing Stats

File Path                               PID    Runtime      # DAGs    # Errors  Last Runtime    Last Run
--------------------------------------  -----  ---------  --------  ----------  --------------  -------------------
/opt/airflow/dags/ecommerce_etl_dag.py                           1           0  0.16s           2026-05-25T13:58:01
================================================================================
[2026-05-25T13:59:00.431+0000] {manager.py:878} INFO - 
================================================================================
DAG File Processing Stats

File Path                               PID    Runtime      # DAGs    # Errors  Last Runtime    Last Run
--------------------------------------  -----  ---------  --------  ----------  --------------  -------------------
/opt/airflow/dags/ecommerce_etl_dag.py                           1           0  0.15s           2026-05-25T13:58:31
================================================================================
[2026-05-25T13:59:30.609+0000] {manager.py:878} INFO - 
================================================================================
DAG File Processing Stats

File Path                               PID    Runtime      # DAGs    # Errors  Last Runtime    Last Run
--------------------------------------  -----  ---------  --------  ----------  --------------  -------------------
/opt/airflow/dags/ecommerce_etl_dag.py                           1           0  0.16s           2026-05-25T13:59:01
================================================================================
[2026-05-25T14:00:00.876+0000] {manager.py:878} INFO - 
================================================================================
DAG File Processing Stats

File Path                               PID    Runtime      # DAGs    # Errors  Last Runtime    Last Run
--------------------------------------  -----  ---------  --------  ----------  --------------  -------------------
/opt/airflow/dags/ecommerce_etl_dag.py                           1           0  0.16s           2026-05-25T13:59:31
================================================================================
[2026-05-25T14:00:06.982+0000] {manager.py:737} INFO - Searching for files in /opt/airflow/dags
[2026-05-25T14:00:07.008+0000] {manager.py:740} INFO - There are 1 files in /opt/airflow/dags
[2026-05-25T14:00:31.192+0000] {manager.py:878} INFO - 
================================================================================
DAG File Processing Stats

File Path                               PID    Runtime      # DAGs    # Errors  Last Runtime    Last Run
--------------------------------------  -----  ---------  --------  ----------  --------------  -------------------
/opt/airflow/dags/ecommerce_etl_dag.py                           1           0  0.15s           2026-05-25T14:00:02
================================================================================
[2026-05-25T14:01:01.357+0000] {manager.py:878} INFO - 
================================================================================
DAG File Processing Stats

File Path                               PID    Runtime      # DAGs    # Errors  Last Runtime    Last Run
--------------------------------------  -----  ---------  --------  ----------  --------------  -------------------
/opt/airflow/dags/ecommerce_etl_dag.py                           1           0  0.16s           2026-05-25T14:00:32
================================================================================
[2026-05-25T14:01:31.657+0000] {manager.py:878} INFO - 
================================================================================
DAG File Processing Stats

File Path                               PID    Runtime      # DAGs    # Errors  Last Runtime    Last Run
--------------------------------------  -----  ---------  --------  ----------  --------------  -------------------
/opt/airflow/dags/ecommerce_etl_dag.py                           1           0  0.15s           2026-05-25T14:01:02
================================================================================
[2026-05-25T14:02:01.943+0000] {manager.py:878} INFO - 
================================================================================
DAG File Processing Stats

File Path                               PID    Runtime      # DAGs    # Errors  Last Runtime    Last Run
--------------------------------------  -----  ---------  --------  ----------  --------------  -------------------
/opt/airflow/dags/ecommerce_etl_dag.py                           1           0  0.16s           2026-05-25T14:01:32
================================================================================
[2026-05-25T14:02:32.161+0000] {manager.py:878} INFO - 
================================================================================
DAG File Processing Stats

File Path                               PID    Runtime      # DAGs    # Errors  Last Runtime    Last Run
--------------------------------------  -----  ---------  --------  ----------  --------------  -------------------
/opt/airflow/dags/ecommerce_etl_dag.py                           1           0  0.13s           2026-05-25T14:02:03
================================================================================
[2026-05-25T14:03:02.386+0000] {manager.py:878} INFO - 
================================================================================
DAG File Processing Stats

File Path                               PID    Runtime      # DAGs    # Errors  Last Runtime    Last Run
--------------------------------------  -----  ---------  --------  ----------  --------------  -------------------
/opt/airflow/dags/ecommerce_etl_dag.py                           1           0  0.15s           2026-05-25T14:02:33
================================================================================
[2026-05-25T14:03:32.579+0000] {manager.py:878} INFO - 
================================================================================
DAG File Processing Stats

File Path                               PID    Runtime      # DAGs    # Errors  Last Runtime    Last Run
--------------------------------------  -----  ---------  --------  ----------  --------------  -------------------
/opt/airflow/dags/ecommerce_etl_dag.py                           1           0  0.15s           2026-05-25T14:03:03
================================================================================
[2026-05-25T14:04:02.819+0000] {manager.py:878} INFO - 
================================================================================
DAG File Processing Stats

File Path                               PID    Runtime      # DAGs    # Errors  Last Runtime    Last Run
--------------------------------------  -----  ---------  --------  ----------  --------------  -------------------
/opt/airflow/dags/ecommerce_etl_dag.py                           1           0  0.15s           2026-05-25T14:03:33
================================================================================
[2026-05-25T14:04:33.013+0000] {manager.py:878} INFO - 
================================================================================
DAG File Processing Stats

File Path                               PID    Runtime      # DAGs    # Errors  Last Runtime    Last Run
--------------------------------------  -----  ---------  --------  ----------  --------------  -------------------
/opt/airflow/dags/ecommerce_etl_dag.py                           1           0  0.15s           2026-05-25T14:04:03
================================================================================
[2026-05-25T14:05:03.260+0000] {manager.py:878} INFO - 
================================================================================
DAG File Processing Stats

File Path                               PID    Runtime      # DAGs    # Errors  Last Runtime    Last Run
--------------------------------------  -----  ---------  --------  ----------  --------------  -------------------
/opt/airflow/dags/ecommerce_etl_dag.py                           1           0  0.22s           2026-05-25T14:04:34
================================================================================
[2026-05-25T14:05:07.418+0000] {manager.py:737} INFO - Searching for files in /opt/airflow/dags
[2026-05-25T14:05:07.442+0000] {manager.py:740} INFO - There are 1 files in /opt/airflow/dags
[2026-05-25T14:05:33.582+0000] {manager.py:878} INFO - 
================================================================================
DAG File Processing Stats

File Path                               PID    Runtime      # DAGs    # Errors  Last Runtime    Last Run
--------------------------------------  -----  ---------  --------  ----------  --------------  -------------------
/opt/airflow/dags/ecommerce_etl_dag.py                           1           0  0.18s           2026-05-25T14:05:04
================================================================================
[2026-05-25T14:06:03.748+0000] {manager.py:878} INFO - 
================================================================================
DAG File Processing Stats

File Path                               PID    Runtime      # DAGs    # Errors  Last Runtime    Last Run
--------------------------------------  -----  ---------  --------  ----------  --------------  -------------------
/opt/airflow/dags/ecommerce_etl_dag.py                           1           0  0.14s           2026-05-25T14:05:34
================================================================================
[2026-05-25T14:06:33.997+0000] {manager.py:878} INFO - 
================================================================================
DAG File Processing Stats

File Path                               PID    Runtime      # DAGs    # Errors  Last Runtime    Last Run
--------------------------------------  -----  ---------  --------  ----------  --------------  -------------------
/opt/airflow/dags/ecommerce_etl_dag.py                           1           0  0.15s           2026-05-25T14:06:04
================================================================================
[2026-05-25T14:07:04.159+0000] {manager.py:878} INFO - 
================================================================================
DAG File Processing Stats

File Path                               PID    Runtime      # DAGs    # Errors  Last Runtime    Last Run
--------------------------------------  -----  ---------  --------  ----------  --------------  -------------------
/opt/airflow/dags/ecommerce_etl_dag.py                           1           0  0.15s           2026-05-25T14:06:35
================================================================================
[2026-05-25T14:07:34.452+0000] {manager.py:878} INFO - 
================================================================================
DAG File Processing Stats

File Path                               PID    Runtime      # DAGs    # Errors  Last Runtime    Last Run
--------------------------------------  -----  ---------  --------  ----------  --------------  -------------------
/opt/airflow/dags/ecommerce_etl_dag.py                           1           0  0.18s           2026-05-25T14:07:05
================================================================================
[2026-05-25T14:08:04.652+0000] {manager.py:878} INFO - 
================================================================================
DAG File Processing Stats

File Path                               PID    Runtime      # DAGs    # Errors  Last Runtime    Last Run
--------------------------------------  -----  ---------  --------  ----------  --------------  -------------------
/opt/airflow/dags/ecommerce_etl_dag.py                           1           0  0.15s           2026-05-25T14:07:35
================================================================================
[2026-05-25T14:08:34.882+0000] {manager.py:878} INFO - 
================================================================================
DAG File Processing Stats

File Path                               PID    Runtime      # DAGs    # Errors  Last Runtime    Last Run
--------------------------------------  -----  ---------  --------  ----------  --------------  -------------------
/opt/airflow/dags/ecommerce_etl_dag.py                           1           0  0.15s           2026-05-25T14:08:05
================================================================================
[2026-05-25T14:09:05.071+0000] {manager.py:878} INFO - 
================================================================================
DAG File Processing Stats

File Path                               PID    Runtime      # DAGs    # Errors  Last Runtime    Last Run
--------------------------------------  -----  ---------  --------  ----------  --------------  -------------------
/opt/airflow/dags/ecommerce_etl_dag.py                           1           0  0.15s           2026-05-25T14:08:36
================================================================================
[2026-05-25T14:09:35.311+0000] {manager.py:878} INFO - 
================================================================================
DAG File Processing Stats

File Path                               PID    Runtime      # DAGs    # Errors  Last Runtime    Last Run
--------------------------------------  -----  ---------  --------  ----------  --------------  -------------------
/opt/airflow/dags/ecommerce_etl_dag.py                           1           0  0.14s           2026-05-25T14:09:06
================================================================================
[2026-05-25T14:10:05.503+0000] {manager.py:878} INFO - 
================================================================================
DAG File Processing Stats

File Path                               PID    Runtime      # DAGs    # Errors  Last Runtime    Last Run
--------------------------------------  -----  ---------  --------  ----------  --------------  -------------------
/opt/airflow/dags/ecommerce_etl_dag.py                           1           0  0.34s           2026-05-25T14:09:36
================================================================================
[2026-05-25T14:10:07.823+0000] {manager.py:737} INFO - Searching for files in /opt/airflow/dags
[2026-05-25T14:10:07.850+0000] {manager.py:740} INFO - There are 1 files in /opt/airflow/dags
[2026-05-25T14:10:35.989+0000] {manager.py:878} INFO - 
================================================================================
DAG File Processing Stats

File Path                               PID    Runtime      # DAGs    # Errors  Last Runtime    Last Run
--------------------------------------  -----  ---------  --------  ----------  --------------  -------------------
/opt/airflow/dags/ecommerce_etl_dag.py                           1           0  0.16s           2026-05-25T14:10:06
================================================================================
[2026-05-25T14:11:06.248+0000] {manager.py:878} INFO - 
================================================================================
DAG File Processing Stats

File Path                               PID    Runtime      # DAGs    # Errors  Last Runtime    Last Run
--------------------------------------  -----  ---------  --------  ----------  --------------  -------------------
/opt/airflow/dags/ecommerce_etl_dag.py                           1           0  0.15s           2026-05-25T14:10:37
================================================================================
[2026-05-25T14:11:36.507+0000] {manager.py:878} INFO - 
================================================================================
DAG File Processing Stats

File Path                               PID    Runtime      # DAGs    # Errors  Last Runtime    Last Run
--------------------------------------  -----  ---------  --------  ----------  --------------  -------------------
/opt/airflow/dags/ecommerce_etl_dag.py                           1           0  0.20s           2026-05-25T14:11:07
================================================================================
[2026-05-25T14:12:06.847+0000] {manager.py:878} INFO - 
================================================================================
DAG File Processing Stats

File Path                               PID    Runtime      # DAGs    # Errors  Last Runtime    Last Run
--------------------------------------  -----  ---------  --------  ----------  --------------  -------------------
/opt/airflow/dags/ecommerce_etl_dag.py                           1           0  0.16s           2026-05-25T14:11:37
================================================================================
[2026-05-25T14:12:37.020+0000] {manager.py:878} INFO - 
================================================================================
DAG File Processing Stats

File Path                               PID    Runtime      # DAGs    # Errors  Last Runtime    Last Run
--------------------------------------  -----  ---------  --------  ----------  --------------  -------------------
/opt/airflow/dags/ecommerce_etl_dag.py                           1           0  0.15s           2026-05-25T14:12:08
================================================================================
[2026-05-25T14:13:07.280+0000] {manager.py:878} INFO - 
================================================================================
DAG File Processing Stats

File Path                               PID    Runtime      # DAGs    # Errors  Last Runtime    Last Run
--------------------------------------  -----  ---------  --------  ----------  --------------  -------------------
/opt/airflow/dags/ecommerce_etl_dag.py                           1           0  0.13s           2026-05-25T14:12:38
================================================================================
[2026-05-25T14:13:37.457+0000] {manager.py:878} INFO - 
================================================================================
DAG File Processing Stats

File Path                               PID    Runtime      # DAGs    # Errors  Last Runtime    Last Run
--------------------------------------  -----  ---------  --------  ----------  --------------  -------------------
/opt/airflow/dags/ecommerce_etl_dag.py                           1           0  0.19s           2026-05-25T14:13:08
================================================================================
[2026-05-25T14:14:07.806+0000] {manager.py:878} INFO - 
================================================================================
DAG File Processing Stats

File Path                               PID    Runtime      # DAGs    # Errors  Last Runtime    Last Run
--------------------------------------  -----  ---------  --------  ----------  --------------  -------------------
/opt/airflow/dags/ecommerce_etl_dag.py                           1           0  0.16s           2026-05-25T14:13:38
================================================================================
[2026-05-25T14:14:38.084+0000] {manager.py:878} INFO - 
================================================================================
DAG File Processing Stats

File Path                               PID    Runtime      # DAGs    # Errors  Last Runtime    Last Run
--------------------------------------  -----  ---------  --------  ----------  --------------  -------------------
/opt/airflow/dags/ecommerce_etl_dag.py                           1           0  0.14s           2026-05-25T14:14:08
================================================================================
[2026-05-25T14:15:08.252+0000] {manager.py:737} INFO - Searching for files in /opt/airflow/dags
[2026-05-25T14:15:08.276+0000] {manager.py:740} INFO - There are 1 files in /opt/airflow/dags
[2026-05-25T14:15:08.287+0000] {manager.py:878} INFO - 
================================================================================
DAG File Processing Stats

File Path                               PID    Runtime      # DAGs    # Errors  Last Runtime    Last Run
--------------------------------------  -----  ---------  --------  ----------  --------------  -------------------
/opt/airflow/dags/ecommerce_etl_dag.py                           1           0  0.13s           2026-05-25T14:14:39
================================================================================
[2026-05-25T14:15:38.482+0000] {manager.py:878} INFO - 
================================================================================
DAG File Processing Stats

File Path                               PID    Runtime      # DAGs    # Errors  Last Runtime    Last Run
--------------------------------------  -----  ---------  --------  ----------  --------------  -------------------
/opt/airflow/dags/ecommerce_etl_dag.py                           1           0  0.13s           2026-05-25T14:15:09
================================================================================
[2026-05-25T14:16:08.690+0000] {manager.py:878} INFO - 
================================================================================
DAG File Processing Stats

File Path                               PID    Runtime      # DAGs    # Errors  Last Runtime    Last Run
--------------------------------------  -----  ---------  --------  ----------  --------------  -------------------
/opt/airflow/dags/ecommerce_etl_dag.py                           1           0  0.24s           2026-05-25T14:15:39
================================================================================
[2026-05-25T14:16:39.077+0000] {manager.py:878} INFO - 
================================================================================
DAG File Processing Stats

File Path                               PID    Runtime      # DAGs    # Errors  Last Runtime    Last Run
--------------------------------------  -----  ---------  --------  ----------  --------------  -------------------
/opt/airflow/dags/ecommerce_etl_dag.py                           1           0  0.25s           2026-05-25T14:16:10
================================================================================
[2026-05-25T14:17:09.464+0000] {manager.py:878} INFO - 
================================================================================
DAG File Processing Stats

File Path                               PID    Runtime      # DAGs    # Errors  Last Runtime    Last Run
--------------------------------------  -----  ---------  --------  ----------  --------------  -------------------
/opt/airflow/dags/ecommerce_etl_dag.py                           1           0  0.18s           2026-05-25T14:16:40
================================================================================
[2026-05-25T14:17:39.760+0000] {manager.py:878} INFO - 
================================================================================
DAG File Processing Stats

File Path                               PID    Runtime      # DAGs    # Errors  Last Runtime    Last Run
--------------------------------------  -----  ---------  --------  ----------  --------------  -------------------
/opt/airflow/dags/ecommerce_etl_dag.py                           1           0  0.14s           2026-05-25T14:17:10
================================================================================
[2026-05-25T14:18:10.088+0000] {manager.py:878} INFO - 
================================================================================
DAG File Processing Stats

File Path                               PID    Runtime      # DAGs    # Errors  Last Runtime    Last Run
--------------------------------------  -----  ---------  --------  ----------  --------------  -------------------
/opt/airflow/dags/ecommerce_etl_dag.py                           1           0  0.14s           2026-05-25T14:17:41
================================================================================
[2026-05-25T14:18:40.348+0000] {manager.py:878} INFO - 
================================================================================
DAG File Processing Stats

File Path                               PID    Runtime      # DAGs    # Errors  Last Runtime    Last Run
--------------------------------------  -----  ---------  --------  ----------  --------------  -------------------
/opt/airflow/dags/ecommerce_etl_dag.py                           1           0  0.14s           2026-05-25T14:18:11
================================================================================
[2026-05-25T14:19:10.508+0000] {manager.py:878} INFO - 
================================================================================
DAG File Processing Stats

File Path                               PID    Runtime      # DAGs    # Errors  Last Runtime    Last Run
--------------------------------------  -----  ---------  --------  ----------  --------------  -------------------
/opt/airflow/dags/ecommerce_etl_dag.py                           1           0  0.15s           2026-05-25T14:18:41
================================================================================
[2026-05-25T14:19:40.781+0000] {manager.py:878} INFO - 
================================================================================
DAG File Processing Stats

File Path                               PID    Runtime      # DAGs    # Errors  Last Runtime    Last Run
--------------------------------------  -----  ---------  --------  ----------  --------------  -------------------
/opt/airflow/dags/ecommerce_etl_dag.py                           1           0  0.15s           2026-05-25T14:19:11
================================================================================
[2026-05-25T14:20:08.930+0000] {manager.py:737} INFO - Searching for files in /opt/airflow/dags
[2026-05-25T14:20:08.954+0000] {manager.py:740} INFO - There are 1 files in /opt/airflow/dags
[2026-05-25T14:20:10.973+0000] {manager.py:878} INFO - 
================================================================================
DAG File Processing Stats

File Path                               PID    Runtime      # DAGs    # Errors  Last Runtime    Last Run
--------------------------------------  -----  ---------  --------  ----------  --------------  -------------------
/opt/airflow/dags/ecommerce_etl_dag.py                           1           0  0.16s           2026-05-25T14:19:41
================================================================================
[2026-05-25T14:20:41.274+0000] {manager.py:878} INFO - 
================================================================================
DAG File Processing Stats

File Path                               PID    Runtime      # DAGs    # Errors  Last Runtime    Last Run
--------------------------------------  -----  ---------  --------  ----------  --------------  -------------------
/opt/airflow/dags/ecommerce_etl_dag.py                           1           0  0.15s           2026-05-25T14:20:12
================================================================================
[2026-05-25T14:21:11.445+0000] {manager.py:878} INFO - 
================================================================================
DAG File Processing Stats

File Path                               PID    Runtime      # DAGs    # Errors  Last Runtime    Last Run
--------------------------------------  -----  ---------  --------  ----------  --------------  -------------------
/opt/airflow/dags/ecommerce_etl_dag.py                           1           0  0.14s           2026-05-25T14:20:42
================================================================================
[2026-05-25T14:21:41.712+0000] {manager.py:878} INFO - 
================================================================================
DAG File Processing Stats

File Path                               PID    Runtime      # DAGs    # Errors  Last Runtime    Last Run
--------------------------------------  -----  ---------  --------  ----------  --------------  -------------------
/opt/airflow/dags/ecommerce_etl_dag.py                           1           0  0.15s           2026-05-25T14:21:12
================================================================================
[2026-05-25T14:22:11.870+0000] {manager.py:878} INFO - 
================================================================================
DAG File Processing Stats

File Path                               PID    Runtime      # DAGs    # Errors  Last Runtime    Last Run
--------------------------------------  -----  ---------  --------  ----------  --------------  -------------------
/opt/airflow/dags/ecommerce_etl_dag.py                           1           0  0.15s           2026-05-25T14:21:42
================================================================================
[2026-05-25T14:22:42.172+0000] {manager.py:878} INFO - 
================================================================================
DAG File Processing Stats

File Path                               PID    Runtime      # DAGs    # Errors  Last Runtime    Last Run
--------------------------------------  -----  ---------  --------  ----------  --------------  -------------------
/opt/airflow/dags/ecommerce_etl_dag.py                           1           0  0.15s           2026-05-25T14:22:13
================================================================================
[2026-05-25T14:23:12.456+0000] {manager.py:878} INFO - 
================================================================================
DAG File Processing Stats

File Path                               PID    Runtime      # DAGs    # Errors  Last Runtime    Last Run
--------------------------------------  -----  ---------  --------  ----------  --------------  -------------------
/opt/airflow/dags/ecommerce_etl_dag.py                           1           0  0.14s           2026-05-25T14:22:43
================================================================================
[2026-05-25T14:23:42.617+0000] {manager.py:878} INFO - 
================================================================================
DAG File Processing Stats

File Path                               PID    Runtime      # DAGs    # Errors  Last Runtime    Last Run
--------------------------------------  -----  ---------  --------  ----------  --------------  -------------------
/opt/airflow/dags/ecommerce_etl_dag.py                           1           0  0.14s           2026-05-25T14:23:13
================================================================================
[2026-05-25T14:24:12.872+0000] {manager.py:878} INFO - 
================================================================================
DAG File Processing Stats

File Path                               PID    Runtime      # DAGs    # Errors  Last Runtime    Last Run
--------------------------------------  -----  ---------  --------  ----------  --------------  -------------------
/opt/airflow/dags/ecommerce_etl_dag.py                           1           0  0.14s           2026-05-25T14:23:43
================================================================================
[2026-05-25T14:24:43.024+0000] {manager.py:878} INFO - 
================================================================================
DAG File Processing Stats

File Path                               PID    Runtime      # DAGs    # Errors  Last Runtime    Last Run
--------------------------------------  -----  ---------  --------  ----------  --------------  -------------------
/opt/airflow/dags/ecommerce_etl_dag.py                           1           0  0.14s           2026-05-25T14:24:14
================================================================================
[2026-05-25T14:25:09.271+0000] {manager.py:737} INFO - Searching for files in /opt/airflow/dags
[2026-05-25T14:25:09.294+0000] {manager.py:740} INFO - There are 1 files in /opt/airflow/dags
[2026-05-25T14:25:13.328+0000] {manager.py:878} INFO - 
================================================================================
DAG File Processing Stats

File Path                               PID    Runtime      # DAGs    # Errors  Last Runtime    Last Run
--------------------------------------  -----  ---------  --------  ----------  --------------  -------------------
/opt/airflow/dags/ecommerce_etl_dag.py                           1           0  0.15s           2026-05-25T14:24:44
================================================================================
[2026-05-25T14:25:43.504+0000] {manager.py:878} INFO - 
================================================================================
DAG File Processing Stats

File Path                               PID    Runtime      # DAGs    # Errors  Last Runtime    Last Run
--------------------------------------  -----  ---------  --------  ----------  --------------  -------------------
/opt/airflow/dags/ecommerce_etl_dag.py                           1           0  0.15s           2026-05-25T14:25:14
================================================================================
[2026-05-25T14:26:13.749+0000] {manager.py:878} INFO - 
================================================================================
DAG File Processing Stats

File Path                               PID    Runtime      # DAGs    # Errors  Last Runtime    Last Run
--------------------------------------  -----  ---------  --------  ----------  --------------  -------------------
/opt/airflow/dags/ecommerce_etl_dag.py                           1           0  0.14s           2026-05-25T14:25:44
================================================================================
[2026-05-25T14:26:43.928+0000] {manager.py:878} INFO - 
================================================================================
DAG File Processing Stats

File Path                               PID    Runtime      # DAGs    # Errors  Last Runtime    Last Run
--------------------------------------  -----  ---------  --------  ----------  --------------  -------------------
/opt/airflow/dags/ecommerce_etl_dag.py                           1           0  0.14s           2026-05-25T14:26:14
================================================================================
[2026-05-25T14:27:14.158+0000] {manager.py:878} INFO - 
================================================================================
DAG File Processing Stats

File Path                               PID    Runtime      # DAGs    # Errors  Last Runtime    Last Run
--------------------------------------  -----  ---------  --------  ----------  --------------  -------------------
/opt/airflow/dags/ecommerce_etl_dag.py                           1           0  0.13s           2026-05-25T14:26:45
================================================================================
[2026-05-25T14:27:44.326+0000] {manager.py:878} INFO - 
================================================================================
DAG File Processing Stats

File Path                               PID    Runtime      # DAGs    # Errors  Last Runtime    Last Run
--------------------------------------  -----  ---------  --------  ----------  --------------  -------------------
/opt/airflow/dags/ecommerce_etl_dag.py                           1           0  0.14s           2026-05-25T14:27:15
================================================================================
[2026-05-25T14:28:14.635+0000] {manager.py:878} INFO - 
================================================================================
DAG File Processing Stats

File Path                               PID    Runtime      # DAGs    # Errors  Last Runtime    Last Run
--------------------------------------  -----  ---------  --------  ----------  --------------  -------------------
/opt/airflow/dags/ecommerce_etl_dag.py                           1           0  0.27s           2026-05-25T14:27:45
================================================================================
[2026-05-25T14:28:44.885+0000] {manager.py:878} INFO - 
================================================================================
DAG File Processing Stats

File Path                               PID    Runtime      # DAGs    # Errors  Last Runtime    Last Run
--------------------------------------  -----  ---------  --------  ----------  --------------  -------------------
/opt/airflow/dags/ecommerce_etl_dag.py                           1           0  0.14s           2026-05-25T14:28:15
================================================================================
[2026-05-25T14:29:15.050+0000] {manager.py:878} INFO - 
================================================================================
DAG File Processing Stats

File Path                               PID    Runtime      # DAGs    # Errors  Last Runtime    Last Run
--------------------------------------  -----  ---------  --------  ----------  --------------  -------------------
/opt/airflow/dags/ecommerce_etl_dag.py                           1           0  0.13s           2026-05-25T14:28:46
================================================================================
[2026-05-25T14:29:45.300+0000] {manager.py:878} INFO - 
================================================================================
DAG File Processing Stats

File Path                               PID    Runtime      # DAGs    # Errors  Last Runtime    Last Run
--------------------------------------  -----  ---------  --------  ----------  --------------  -------------------
/opt/airflow/dags/ecommerce_etl_dag.py                           1           0  0.14s           2026-05-25T14:29:16
================================================================================
[2026-05-25T14:30:09.431+0000] {manager.py:737} INFO - Searching for files in /opt/airflow/dags
[2026-05-25T14:30:09.456+0000] {manager.py:740} INFO - There are 1 files in /opt/airflow/dags
[2026-05-25T14:30:15.500+0000] {manager.py:878} INFO - 
================================================================================
DAG File Processing Stats

File Path                               PID    Runtime      # DAGs    # Errors  Last Runtime    Last Run
--------------------------------------  -----  ---------  --------  ----------  --------------  -------------------
/opt/airflow/dags/ecommerce_etl_dag.py                           1           0  0.13s           2026-05-25T14:29:46
================================================================================
[2026-05-25T14:30:45.773+0000] {manager.py:878} INFO - 
================================================================================
DAG File Processing Stats

File Path                               PID    Runtime      # DAGs    # Errors  Last Runtime    Last Run
--------------------------------------  -----  ---------  --------  ----------  --------------  -------------------
/opt/airflow/dags/ecommerce_etl_dag.py                           1           0  0.14s           2026-05-25T14:30:16
================================================================================
[2026-05-25T14:31:15.938+0000] {manager.py:878} INFO - 
================================================================================
DAG File Processing Stats

File Path                               PID    Runtime      # DAGs    # Errors  Last Runtime    Last Run
--------------------------------------  -----  ---------  --------  ----------  --------------  -------------------
/opt/airflow/dags/ecommerce_etl_dag.py                           1           0  0.14s           2026-05-25T14:30:46
================================================================================
[2026-05-25T14:31:46.205+0000] {manager.py:878} INFO - 
================================================================================
DAG File Processing Stats

File Path                               PID    Runtime      # DAGs    # Errors  Last Runtime    Last Run
--------------------------------------  -----  ---------  --------  ----------  --------------  -------------------
/opt/airflow/dags/ecommerce_etl_dag.py                           1           0  0.13s           2026-05-25T14:31:17
================================================================================
[2026-05-25T14:32:16.361+0000] {manager.py:878} INFO - 
================================================================================
DAG File Processing Stats

File Path                               PID    Runtime      # DAGs    # Errors  Last Runtime    Last Run
--------------------------------------  -----  ---------  --------  ----------  --------------  -------------------
/opt/airflow/dags/ecommerce_etl_dag.py                           1           0  0.14s           2026-05-25T14:31:47
================================================================================
[2026-05-25T14:32:46.646+0000] {manager.py:878} INFO - 
================================================================================
DAG File Processing Stats

File Path                               PID    Runtime      # DAGs    # Errors  Last Runtime    Last Run
--------------------------------------  -----  ---------  --------  ----------  --------------  -------------------
/opt/airflow/dags/ecommerce_etl_dag.py                           1           0  0.13s           2026-05-25T14:32:17
================================================================================
[2026-05-25T14:33:16.897+0000] {manager.py:878} INFO - 
================================================================================
DAG File Processing Stats

File Path                               PID    Runtime      # DAGs    # Errors  Last Runtime    Last Run
--------------------------------------  -----  ---------  --------  ----------  --------------  -------------------
/opt/airflow/dags/ecommerce_etl_dag.py                           1           0  0.28s           2026-05-25T14:32:48
================================================================================
[2026-05-25T14:33:47.283+0000] {manager.py:878} INFO - 
================================================================================
DAG File Processing Stats

File Path                               PID    Runtime      # DAGs    # Errors  Last Runtime    Last Run
--------------------------------------  -----  ---------  --------  ----------  --------------  -------------------
/opt/airflow/dags/ecommerce_etl_dag.py                           1           0  0.14s           2026-05-25T14:33:18
================================================================================
[2026-05-25T14:34:17.551+0000] {manager.py:878} INFO - 
================================================================================
DAG File Processing Stats

File Path                               PID    Runtime      # DAGs    # Errors  Last Runtime    Last Run
--------------------------------------  -----  ---------  --------  ----------  --------------  -------------------
/opt/airflow/dags/ecommerce_etl_dag.py                           1           0  0.14s           2026-05-25T14:33:48
================================================================================
[2026-05-25T14:34:47.725+0000] {manager.py:878} INFO - 
================================================================================
DAG File Processing Stats

File Path                               PID    Runtime      # DAGs    # Errors  Last Runtime    Last Run
--------------------------------------  -----  ---------  --------  ----------  --------------  -------------------
/opt/airflow/dags/ecommerce_etl_dag.py                           1           0  0.14s           2026-05-25T14:34:18
================================================================================
[2026-05-25T14:35:09.971+0000] {manager.py:737} INFO - Searching for files in /opt/airflow/dags
[2026-05-25T14:35:09.998+0000] {manager.py:740} INFO - There are 1 files in /opt/airflow/dags
[2026-05-25T14:35:18.048+0000] {manager.py:878} INFO - 
================================================================================
DAG File Processing Stats

File Path                               PID    Runtime      # DAGs    # Errors  Last Runtime    Last Run
--------------------------------------  -----  ---------  --------  ----------  --------------  -------------------
/opt/airflow/dags/ecommerce_etl_dag.py                           1           0  0.15s           2026-05-25T14:34:48
================================================================================
[2026-05-25T14:35:48.209+0000] {manager.py:878} INFO - 
================================================================================
DAG File Processing Stats

File Path                               PID    Runtime      # DAGs    # Errors  Last Runtime    Last Run
--------------------------------------  -----  ---------  --------  ----------  --------------  -------------------
/opt/airflow/dags/ecommerce_etl_dag.py                           1           0  0.14s           2026-05-25T14:35:19
================================================================================
[2026-05-25T14:36:18.462+0000] {manager.py:878} INFO - 
================================================================================
DAG File Processing Stats

File Path                               PID    Runtime      # DAGs    # Errors  Last Runtime    Last Run
--------------------------------------  -----  ---------  --------  ----------  --------------  -------------------
/opt/airflow/dags/ecommerce_etl_dag.py                           1           0  0.15s           2026-05-25T14:35:49
================================================================================
[2026-05-25T14:36:48.638+0000] {manager.py:878} INFO - 
================================================================================
DAG File Processing Stats

File Path                               PID    Runtime      # DAGs    # Errors  Last Runtime    Last Run
--------------------------------------  -----  ---------  --------  ----------  --------------  -------------------
/opt/airflow/dags/ecommerce_etl_dag.py                           1           0  0.13s           2026-05-25T14:36:19
================================================================================
[2026-05-25T14:37:18.871+0000] {manager.py:878} INFO - 
================================================================================
DAG File Processing Stats

File Path                               PID    Runtime      # DAGs    # Errors  Last Runtime    Last Run
--------------------------------------  -----  ---------  --------  ----------  --------------  -------------------
/opt/airflow/dags/ecommerce_etl_dag.py                           1           0  0.13s           2026-05-25T14:36:49
================================================================================
[2026-05-25T14:37:49.081+0000] {manager.py:878} INFO - 
================================================================================
DAG File Processing Stats

File Path                               PID    Runtime      # DAGs    # Errors  Last Runtime    Last Run
--------------------------------------  -----  ---------  --------  ----------  --------------  -------------------
/opt/airflow/dags/ecommerce_etl_dag.py                           1           0  0.13s           2026-05-25T14:37:20
================================================================================
[2026-05-25T14:38:19.285+0000] {manager.py:878} INFO - 
================================================================================
DAG File Processing Stats

File Path                               PID    Runtime      # DAGs    # Errors  Last Runtime    Last Run
--------------------------------------  -----  ---------  --------  ----------  --------------  -------------------
/opt/airflow/dags/ecommerce_etl_dag.py                           1           0  0.14s           2026-05-25T14:37:50
================================================================================
[2026-05-25T14:38:49.496+0000] {manager.py:878} INFO - 
================================================================================
DAG File Processing Stats

File Path                               PID    Runtime      # DAGs    # Errors  Last Runtime    Last Run
--------------------------------------  -----  ---------  --------  ----------  --------------  -------------------
/opt/airflow/dags/ecommerce_etl_dag.py                           1           0  0.13s           2026-05-25T14:38:20
================================================================================
[2026-05-25T14:39:19.676+0000] {manager.py:878} INFO - 
================================================================================
DAG File Processing Stats

File Path                               PID    Runtime      # DAGs    # Errors  Last Runtime    Last Run
--------------------------------------  -----  ---------  --------  ----------  --------------  -------------------
/opt/airflow/dags/ecommerce_etl_dag.py                           1           0  0.13s           2026-05-25T14:38:50
================================================================================
[2026-05-25T14:39:49.910+0000] {manager.py:878} INFO - 
================================================================================
DAG File Processing Stats

File Path                               PID    Runtime      # DAGs    # Errors  Last Runtime    Last Run
--------------------------------------  -----  ---------  --------  ----------  --------------  -------------------
/opt/airflow/dags/ecommerce_etl_dag.py                           1           0  0.14s           2026-05-25T14:39:20
================================================================================
[2026-05-25T14:40:10.063+0000] {manager.py:737} INFO - Searching for files in /opt/airflow/dags
[2026-05-25T14:40:10.082+0000] {manager.py:740} INFO - There are 1 files in /opt/airflow/dags
[2026-05-25T14:40:20.146+0000] {manager.py:878} INFO - 
================================================================================
DAG File Processing Stats

File Path                               PID    Runtime      # DAGs    # Errors  Last Runtime    Last Run
--------------------------------------  -----  ---------  --------  ----------  --------------  -------------------
/opt/airflow/dags/ecommerce_etl_dag.py                           1           0  0.19s           2026-05-25T14:39:51
================================================================================
[2026-05-25T14:40:50.405+0000] {manager.py:878} INFO - 
================================================================================
DAG File Processing Stats

File Path                               PID    Runtime      # DAGs    # Errors  Last Runtime    Last Run
--------------------------------------  -----  ---------  --------  ----------  --------------  -------------------
/opt/airflow/dags/ecommerce_etl_dag.py                           1           0  0.14s           2026-05-25T14:40:21
================================================================================
[2026-05-25T14:41:20.590+0000] {manager.py:878} INFO - 
================================================================================
DAG File Processing Stats

File Path                               PID    Runtime      # DAGs    # Errors  Last Runtime    Last Run
--------------------------------------  -----  ---------  --------  ----------  --------------  -------------------
/opt/airflow/dags/ecommerce_etl_dag.py                           1           0  0.13s           2026-05-25T14:40:51
================================================================================
[2026-05-25T14:41:50.805+0000] {manager.py:878} INFO - 
================================================================================
DAG File Processing Stats

File Path                               PID    Runtime      # DAGs    # Errors  Last Runtime    Last Run
--------------------------------------  -----  ---------  --------  ----------  --------------  -------------------
/opt/airflow/dags/ecommerce_etl_dag.py                           1           0  0.14s           2026-05-25T14:41:21
================================================================================
[2026-05-25T14:42:20.998+0000] {manager.py:878} INFO - 
================================================================================
DAG File Processing Stats

File Path                               PID    Runtime      # DAGs    # Errors  Last Runtime    Last Run
--------------------------------------  -----  ---------  --------  ----------  --------------  -------------------
/opt/airflow/dags/ecommerce_etl_dag.py                           1           0  0.13s           2026-05-25T14:41:51
================================================================================
[2026-05-25T14:42:51.232+0000] {manager.py:878} INFO - 
================================================================================
DAG File Processing Stats

File Path                               PID    Runtime      # DAGs    # Errors  Last Runtime    Last Run
--------------------------------------  -----  ---------  --------  ----------  --------------  -------------------
/opt/airflow/dags/ecommerce_etl_dag.py                           1           0  0.14s           2026-05-25T14:42:22
================================================================================
[2026-05-25T14:43:21.450+0000] {manager.py:878} INFO - 
================================================================================
DAG File Processing Stats

File Path                               PID    Runtime      # DAGs    # Errors  Last Runtime    Last Run
--------------------------------------  -----  ---------  --------  ----------  --------------  -------------------
/opt/airflow/dags/ecommerce_etl_dag.py                           1           0  0.13s           2026-05-25T14:42:52
================================================================================
[2026-05-25T14:43:51.642+0000] {manager.py:878} INFO - 
================================================================================
DAG File Processing Stats

File Path                               PID    Runtime      # DAGs    # Errors  Last Runtime    Last Run
--------------------------------------  -----  ---------  --------  ----------  --------------  -------------------
/opt/airflow/dags/ecommerce_etl_dag.py                           1           0  0.14s           2026-05-25T14:43:22
================================================================================
[2026-05-25T14:44:21.871+0000] {manager.py:878} INFO - 
================================================================================
DAG File Processing Stats

File Path                               PID    Runtime      # DAGs    # Errors  Last Runtime    Last Run
--------------------------------------  -----  ---------  --------  ----------  --------------  -------------------
/opt/airflow/dags/ecommerce_etl_dag.py                           1           0  0.13s           2026-05-25T14:43:52
================================================================================
[2026-05-25T14:44:52.034+0000] {manager.py:878} INFO - 
================================================================================
DAG File Processing Stats

File Path                               PID    Runtime      # DAGs    # Errors  Last Runtime    Last Run
--------------------------------------  -----  ---------  --------  ----------  --------------  -------------------
/opt/airflow/dags/ecommerce_etl_dag.py                           1           0  0.14s           2026-05-25T14:44:23
================================================================================
[2026-05-25T14:45:10.243+0000] {manager.py:737} INFO - Searching for files in /opt/airflow/dags
[2026-05-25T14:45:10.272+0000] {manager.py:740} INFO - There are 1 files in /opt/airflow/dags
[2026-05-25T14:45:22.382+0000] {manager.py:878} INFO - 
================================================================================
DAG File Processing Stats

File Path                               PID    Runtime      # DAGs    # Errors  Last Runtime    Last Run
--------------------------------------  -----  ---------  --------  ----------  --------------  -------------------
/opt/airflow/dags/ecommerce_etl_dag.py                           1           0  0.15s           2026-05-25T14:44:53
================================================================================
[2026-05-25T14:45:52.597+0000] {manager.py:878} INFO - 
================================================================================
DAG File Processing Stats

File Path                               PID    Runtime      # DAGs    # Errors  Last Runtime    Last Run
--------------------------------------  -----  ---------  --------  ----------  --------------  -------------------
/opt/airflow/dags/ecommerce_etl_dag.py                           1           0  0.17s           2026-05-25T14:45:23
================================================================================
[2026-05-25T14:46:22.864+0000] {manager.py:878} INFO - 
================================================================================
DAG File Processing Stats

File Path                               PID    Runtime      # DAGs    # Errors  Last Runtime    Last Run
--------------------------------------  -----  ---------  --------  ----------  --------------  -------------------
/opt/airflow/dags/ecommerce_etl_dag.py                           1           0  0.14s           2026-05-25T14:45:53
================================================================================
[2026-05-25T14:46:53.050+0000] {manager.py:878} INFO - 
================================================================================
DAG File Processing Stats

File Path                               PID    Runtime      # DAGs    # Errors  Last Runtime    Last Run
--------------------------------------  -----  ---------  --------  ----------  --------------  -------------------
/opt/airflow/dags/ecommerce_etl_dag.py                           1           0  0.15s           2026-05-25T14:46:24
================================================================================
[2026-05-25T14:47:23.384+0000] {manager.py:878} INFO - 
================================================================================
DAG File Processing Stats

File Path                               PID    Runtime      # DAGs    # Errors  Last Runtime    Last Run
--------------------------------------  -----  ---------  --------  ----------  --------------  -------------------
/opt/airflow/dags/ecommerce_etl_dag.py                           1           0  0.16s           2026-05-25T14:46:54
================================================================================
[2026-05-25T14:47:53.634+0000] {manager.py:878} INFO - 
================================================================================
DAG File Processing Stats

File Path                               PID    Runtime      # DAGs    # Errors  Last Runtime    Last Run
--------------------------------------  -----  ---------  --------  ----------  --------------  -------------------
/opt/airflow/dags/ecommerce_etl_dag.py                           1           0  0.14s           2026-05-25T14:47:24
================================================================================
[2026-05-25T14:48:23.872+0000] {manager.py:878} INFO - 
================================================================================
DAG File Processing Stats

File Path                               PID    Runtime      # DAGs    # Errors  Last Runtime    Last Run
--------------------------------------  -----  ---------  --------  ----------  --------------  -------------------
/opt/airflow/dags/ecommerce_etl_dag.py                           1           0  0.17s           2026-05-25T14:47:54
================================================================================
[2026-05-25T14:48:54.136+0000] {manager.py:878} INFO - 
================================================================================
DAG File Processing Stats

File Path                               PID    Runtime      # DAGs    # Errors  Last Runtime    Last Run
--------------------------------------  -----  ---------  --------  ----------  --------------  -------------------
/opt/airflow/dags/ecommerce_etl_dag.py                           1           0  0.16s           2026-05-25T14:48:25
================================================================================
[2026-05-25T14:49:24.326+0000] {manager.py:878} INFO - 
================================================================================
DAG File Processing Stats

File Path                               PID    Runtime      # DAGs    # Errors  Last Runtime    Last Run
--------------------------------------  -----  ---------  --------  ----------  --------------  -------------------
/opt/airflow/dags/ecommerce_etl_dag.py                           1           0  0.16s           2026-05-25T14:48:55
================================================================================
[2026-05-25T14:49:54.640+0000] {manager.py:878} INFO - 
================================================================================
DAG File Processing Stats

File Path                               PID    Runtime      # DAGs    # Errors  Last Runtime    Last Run
--------------------------------------  -----  ---------  --------  ----------  --------------  -------------------
/opt/airflow/dags/ecommerce_etl_dag.py                           1           0  0.15s           2026-05-25T14:49:25
================================================================================
[2026-05-25T14:50:10.746+0000] {manager.py:737} INFO - Searching for files in /opt/airflow/dags
[2026-05-25T14:50:10.800+0000] {manager.py:740} INFO - There are 1 files in /opt/airflow/dags
[2026-05-25T14:50:24.897+0000] {manager.py:878} INFO - 
================================================================================
DAG File Processing Stats

File Path                               PID    Runtime      # DAGs    # Errors  Last Runtime    Last Run
--------------------------------------  -----  ---------  --------  ----------  --------------  -------------------
/opt/airflow/dags/ecommerce_etl_dag.py                           1           0  0.14s           2026-05-25T14:49:55
================================================================================
[2026-05-25T14:50:55.078+0000] {manager.py:878} INFO - 
================================================================================
DAG File Processing Stats

File Path                               PID    Runtime      # DAGs    # Errors  Last Runtime    Last Run
--------------------------------------  -----  ---------  --------  ----------  --------------  -------------------
/opt/airflow/dags/ecommerce_etl_dag.py                           1           0  0.15s           2026-05-25T14:50:26
================================================================================
[2026-05-25T14:51:25.331+0000] {manager.py:878} INFO - 
================================================================================
DAG File Processing Stats

File Path                               PID    Runtime      # DAGs    # Errors  Last Runtime    Last Run
--------------------------------------  -----  ---------  --------  ----------  --------------  -------------------
/opt/airflow/dags/ecommerce_etl_dag.py                           1           0  0.16s           2026-05-25T14:50:56
================================================================================
[2026-05-25T14:51:55.541+0000] {manager.py:878} INFO - 
================================================================================
DAG File Processing Stats

File Path                               PID    Runtime      # DAGs    # Errors  Last Runtime    Last Run
--------------------------------------  -----  ---------  --------  ----------  --------------  -------------------
/opt/airflow/dags/ecommerce_etl_dag.py                           1           0  0.14s           2026-05-25T14:51:26
================================================================================
[2026-05-25T14:52:25.843+0000] {manager.py:878} INFO - 
================================================================================
DAG File Processing Stats

File Path                               PID    Runtime      # DAGs    # Errors  Last Runtime    Last Run
--------------------------------------  -----  ---------  --------  ----------  --------------  -------------------
/opt/airflow/dags/ecommerce_etl_dag.py                           1           0  0.19s           2026-05-25T14:51:56
================================================================================
[2026-05-25T14:52:56.069+0000] {manager.py:878} INFO - 
================================================================================
DAG File Processing Stats

File Path                               PID    Runtime      # DAGs    # Errors  Last Runtime    Last Run
--------------------------------------  -----  ---------  --------  ----------  --------------  -------------------
/opt/airflow/dags/ecommerce_etl_dag.py                           1           0  0.17s           2026-05-25T14:52:27
================================================================================
[2026-05-25T14:53:26.306+0000] {manager.py:878} INFO - 
================================================================================
DAG File Processing Stats

File Path                               PID    Runtime      # DAGs    # Errors  Last Runtime    Last Run
--------------------------------------  -----  ---------  --------  ----------  --------------  -------------------
/opt/airflow/dags/ecommerce_etl_dag.py                           1           0  0.15s           2026-05-25T14:52:57
================================================================================
[2026-05-25T14:53:56.507+0000] {manager.py:878} INFO - 
================================================================================
DAG File Processing Stats

File Path                               PID    Runtime      # DAGs    # Errors  Last Runtime    Last Run
--------------------------------------  -----  ---------  --------  ----------  --------------  -------------------
/opt/airflow/dags/ecommerce_etl_dag.py                           1           0  0.17s           2026-05-25T14:53:27
================================================================================
[2026-05-25T14:54:26.818+0000] {manager.py:878} INFO - 
================================================================================
DAG File Processing Stats

File Path                               PID    Runtime      # DAGs    # Errors  Last Runtime    Last Run
--------------------------------------  -----  ---------  --------  ----------  --------------  -------------------
/opt/airflow/dags/ecommerce_etl_dag.py                           1           0  0.16s           2026-05-25T14:53:57
================================================================================
[2026-05-25T14:54:57.035+0000] {manager.py:878} INFO - 
================================================================================
DAG File Processing Stats

File Path                               PID    Runtime      # DAGs    # Errors  Last Runtime    Last Run
--------------------------------------  -----  ---------  --------  ----------  --------------  -------------------
/opt/airflow/dags/ecommerce_etl_dag.py                           1           0  0.16s           2026-05-25T14:54:27
================================================================================
[2026-05-25T14:55:11.236+0000] {manager.py:737} INFO - Searching for files in /opt/airflow/dags
[2026-05-25T14:55:11.262+0000] {manager.py:740} INFO - There are 1 files in /opt/airflow/dags
[2026-05-25T14:55:27.355+0000] {manager.py:878} INFO - 
================================================================================
DAG File Processing Stats

File Path                               PID    Runtime      # DAGs    # Errors  Last Runtime    Last Run
--------------------------------------  -----  ---------  --------  ----------  --------------  -------------------
/opt/airflow/dags/ecommerce_etl_dag.py                           1           0  0.20s           2026-05-25T14:54:58
================================================================================
[2026-05-25T14:55:57.615+0000] {manager.py:878} INFO - 
================================================================================
DAG File Processing Stats

File Path                               PID    Runtime      # DAGs    # Errors  Last Runtime    Last Run
--------------------------------------  -----  ---------  --------  ----------  --------------  -------------------
/opt/airflow/dags/ecommerce_etl_dag.py                           1           0  0.17s           2026-05-25T14:55:28
================================================================================
[2026-05-25T14:56:27.992+0000] {manager.py:878} INFO - 
================================================================================
DAG File Processing Stats

File Path                               PID    Runtime      # DAGs    # Errors  Last Runtime    Last Run
--------------------------------------  -----  ---------  --------  ----------  --------------  -------------------
/opt/airflow/dags/ecommerce_etl_dag.py                           1           0  0.35s           2026-05-25T14:55:58
================================================================================
[2026-05-25T14:56:58.320+0000] {manager.py:878} INFO - 
================================================================================
DAG File Processing Stats

File Path                               PID    Runtime      # DAGs    # Errors  Last Runtime    Last Run
--------------------------------------  -----  ---------  --------  ----------  --------------  -------------------
/opt/airflow/dags/ecommerce_etl_dag.py                           1           0  0.32s           2026-05-25T14:56:29
================================================================================
[2026-05-25T14:57:28.686+0000] {manager.py:878} INFO - 
================================================================================
DAG File Processing Stats

File Path                               PID    Runtime      # DAGs    # Errors  Last Runtime    Last Run
--------------------------------------  -----  ---------  --------  ----------  --------------  -------------------
/opt/airflow/dags/ecommerce_etl_dag.py                           1           0  0.16s           2026-05-25T14:56:59
================================================================================
[2026-05-25T14:57:59.226+0000] {manager.py:878} INFO - 
================================================================================
DAG File Processing Stats

File Path                               PID    Runtime      # DAGs    # Errors  Last Runtime    Last Run
--------------------------------------  -----  ---------  --------  ----------  --------------  -------------------
/opt/airflow/dags/ecommerce_etl_dag.py                           1           0  0.29s           2026-05-25T14:57:29
================================================================================
[2026-05-25T14:58:29.507+0000] {manager.py:878} INFO - 
================================================================================
DAG File Processing Stats

File Path                               PID    Runtime      # DAGs    # Errors  Last Runtime    Last Run
--------------------------------------  -----  ---------  --------  ----------  --------------  -------------------
/opt/airflow/dags/ecommerce_etl_dag.py                           1           0  0.22s           2026-05-25T14:58:00
================================================================================
[2026-05-25T14:58:59.885+0000] {manager.py:878} INFO - 
================================================================================
DAG File Processing Stats

File Path                               PID    Runtime      # DAGs    # Errors  Last Runtime    Last Run
--------------------------------------  -----  ---------  --------  ----------  --------------  -------------------
/opt/airflow/dags/ecommerce_etl_dag.py                           1           0  0.18s           2026-05-25T14:58:30
================================================================================
[2026-05-25T14:59:30.149+0000] {manager.py:878} INFO - 
================================================================================
DAG File Processing Stats

File Path                               PID    Runtime      # DAGs    # Errors  Last Runtime    Last Run
--------------------------------------  -----  ---------  --------  ----------  --------------  -------------------
/opt/airflow/dags/ecommerce_etl_dag.py                           1           0  0.22s           2026-05-25T14:59:01
================================================================================
[2026-05-25T15:00:00.343+0000] {manager.py:878} INFO - 
================================================================================
DAG File Processing Stats

File Path                               PID    Runtime      # DAGs    # Errors  Last Runtime    Last Run
--------------------------------------  -----  ---------  --------  ----------  --------------  -------------------
/opt/airflow/dags/ecommerce_etl_dag.py                           1           0  0.15s           2026-05-25T14:59:31
================================================================================
[2026-05-25T15:00:11.507+0000] {manager.py:737} INFO - Searching for files in /opt/airflow/dags
[2026-05-25T15:00:11.532+0000] {manager.py:740} INFO - There are 1 files in /opt/airflow/dags
[2026-05-25T15:00:30.643+0000] {manager.py:878} INFO - 
================================================================================
DAG File Processing Stats

File Path                               PID    Runtime      # DAGs    # Errors  Last Runtime    Last Run
--------------------------------------  -----  ---------  --------  ----------  --------------  -------------------
/opt/airflow/dags/ecommerce_etl_dag.py                           1           0  0.15s           2026-05-25T15:00:01
================================================================================
[2026-05-25T15:01:00.806+0000] {manager.py:878} INFO - 
================================================================================
DAG File Processing Stats

File Path                               PID    Runtime      # DAGs    # Errors  Last Runtime    Last Run
--------------------------------------  -----  ---------  --------  ----------  --------------  -------------------
/opt/airflow/dags/ecommerce_etl_dag.py                           1           0  0.14s           2026-05-25T15:00:31
================================================================================
[2026-05-25T15:01:31.187+0000] {manager.py:878} INFO - 
================================================================================
DAG File Processing Stats

File Path                               PID    Runtime      # DAGs    # Errors  Last Runtime    Last Run
--------------------------------------  -----  ---------  --------  ----------  --------------  -------------------
/opt/airflow/dags/ecommerce_etl_dag.py                           1           0  0.16s           2026-05-25T15:01:01
================================================================================
[2026-05-25T15:02:01.405+0000] {manager.py:878} INFO - 
================================================================================
DAG File Processing Stats

File Path                               PID    Runtime      # DAGs    # Errors  Last Runtime    Last Run
--------------------------------------  -----  ---------  --------  ----------  --------------  -------------------
/opt/airflow/dags/ecommerce_etl_dag.py                           1           0  0.17s           2026-05-25T15:01:32
================================================================================
[2026-05-25T15:02:31.779+0000] {manager.py:878} INFO - 
================================================================================
DAG File Processing Stats

File Path                               PID    Runtime      # DAGs    # Errors  Last Runtime    Last Run
--------------------------------------  -----  ---------  --------  ----------  --------------  -------------------
/opt/airflow/dags/ecommerce_etl_dag.py                           1           0  0.21s           2026-05-25T15:02:02
================================================================================
[2026-05-25T15:03:02.005+0000] {manager.py:878} INFO - 
================================================================================
DAG File Processing Stats

File Path                               PID    Runtime      # DAGs    # Errors  Last Runtime    Last Run
--------------------------------------  -----  ---------  --------  ----------  --------------  -------------------
/opt/airflow/dags/ecommerce_etl_dag.py                           1           0  0.22s           2026-05-25T15:02:33
================================================================================
[2026-05-25T15:03:32.432+0000] {manager.py:878} INFO - 
================================================================================
DAG File Processing Stats

File Path                               PID    Runtime      # DAGs    # Errors  Last Runtime    Last Run
--------------------------------------  -----  ---------  --------  ----------  --------------  -------------------
/opt/airflow/dags/ecommerce_etl_dag.py                           1           0  0.26s           2026-05-25T15:03:03
================================================================================
[2026-05-25T15:04:02.812+0000] {manager.py:878} INFO - 
================================================================================
DAG File Processing Stats

File Path                               PID    Runtime      # DAGs    # Errors  Last Runtime    Last Run
--------------------------------------  -----  ---------  --------  ----------  --------------  -------------------
/opt/airflow/dags/ecommerce_etl_dag.py                           1           0  0.20s           2026-05-25T15:03:33
================================================================================
[2026-05-25T15:04:33.171+0000] {manager.py:878} INFO - 
================================================================================
DAG File Processing Stats

File Path                               PID    Runtime      # DAGs    # Errors  Last Runtime    Last Run
--------------------------------------  -----  ---------  --------  ----------  --------------  -------------------
/opt/airflow/dags/ecommerce_etl_dag.py                           1           0  0.18s           2026-05-25T15:04:04
================================================================================
[2026-05-25T15:05:03.543+0000] {manager.py:878} INFO - 
================================================================================
DAG File Processing Stats

File Path                               PID    Runtime      # DAGs    # Errors  Last Runtime    Last Run
--------------------------------------  -----  ---------  --------  ----------  --------------  -------------------
/opt/airflow/dags/ecommerce_etl_dag.py                           1           0  0.20s           2026-05-25T15:04:34
================================================================================
[2026-05-25T15:05:11.617+0000] {manager.py:737} INFO - Searching for files in /opt/airflow/dags
[2026-05-25T15:05:11.647+0000] {manager.py:740} INFO - There are 1 files in /opt/airflow/dags
[2026-05-25T15:05:33.773+0000] {manager.py:878} INFO - 
================================================================================
DAG File Processing Stats

File Path                               PID    Runtime      # DAGs    # Errors  Last Runtime    Last Run
--------------------------------------  -----  ---------  --------  ----------  --------------  -------------------
/opt/airflow/dags/ecommerce_etl_dag.py                           1           0  0.19s           2026-05-25T15:05:04
================================================================================
[2026-05-25T15:06:04.048+0000] {manager.py:878} INFO - 
================================================================================
DAG File Processing Stats

File Path                               PID    Runtime      # DAGs    # Errors  Last Runtime    Last Run
--------------------------------------  -----  ---------  --------  ----------  --------------  -------------------
/opt/airflow/dags/ecommerce_etl_dag.py                           1           0  0.15s           2026-05-25T15:05:34
================================================================================
[2026-05-25T15:06:34.237+0000] {manager.py:878} INFO - 
================================================================================
DAG File Processing Stats

File Path                               PID    Runtime      # DAGs    # Errors  Last Runtime    Last Run
--------------------------------------  -----  ---------  --------  ----------  --------------  -------------------
/opt/airflow/dags/ecommerce_etl_dag.py                           1           0  0.16s           2026-05-25T15:06:05
================================================================================
[2026-05-25T15:07:04.495+0000] {manager.py:878} INFO - 
================================================================================
DAG File Processing Stats

File Path                               PID    Runtime      # DAGs    # Errors  Last Runtime    Last Run
--------------------------------------  -----  ---------  --------  ----------  --------------  -------------------
/opt/airflow/dags/ecommerce_etl_dag.py                           1           0  0.17s           2026-05-25T15:06:35
================================================================================
[2026-05-25T15:07:34.762+0000] {manager.py:878} INFO - 
================================================================================
DAG File Processing Stats

File Path                               PID    Runtime      # DAGs    # Errors  Last Runtime    Last Run
--------------------------------------  -----  ---------  --------  ----------  --------------  -------------------
/opt/airflow/dags/ecommerce_etl_dag.py                           1           0  0.16s           2026-05-25T15:07:05
================================================================================
[2026-05-25T15:08:04.946+0000] {manager.py:878} INFO - 
================================================================================
DAG File Processing Stats

File Path                               PID    Runtime      # DAGs    # Errors  Last Runtime    Last Run
--------------------------------------  -----  ---------  --------  ----------  --------------  -------------------
/opt/airflow/dags/ecommerce_etl_dag.py                           1           0  0.14s           2026-05-25T15:07:35
================================================================================
[2026-05-25T15:08:35.187+0000] {manager.py:878} INFO - 
================================================================================
DAG File Processing Stats

File Path                               PID    Runtime      # DAGs    # Errors  Last Runtime    Last Run
--------------------------------------  -----  ---------  --------  ----------  --------------  -------------------
/opt/airflow/dags/ecommerce_etl_dag.py                           1           0  0.15s           2026-05-25T15:08:06
================================================================================
[2026-05-25T15:09:05.405+0000] {manager.py:878} INFO - 
================================================================================
DAG File Processing Stats

File Path                               PID    Runtime      # DAGs    # Errors  Last Runtime    Last Run
--------------------------------------  -----  ---------  --------  ----------  --------------  -------------------
/opt/airflow/dags/ecommerce_etl_dag.py                           1           0  0.15s           2026-05-25T15:08:36
================================================================================
[2026-05-25T15:09:35.715+0000] {manager.py:878} INFO - 
================================================================================
DAG File Processing Stats

File Path                               PID    Runtime      # DAGs    # Errors  Last Runtime    Last Run
--------------------------------------  -----  ---------  --------  ----------  --------------  -------------------
/opt/airflow/dags/ecommerce_etl_dag.py                           1           0  0.16s           2026-05-25T15:09:06
================================================================================
[2026-05-25T15:10:05.902+0000] {manager.py:878} INFO - 
================================================================================
DAG File Processing Stats

File Path                               PID    Runtime      # DAGs    # Errors  Last Runtime    Last Run
--------------------------------------  -----  ---------  --------  ----------  --------------  -------------------
/opt/airflow/dags/ecommerce_etl_dag.py                           1           0  0.16s           2026-05-25T15:09:36
================================================================================
[2026-05-25T15:10:12.057+0000] {manager.py:737} INFO - Searching for files in /opt/airflow/dags
[2026-05-25T15:10:12.084+0000] {manager.py:740} INFO - There are 1 files in /opt/airflow/dags
[2026-05-25T15:10:36.219+0000] {manager.py:878} INFO - 
================================================================================
DAG File Processing Stats

File Path                               PID    Runtime      # DAGs    # Errors  Last Runtime    Last Run
--------------------------------------  -----  ---------  --------  ----------  --------------  -------------------
/opt/airflow/dags/ecommerce_etl_dag.py                           1           0  0.14s           2026-05-25T15:10:07
================================================================================
[2026-05-25T15:11:06.390+0000] {manager.py:878} INFO - 
================================================================================
DAG File Processing Stats

File Path                               PID    Runtime      # DAGs    # Errors  Last Runtime    Last Run
--------------------------------------  -----  ---------  --------  ----------  --------------  -------------------
/opt/airflow/dags/ecommerce_etl_dag.py                           1           0  0.16s           2026-05-25T15:10:37
================================================================================
[2026-05-25T15:11:36.719+0000] {manager.py:878} INFO - 
================================================================================
DAG File Processing Stats

File Path                               PID    Runtime      # DAGs    # Errors  Last Runtime    Last Run
--------------------------------------  -----  ---------  --------  ----------  --------------  -------------------
/opt/airflow/dags/ecommerce_etl_dag.py                           1           0  0.27s           2026-05-25T15:11:07
================================================================================
[2026-05-25T15:12:06.975+0000] {manager.py:878} INFO - 
================================================================================
DAG File Processing Stats

File Path                               PID    Runtime      # DAGs    # Errors  Last Runtime    Last Run
--------------------------------------  -----  ---------  --------  ----------  --------------  -------------------
/opt/airflow/dags/ecommerce_etl_dag.py                           1           0  0.17s           2026-05-25T15:11:37
================================================================================
[2026-05-25T15:12:37.285+0000] {manager.py:878} INFO - 
================================================================================
DAG File Processing Stats

File Path                               PID    Runtime      # DAGs    # Errors  Last Runtime    Last Run
--------------------------------------  -----  ---------  --------  ----------  --------------  -------------------
/opt/airflow/dags/ecommerce_etl_dag.py                           1           0  0.24s           2026-05-25T15:12:08
================================================================================
[2026-05-25T15:13:07.575+0000] {manager.py:878} INFO - 
================================================================================
DAG File Processing Stats

File Path                               PID    Runtime      # DAGs    # Errors  Last Runtime    Last Run
--------------------------------------  -----  ---------  --------  ----------  --------------  -------------------
/opt/airflow/dags/ecommerce_etl_dag.py                           1           0  0.17s           2026-05-25T15:12:38
================================================================================
[2026-05-25T15:13:37.831+0000] {manager.py:878} INFO - 
================================================================================
DAG File Processing Stats

File Path                               PID    Runtime      # DAGs    # Errors  Last Runtime    Last Run
--------------------------------------  -----  ---------  --------  ----------  --------------  -------------------
/opt/airflow/dags/ecommerce_etl_dag.py                           1           0  0.16s           2026-05-25T15:13:08
================================================================================
[2026-05-25T15:14:08.063+0000] {manager.py:878} INFO - 
================================================================================
DAG File Processing Stats

File Path                               PID    Runtime      # DAGs    # Errors  Last Runtime    Last Run
--------------------------------------  -----  ---------  --------  ----------  --------------  -------------------
/opt/airflow/dags/ecommerce_etl_dag.py                           1           0  0.15s           2026-05-25T15:13:38
================================================================================
[2026-05-25T15:14:38.230+0000] {manager.py:878} INFO - 
================================================================================
DAG File Processing Stats

File Path                               PID    Runtime      # DAGs    # Errors  Last Runtime    Last Run
--------------------------------------  -----  ---------  --------  ----------  --------------  -------------------
/opt/airflow/dags/ecommerce_etl_dag.py                           1           0  0.87s           2026-05-25T15:14:10
================================================================================
[2026-05-25T15:15:08.397+0000] {manager.py:878} INFO - 
================================================================================
DAG File Processing Stats

File Path                               PID    Runtime      # DAGs    # Errors  Last Runtime    Last Run
--------------------------------------  -----  ---------  --------  ----------  --------------  -------------------
/opt/airflow/dags/ecommerce_etl_dag.py                           1           0  0.16s           2026-05-25T15:14:40
================================================================================
[2026-05-25T15:15:12.553+0000] {manager.py:737} INFO - Searching for files in /opt/airflow/dags
[2026-05-25T15:15:12.578+0000] {manager.py:740} INFO - There are 1 files in /opt/airflow/dags
[2026-05-25T15:15:38.739+0000] {manager.py:878} INFO - 
================================================================================
DAG File Processing Stats

File Path                               PID    Runtime      # DAGs    # Errors  Last Runtime    Last Run
--------------------------------------  -----  ---------  --------  ----------  --------------  -------------------
/opt/airflow/dags/ecommerce_etl_dag.py                           1           0  0.20s           2026-05-25T15:15:10
================================================================================
[2026-05-25T15:16:09.019+0000] {manager.py:878} INFO - 
================================================================================
DAG File Processing Stats

File Path                               PID    Runtime      # DAGs    # Errors  Last Runtime    Last Run
--------------------------------------  -----  ---------  --------  ----------  --------------  -------------------
/opt/airflow/dags/ecommerce_etl_dag.py                           1           0  0.15s           2026-05-25T15:15:40
================================================================================
[2026-05-25T15:16:39.200+0000] {manager.py:878} INFO - 
================================================================================
DAG File Processing Stats

File Path                               PID    Runtime      # DAGs    # Errors  Last Runtime    Last Run
--------------------------------------  -----  ---------  --------  ----------  --------------  -------------------
/opt/airflow/dags/ecommerce_etl_dag.py                           1           0  0.16s           2026-05-25T15:16:11
================================================================================
[2026-05-25T15:17:09.464+0000] {manager.py:878} INFO - 
================================================================================
DAG File Processing Stats

File Path                               PID    Runtime      # DAGs    # Errors  Last Runtime    Last Run
--------------------------------------  -----  ---------  --------  ----------  --------------  -------------------
/opt/airflow/dags/ecommerce_etl_dag.py                           1           0  0.18s           2026-05-25T15:16:41
================================================================================
[2026-05-25T15:17:39.700+0000] {manager.py:878} INFO - 
================================================================================
DAG File Processing Stats

File Path                               PID    Runtime      # DAGs    # Errors  Last Runtime    Last Run
--------------------------------------  -----  ---------  --------  ----------  --------------  -------------------
/opt/airflow/dags/ecommerce_etl_dag.py                           1           0  0.15s           2026-05-25T15:17:11
================================================================================
[2026-05-25T15:18:09.977+0000] {manager.py:878} INFO - 
================================================================================
DAG File Processing Stats

File Path                               PID    Runtime      # DAGs    # Errors  Last Runtime    Last Run
--------------------------------------  -----  ---------  --------  ----------  --------------  -------------------
/opt/airflow/dags/ecommerce_etl_dag.py                           1           0  0.16s           2026-05-25T15:17:41
================================================================================
[2026-05-25T15:18:40.159+0000] {manager.py:878} INFO - 
================================================================================
DAG File Processing Stats

File Path                               PID    Runtime      # DAGs    # Errors  Last Runtime    Last Run
--------------------------------------  -----  ---------  --------  ----------  --------------  -------------------
/opt/airflow/dags/ecommerce_etl_dag.py                           1           0  0.16s           2026-05-25T15:18:12
================================================================================
[2026-05-25T15:19:10.416+0000] {manager.py:878} INFO - 
================================================================================
DAG File Processing Stats

File Path                               PID    Runtime      # DAGs    # Errors  Last Runtime    Last Run
--------------------------------------  -----  ---------  --------  ----------  --------------  -------------------
/opt/airflow/dags/ecommerce_etl_dag.py                           1           0  0.16s           2026-05-25T15:18:42
================================================================================
[2026-05-25T15:19:40.597+0000] {manager.py:878} INFO - 
================================================================================
DAG File Processing Stats

File Path                               PID    Runtime      # DAGs    # Errors  Last Runtime    Last Run
--------------------------------------  -----  ---------  --------  ----------  --------------  -------------------
/opt/airflow/dags/ecommerce_etl_dag.py                           1           0  0.15s           2026-05-25T15:19:12
================================================================================
[2026-05-25T15:20:10.864+0000] {manager.py:878} INFO - 
================================================================================
DAG File Processing Stats

File Path                               PID    Runtime      # DAGs    # Errors  Last Runtime    Last Run
--------------------------------------  -----  ---------  --------  ----------  --------------  -------------------
/opt/airflow/dags/ecommerce_etl_dag.py                           1           0  0.15s           2026-05-25T15:19:42
================================================================================
[2026-05-25T15:20:12.877+0000] {manager.py:737} INFO - Searching for files in /opt/airflow/dags
[2026-05-25T15:20:12.905+0000] {manager.py:740} INFO - There are 1 files in /opt/airflow/dags
[2026-05-25T15:20:41.093+0000] {manager.py:878} INFO - 
================================================================================
DAG File Processing Stats

File Path                               PID    Runtime      # DAGs    # Errors  Last Runtime    Last Run
--------------------------------------  -----  ---------  --------  ----------  --------------  -------------------
/opt/airflow/dags/ecommerce_etl_dag.py                           1           0  0.16s           2026-05-25T15:20:13
================================================================================
[2026-05-25T15:21:11.377+0000] {manager.py:878} INFO - 
================================================================================
DAG File Processing Stats

File Path                               PID    Runtime      # DAGs    # Errors  Last Runtime    Last Run
--------------------------------------  -----  ---------  --------  ----------  --------------  -------------------
/opt/airflow/dags/ecommerce_etl_dag.py                           1           0  0.15s           2026-05-25T15:20:43
================================================================================
[2026-05-25T15:21:41.537+0000] {manager.py:878} INFO - 
================================================================================
DAG File Processing Stats

File Path                               PID    Runtime      # DAGs    # Errors  Last Runtime    Last Run
--------------------------------------  -----  ---------  --------  ----------  --------------  -------------------
/opt/airflow/dags/ecommerce_etl_dag.py                           1           0  0.16s           2026-05-25T15:21:13
================================================================================
[2026-05-25T15:22:11.826+0000] {manager.py:878} INFO - 
================================================================================
DAG File Processing Stats

File Path                               PID    Runtime      # DAGs    # Errors  Last Runtime    Last Run
--------------------------------------  -----  ---------  --------  ----------  --------------  -------------------
/opt/airflow/dags/ecommerce_etl_dag.py                           1           0  0.17s           2026-05-25T15:21:43
================================================================================
[2026-05-25T15:22:42.174+0000] {manager.py:878} INFO - 
================================================================================
DAG File Processing Stats

File Path                               PID    Runtime      # DAGs    # Errors  Last Runtime    Last Run
--------------------------------------  -----  ---------  --------  ----------  --------------  -------------------
/opt/airflow/dags/ecommerce_etl_dag.py                           1           0  0.15s           2026-05-25T15:22:14
================================================================================
[2026-05-25T15:23:12.354+0000] {manager.py:878} INFO - 
================================================================================
DAG File Processing Stats

File Path                               PID    Runtime      # DAGs    # Errors  Last Runtime    Last Run
--------------------------------------  -----  ---------  --------  ----------  --------------  -------------------
/opt/airflow/dags/ecommerce_etl_dag.py                           1           0  0.15s           2026-05-25T15:22:44
================================================================================
[2026-05-25T15:23:42.604+0000] {manager.py:878} INFO - 
================================================================================
DAG File Processing Stats

File Path                               PID    Runtime      # DAGs    # Errors  Last Runtime    Last Run
--------------------------------------  -----  ---------  --------  ----------  --------------  -------------------
/opt/airflow/dags/ecommerce_etl_dag.py                           1           0  0.16s           2026-05-25T15:23:14
================================================================================
[2026-05-25T15:24:12.793+0000] {manager.py:878} INFO - 
================================================================================
DAG File Processing Stats

File Path                               PID    Runtime      # DAGs    # Errors  Last Runtime    Last Run
--------------------------------------  -----  ---------  --------  ----------  --------------  -------------------
/opt/airflow/dags/ecommerce_etl_dag.py                           1           0  0.16s           2026-05-25T15:23:44
================================================================================
[2026-05-25T15:24:43.109+0000] {manager.py:878} INFO - 
================================================================================
DAG File Processing Stats

File Path                               PID    Runtime      # DAGs    # Errors  Last Runtime    Last Run
--------------------------------------  -----  ---------  --------  ----------  --------------  -------------------
/opt/airflow/dags/ecommerce_etl_dag.py                           1           0  0.15s           2026-05-25T15:24:14
================================================================================
[2026-05-25T15:25:13.305+0000] {manager.py:737} INFO - Searching for files in /opt/airflow/dags
[2026-05-25T15:25:13.333+0000] {manager.py:740} INFO - There are 1 files in /opt/airflow/dags
[2026-05-25T15:25:13.345+0000] {manager.py:878} INFO - 
================================================================================
DAG File Processing Stats

File Path                               PID    Runtime      # DAGs    # Errors  Last Runtime    Last Run
--------------------------------------  -----  ---------  --------  ----------  --------------  -------------------
/opt/airflow/dags/ecommerce_etl_dag.py                           1           0  0.15s           2026-05-25T15:24:45
================================================================================
[2026-05-25T15:25:43.510+0000] {manager.py:878} INFO - 
================================================================================
DAG File Processing Stats

File Path                               PID    Runtime      # DAGs    # Errors  Last Runtime    Last Run
--------------------------------------  -----  ---------  --------  ----------  --------------  -------------------
/opt/airflow/dags/ecommerce_etl_dag.py                           1           0  0.15s           2026-05-25T15:25:15
================================================================================
[2026-05-25T15:26:13.776+0000] {manager.py:878} INFO - 
================================================================================
DAG File Processing Stats

File Path                               PID    Runtime      # DAGs    # Errors  Last Runtime    Last Run
--------------------------------------  -----  ---------  --------  ----------  --------------  -------------------
/opt/airflow/dags/ecommerce_etl_dag.py                           1           0  0.15s           2026-05-25T15:25:45
================================================================================
[2026-05-25T15:26:43.940+0000] {manager.py:878} INFO - 
================================================================================
DAG File Processing Stats

File Path                               PID    Runtime      # DAGs    # Errors  Last Runtime    Last Run
--------------------------------------  -----  ---------  --------  ----------  --------------  -------------------
/opt/airflow/dags/ecommerce_etl_dag.py                           1           0  0.15s           2026-05-25T15:26:15
================================================================================
[2026-05-25T15:27:14.227+0000] {manager.py:878} INFO - 
================================================================================
DAG File Processing Stats

File Path                               PID    Runtime      # DAGs    # Errors  Last Runtime    Last Run
--------------------------------------  -----  ---------  --------  ----------  --------------  -------------------
/opt/airflow/dags/ecommerce_etl_dag.py                           1           0  0.18s           2026-05-25T15:26:46
================================================================================
[2026-05-25T15:27:44.528+0000] {manager.py:878} INFO - 
================================================================================
DAG File Processing Stats

File Path                               PID    Runtime      # DAGs    # Errors  Last Runtime    Last Run
--------------------------------------  -----  ---------  --------  ----------  --------------  -------------------
/opt/airflow/dags/ecommerce_etl_dag.py                           1           0  0.16s           2026-05-25T15:27:16
================================================================================
[2026-05-25T15:28:14.711+0000] {manager.py:878} INFO - 
================================================================================
DAG File Processing Stats

File Path                               PID    Runtime      # DAGs    # Errors  Last Runtime    Last Run
--------------------------------------  -----  ---------  --------  ----------  --------------  -------------------
/opt/airflow/dags/ecommerce_etl_dag.py                           1           0  0.15s           2026-05-25T15:27:46
================================================================================
[2026-05-25T15:28:44.951+0000] {manager.py:878} INFO - 
================================================================================
DAG File Processing Stats

File Path                               PID    Runtime      # DAGs    # Errors  Last Runtime    Last Run
--------------------------------------  -----  ---------  --------  ----------  --------------  -------------------
/opt/airflow/dags/ecommerce_etl_dag.py                           1           0  0.16s           2026-05-25T15:28:16
================================================================================
[2026-05-25T15:29:15.150+0000] {manager.py:878} INFO - 
================================================================================
DAG File Processing Stats

File Path                               PID    Runtime      # DAGs    # Errors  Last Runtime    Last Run
--------------------------------------  -----  ---------  --------  ----------  --------------  -------------------
/opt/airflow/dags/ecommerce_etl_dag.py                           1           0  0.15s           2026-05-25T15:28:47
================================================================================
[2026-05-25T15:29:45.520+0000] {manager.py:878} INFO - 
================================================================================
DAG File Processing Stats

File Path                               PID    Runtime      # DAGs    # Errors  Last Runtime    Last Run
--------------------------------------  -----  ---------  --------  ----------  --------------  -------------------
/opt/airflow/dags/ecommerce_etl_dag.py                           1           0  0.18s           2026-05-25T15:29:17
================================================================================
[2026-05-25T15:30:13.705+0000] {manager.py:737} INFO - Searching for files in /opt/airflow/dags
[2026-05-25T15:30:13.735+0000] {manager.py:740} INFO - There are 1 files in /opt/airflow/dags
[2026-05-25T15:30:15.768+0000] {manager.py:878} INFO - 
================================================================================
DAG File Processing Stats

File Path                               PID    Runtime      # DAGs    # Errors  Last Runtime    Last Run
--------------------------------------  -----  ---------  --------  ----------  --------------  -------------------
/opt/airflow/dags/ecommerce_etl_dag.py                           1           0  0.21s           2026-05-25T15:29:47
================================================================================
[2026-05-25T15:30:46.125+0000] {manager.py:878} INFO - 
================================================================================
DAG File Processing Stats

File Path                               PID    Runtime      # DAGs    # Errors  Last Runtime    Last Run
--------------------------------------  -----  ---------  --------  ----------  --------------  -------------------
/opt/airflow/dags/ecommerce_etl_dag.py                           1           0  0.18s           2026-05-25T15:30:17
================================================================================
[2026-05-25T15:31:16.430+0000] {manager.py:878} INFO - 
================================================================================
DAG File Processing Stats

File Path                               PID    Runtime      # DAGs    # Errors  Last Runtime    Last Run
--------------------------------------  -----  ---------  --------  ----------  --------------  -------------------
/opt/airflow/dags/ecommerce_etl_dag.py                           1           0  0.16s           2026-05-25T15:30:48
================================================================================
[2026-05-25T15:31:46.752+0000] {manager.py:878} INFO - 
================================================================================
DAG File Processing Stats

File Path                               PID    Runtime      # DAGs    # Errors  Last Runtime    Last Run
--------------------------------------  -----  ---------  --------  ----------  --------------  -------------------
/opt/airflow/dags/ecommerce_etl_dag.py                           1           0  0.37s           2026-05-25T15:31:18
================================================================================
[2026-05-25T15:32:17.307+0000] {manager.py:878} INFO - 
================================================================================
DAG File Processing Stats

File Path                               PID    Runtime      # DAGs    # Errors  Last Runtime    Last Run
--------------------------------------  -----  ---------  --------  ----------  --------------  -------------------
/opt/airflow/dags/ecommerce_etl_dag.py                           1           0  0.17s           2026-05-25T15:31:49
================================================================================
[2026-05-25T15:32:47.589+0000] {manager.py:878} INFO - 
================================================================================
DAG File Processing Stats

File Path                               PID    Runtime      # DAGs    # Errors  Last Runtime    Last Run
--------------------------------------  -----  ---------  --------  ----------  --------------  -------------------
/opt/airflow/dags/ecommerce_etl_dag.py                           1           0  0.16s           2026-05-25T15:32:19
================================================================================
[2026-05-25T15:33:17.890+0000] {manager.py:878} INFO - 
================================================================================
DAG File Processing Stats

File Path                               PID    Runtime      # DAGs    # Errors  Last Runtime    Last Run
--------------------------------------  -----  ---------  --------  ----------  --------------  -------------------
/opt/airflow/dags/ecommerce_etl_dag.py                           1           0  0.19s           2026-05-25T15:32:49
================================================================================
[2026-05-25T15:33:48.166+0000] {manager.py:878} INFO - 
================================================================================
DAG File Processing Stats

File Path                               PID    Runtime      # DAGs    # Errors  Last Runtime    Last Run
--------------------------------------  -----  ---------  --------  ----------  --------------  -------------------
/opt/airflow/dags/ecommerce_etl_dag.py                           1           0  0.20s           2026-05-25T15:33:20
================================================================================
[2026-05-25T15:34:18.583+0000] {manager.py:878} INFO - 
================================================================================
DAG File Processing Stats

File Path                               PID    Runtime      # DAGs    # Errors  Last Runtime    Last Run
--------------------------------------  -----  ---------  --------  ----------  --------------  -------------------
/opt/airflow/dags/ecommerce_etl_dag.py                           1           0  0.20s           2026-05-25T15:33:50
================================================================================
[2026-05-25T15:34:48.841+0000] {manager.py:878} INFO - 
================================================================================
DAG File Processing Stats

File Path                               PID    Runtime      # DAGs    # Errors  Last Runtime    Last Run
--------------------------------------  -----  ---------  --------  ----------  --------------  -------------------
/opt/airflow/dags/ecommerce_etl_dag.py                           1           0  0.31s           2026-05-25T15:34:20
================================================================================
[2026-05-25T15:35:14.233+0000] {manager.py:737} INFO - Searching for files in /opt/airflow/dags
[2026-05-25T15:35:14.265+0000] {manager.py:740} INFO - There are 1 files in /opt/airflow/dags
[2026-05-25T15:35:19.306+0000] {manager.py:878} INFO - 
================================================================================
DAG File Processing Stats

File Path                               PID    Runtime      # DAGs    # Errors  Last Runtime    Last Run
--------------------------------------  -----  ---------  --------  ----------  --------------  -------------------
/opt/airflow/dags/ecommerce_etl_dag.py                           1           0  0.14s           2026-05-25T15:34:51
================================================================================
[2026-05-25T15:35:49.548+0000] {manager.py:878} INFO - 
================================================================================
DAG File Processing Stats

File Path                               PID    Runtime      # DAGs    # Errors  Last Runtime    Last Run
--------------------------------------  -----  ---------  --------  ----------  --------------  -------------------
/opt/airflow/dags/ecommerce_etl_dag.py                           1           0  0.15s           2026-05-25T15:35:21
================================================================================
[2026-05-25T15:36:19.903+0000] {manager.py:878} INFO - 
================================================================================
DAG File Processing Stats

File Path                               PID    Runtime      # DAGs    # Errors  Last Runtime    Last Run
--------------------------------------  -----  ---------  --------  ----------  --------------  -------------------
/opt/airflow/dags/ecommerce_etl_dag.py                           1           0  0.36s           2026-05-25T15:35:51
================================================================================
[2026-05-25T15:36:50.323+0000] {manager.py:878} INFO - 
================================================================================
DAG File Processing Stats

File Path                               PID    Runtime      # DAGs    # Errors  Last Runtime    Last Run
--------------------------------------  -----  ---------  --------  ----------  --------------  -------------------
/opt/airflow/dags/ecommerce_etl_dag.py                           1           0  0.19s           2026-05-25T15:36:22
================================================================================
[2026-05-25T15:37:20.673+0000] {manager.py:878} INFO - 
================================================================================
DAG File Processing Stats

File Path                               PID    Runtime      # DAGs    # Errors  Last Runtime    Last Run
--------------------------------------  -----  ---------  --------  ----------  --------------  -------------------
/opt/airflow/dags/ecommerce_etl_dag.py                           1           0  0.17s           2026-05-25T15:36:52
================================================================================
[2026-05-25T15:37:51.055+0000] {manager.py:878} INFO - 
================================================================================
DAG File Processing Stats

File Path                               PID    Runtime      # DAGs    # Errors  Last Runtime    Last Run
--------------------------------------  -----  ---------  --------  ----------  --------------  -------------------
/opt/airflow/dags/ecommerce_etl_dag.py                           1           0  0.15s           2026-05-25T15:37:23
================================================================================
[2026-05-25T15:38:21.352+0000] {manager.py:878} INFO - 
================================================================================
DAG File Processing Stats

File Path                               PID    Runtime      # DAGs    # Errors  Last Runtime    Last Run
--------------------------------------  -----  ---------  --------  ----------  --------------  -------------------
/opt/airflow/dags/ecommerce_etl_dag.py                           1           0  0.16s           2026-05-25T15:37:53
================================================================================
[2026-05-25T15:38:51.524+0000] {manager.py:878} INFO - 
================================================================================
DAG File Processing Stats

File Path                               PID    Runtime      # DAGs    # Errors  Last Runtime    Last Run
--------------------------------------  -----  ---------  --------  ----------  --------------  -------------------
/opt/airflow/dags/ecommerce_etl_dag.py                           1           0  0.16s           2026-05-25T15:38:23
================================================================================
[2026-05-25T15:39:21.819+0000] {manager.py:878} INFO - 
================================================================================
DAG File Processing Stats

File Path                               PID    Runtime      # DAGs    # Errors  Last Runtime    Last Run
--------------------------------------  -----  ---------  --------  ----------  --------------  -------------------
/opt/airflow/dags/ecommerce_etl_dag.py                           1           0  0.16s           2026-05-25T15:38:53
================================================================================
[2026-05-25T15:39:52.041+0000] {manager.py:878} INFO - 
================================================================================
DAG File Processing Stats

File Path                               PID    Runtime      # DAGs    # Errors  Last Runtime    Last Run
--------------------------------------  -----  ---------  --------  ----------  --------------  -------------------
/opt/airflow/dags/ecommerce_etl_dag.py                           1           0  0.17s           2026-05-25T15:39:24
================================================================================
[2026-05-25T15:40:14.277+0000] {manager.py:737} INFO - Searching for files in /opt/airflow/dags
[2026-05-25T15:40:14.304+0000] {manager.py:740} INFO - There are 1 files in /opt/airflow/dags
[2026-05-25T15:40:22.362+0000] {manager.py:878} INFO - 
================================================================================
DAG File Processing Stats

File Path                               PID    Runtime      # DAGs    # Errors  Last Runtime    Last Run
--------------------------------------  -----  ---------  --------  ----------  --------------  -------------------
/opt/airflow/dags/ecommerce_etl_dag.py                           1           0  0.17s           2026-05-25T15:39:54
================================================================================
[2026-05-25T15:40:52.539+0000] {manager.py:878} INFO - 
================================================================================
DAG File Processing Stats

File Path                               PID    Runtime      # DAGs    # Errors  Last Runtime    Last Run
--------------------------------------  -----  ---------  --------  ----------  --------------  -------------------
/opt/airflow/dags/ecommerce_etl_dag.py                           1           0  0.16s           2026-05-25T15:40:24
================================================================================
[2026-05-25T15:41:22.816+0000] {manager.py:878} INFO - 
================================================================================
DAG File Processing Stats

File Path                               PID    Runtime      # DAGs    # Errors  Last Runtime    Last Run
--------------------------------------  -----  ---------  --------  ----------  --------------  -------------------
/opt/airflow/dags/ecommerce_etl_dag.py                           1           0  0.16s           2026-05-25T15:40:54
================================================================================
[2026-05-25T15:41:53.023+0000] {manager.py:878} INFO - 
================================================================================
DAG File Processing Stats

File Path                               PID    Runtime      # DAGs    # Errors  Last Runtime    Last Run
--------------------------------------  -----  ---------  --------  ----------  --------------  -------------------
/opt/airflow/dags/ecommerce_etl_dag.py                           1           0  0.18s           2026-05-25T15:41:25
================================================================================
[2026-05-25T15:42:23.339+0000] {manager.py:878} INFO - 
================================================================================
DAG File Processing Stats

File Path                               PID    Runtime      # DAGs    # Errors  Last Runtime    Last Run
--------------------------------------  -----  ---------  --------  ----------  --------------  -------------------
/opt/airflow/dags/ecommerce_etl_dag.py                           1           0  0.15s           2026-05-25T15:41:55
================================================================================
[2026-05-25T15:42:53.510+0000] {manager.py:878} INFO - 
================================================================================
DAG File Processing Stats

File Path                               PID    Runtime      # DAGs    # Errors  Last Runtime    Last Run
--------------------------------------  -----  ---------  --------  ----------  --------------  -------------------
/opt/airflow/dags/ecommerce_etl_dag.py                           1           0  0.15s           2026-05-25T15:42:25
================================================================================
[2026-05-25T15:43:23.781+0000] {manager.py:878} INFO - 
================================================================================
DAG File Processing Stats

File Path                               PID    Runtime      # DAGs    # Errors  Last Runtime    Last Run
--------------------------------------  -----  ---------  --------  ----------  --------------  -------------------
/opt/airflow/dags/ecommerce_etl_dag.py                           1           0  0.14s           2026-05-25T15:42:55
================================================================================
[2026-05-25T15:43:53.961+0000] {manager.py:878} INFO - 
================================================================================
DAG File Processing Stats

File Path                               PID    Runtime      # DAGs    # Errors  Last Runtime    Last Run
--------------------------------------  -----  ---------  --------  ----------  --------------  -------------------
/opt/airflow/dags/ecommerce_etl_dag.py                           1           0  0.15s           2026-05-25T15:43:25
================================================================================
[2026-05-25T15:44:24.354+0000] {manager.py:878} INFO - 
================================================================================
DAG File Processing Stats

File Path                               PID    Runtime      # DAGs    # Errors  Last Runtime    Last Run
--------------------------------------  -----  ---------  --------  ----------  --------------  -------------------
/opt/airflow/dags/ecommerce_etl_dag.py                           1           0  0.15s           2026-05-25T15:43:56
================================================================================
[2026-05-25T15:44:54.546+0000] {manager.py:878} INFO - 
================================================================================
DAG File Processing Stats

File Path                               PID    Runtime      # DAGs    # Errors  Last Runtime    Last Run
--------------------------------------  -----  ---------  --------  ----------  --------------  -------------------
/opt/airflow/dags/ecommerce_etl_dag.py                           1           0  0.16s           2026-05-25T15:44:26
================================================================================
[2026-05-25T15:45:14.784+0000] {manager.py:737} INFO - Searching for files in /opt/airflow/dags
[2026-05-25T15:45:14.825+0000] {manager.py:740} INFO - There are 1 files in /opt/airflow/dags
[2026-05-25T15:45:24.900+0000] {manager.py:878} INFO - 
================================================================================
DAG File Processing Stats

File Path                               PID    Runtime      # DAGs    # Errors  Last Runtime    Last Run
--------------------------------------  -----  ---------  --------  ----------  --------------  -------------------
/opt/airflow/dags/ecommerce_etl_dag.py                           1           0  0.17s           2026-05-25T15:44:56
================================================================================
[2026-05-25T15:45:55.082+0000] {manager.py:878} INFO - 
================================================================================
DAG File Processing Stats

File Path                               PID    Runtime      # DAGs    # Errors  Last Runtime    Last Run
--------------------------------------  -----  ---------  --------  ----------  --------------  -------------------
/opt/airflow/dags/ecommerce_etl_dag.py                           1           0  0.17s           2026-05-25T15:45:27
================================================================================
[2026-05-25T15:46:25.444+0000] {manager.py:878} INFO - 
================================================================================
DAG File Processing Stats

File Path                               PID    Runtime      # DAGs    # Errors  Last Runtime    Last Run
--------------------------------------  -----  ---------  --------  ----------  --------------  -------------------
/opt/airflow/dags/ecommerce_etl_dag.py                           1           0  0.19s           2026-05-25T15:45:57
================================================================================
[2026-05-25T15:46:55.802+0000] {manager.py:878} INFO - 
================================================================================
DAG File Processing Stats

File Path                               PID    Runtime      # DAGs    # Errors  Last Runtime    Last Run
--------------------------------------  -----  ---------  --------  ----------  --------------  -------------------
/opt/airflow/dags/ecommerce_etl_dag.py                           1           0  0.17s           2026-05-25T15:46:27
================================================================================
[2026-05-25T15:47:26.128+0000] {manager.py:878} INFO - 
================================================================================
DAG File Processing Stats

File Path                               PID    Runtime      # DAGs    # Errors  Last Runtime    Last Run
--------------------------------------  -----  ---------  --------  ----------  --------------  -------------------
/opt/airflow/dags/ecommerce_etl_dag.py                           1           0  0.17s           2026-05-25T15:46:58
================================================================================
[2026-05-25T15:47:56.496+0000] {manager.py:878} INFO - 
================================================================================
DAG File Processing Stats

File Path                               PID    Runtime      # DAGs    # Errors  Last Runtime    Last Run
--------------------------------------  -----  ---------  --------  ----------  --------------  -------------------
/opt/airflow/dags/ecommerce_etl_dag.py                           1           0  0.21s           2026-05-25T15:47:28
================================================================================
[2026-05-25T15:48:26.787+0000] {manager.py:878} INFO - 
================================================================================
DAG File Processing Stats

File Path                               PID    Runtime      # DAGs    # Errors  Last Runtime    Last Run
--------------------------------------  -----  ---------  --------  ----------  --------------  -------------------
/opt/airflow/dags/ecommerce_etl_dag.py                           1           0  0.16s           2026-05-25T15:47:58
================================================================================
[2026-05-25T15:48:57.009+0000] {manager.py:878} INFO - 
================================================================================
DAG File Processing Stats

File Path                               PID    Runtime      # DAGs    # Errors  Last Runtime    Last Run
--------------------------------------  -----  ---------  --------  ----------  --------------  -------------------
/opt/airflow/dags/ecommerce_etl_dag.py                           1           0  0.20s           2026-05-25T15:48:29
================================================================================
[2026-05-25T15:49:27.517+0000] {manager.py:878} INFO - 
================================================================================
DAG File Processing Stats

File Path                               PID    Runtime      # DAGs    # Errors  Last Runtime    Last Run
--------------------------------------  -----  ---------  --------  ----------  --------------  -------------------
/opt/airflow/dags/ecommerce_etl_dag.py                           1           0  0.21s           2026-05-25T15:48:59
================================================================================
[2026-05-25T15:49:57.730+0000] {manager.py:878} INFO - 
================================================================================
DAG File Processing Stats

File Path                               PID    Runtime      # DAGs    # Errors  Last Runtime    Last Run
--------------------------------------  -----  ---------  --------  ----------  --------------  -------------------
/opt/airflow/dags/ecommerce_etl_dag.py                           1           0  0.29s           2026-05-25T15:49:29
================================================================================
[2026-05-25T15:50:15.086+0000] {manager.py:737} INFO - Searching for files in /opt/airflow/dags
[2026-05-25T15:50:15.116+0000] {manager.py:740} INFO - There are 1 files in /opt/airflow/dags
[2026-05-25T15:50:28.206+0000] {manager.py:878} INFO - 
================================================================================
DAG File Processing Stats

File Path                               PID    Runtime      # DAGs    # Errors  Last Runtime    Last Run
--------------------------------------  -----  ---------  --------  ----------  --------------  -------------------
/opt/airflow/dags/ecommerce_etl_dag.py                           1           0  0.19s           2026-05-25T15:50:00
================================================================================
[2026-05-25T15:50:58.525+0000] {manager.py:878} INFO - 
================================================================================
DAG File Processing Stats

File Path                               PID    Runtime      # DAGs    # Errors  Last Runtime    Last Run
--------------------------------------  -----  ---------  --------  ----------  --------------  -------------------
/opt/airflow/dags/ecommerce_etl_dag.py                           1           0  0.18s           2026-05-25T15:50:30
================================================================================
[2026-05-25T15:51:28.745+0000] {manager.py:878} INFO - 
================================================================================
DAG File Processing Stats

File Path                               PID    Runtime      # DAGs    # Errors  Last Runtime    Last Run
--------------------------------------  -----  ---------  --------  ----------  --------------  -------------------
/opt/airflow/dags/ecommerce_etl_dag.py                           1           0  0.15s           2026-05-25T15:51:00
================================================================================
[2026-05-25T15:51:59.014+0000] {manager.py:878} INFO - 
================================================================================
DAG File Processing Stats

File Path                               PID    Runtime      # DAGs    # Errors  Last Runtime    Last Run
--------------------------------------  -----  ---------  --------  ----------  --------------  -------------------
/opt/airflow/dags/ecommerce_etl_dag.py                           1           0  0.17s           2026-05-25T15:51:30
================================================================================
[2026-05-25T15:52:29.212+0000] {manager.py:878} INFO - 
================================================================================
DAG File Processing Stats

File Path                               PID    Runtime      # DAGs    # Errors  Last Runtime    Last Run
--------------------------------------  -----  ---------  --------  ----------  --------------  -------------------
/opt/airflow/dags/ecommerce_etl_dag.py                           1           0  0.16s           2026-05-25T15:52:01
================================================================================
[2026-05-25T15:52:59.547+0000] {manager.py:878} INFO - 
================================================================================
DAG File Processing Stats

File Path                               PID    Runtime      # DAGs    # Errors  Last Runtime    Last Run
--------------------------------------  -----  ---------  --------  ----------  --------------  -------------------
/opt/airflow/dags/ecommerce_etl_dag.py                           1           0  0.28s           2026-05-25T15:52:31
================================================================================
[2026-05-25T15:53:29.883+0000] {manager.py:878} INFO - 
================================================================================
DAG File Processing Stats

File Path                               PID    Runtime      # DAGs    # Errors  Last Runtime    Last Run
--------------------------------------  -----  ---------  --------  ----------  --------------  -------------------
/opt/airflow/dags/ecommerce_etl_dag.py                           1           0  0.37s           2026-05-25T15:53:02
================================================================================
[2026-05-25T15:54:00.332+0000] {manager.py:878} INFO - 
================================================================================
DAG File Processing Stats

File Path                               PID    Runtime      # DAGs    # Errors  Last Runtime    Last Run
--------------------------------------  -----  ---------  --------  ----------  --------------  -------------------
/opt/airflow/dags/ecommerce_etl_dag.py                           1           0  0.16s           2026-05-25T15:53:32
================================================================================
[2026-05-25T15:54:30.682+0000] {manager.py:878} INFO - 
================================================================================
DAG File Processing Stats

File Path                               PID    Runtime      # DAGs    # Errors  Last Runtime    Last Run
--------------------------------------  -----  ---------  --------  ----------  --------------  -------------------
/opt/airflow/dags/ecommerce_etl_dag.py                           1           0  0.16s           2026-05-25T15:54:02
================================================================================
[2026-05-25T15:55:00.896+0000] {manager.py:878} INFO - 
================================================================================
DAG File Processing Stats

File Path                               PID    Runtime      # DAGs    # Errors  Last Runtime    Last Run
--------------------------------------  -----  ---------  --------  ----------  --------------  -------------------
/opt/airflow/dags/ecommerce_etl_dag.py                           1           0  0.17s           2026-05-25T15:54:32
================================================================================
[2026-05-25T15:55:15.104+0000] {manager.py:737} INFO - Searching for files in /opt/airflow/dags
[2026-05-25T15:55:15.142+0000] {manager.py:740} INFO - There are 1 files in /opt/airflow/dags
[2026-05-25T15:55:31.259+0000] {manager.py:878} INFO - 
================================================================================
DAG File Processing Stats

File Path                               PID    Runtime      # DAGs    # Errors  Last Runtime    Last Run
--------------------------------------  -----  ---------  --------  ----------  --------------  -------------------
/opt/airflow/dags/ecommerce_etl_dag.py                           1           0  0.18s           2026-05-25T15:55:03
================================================================================
[2026-05-25T15:56:01.464+0000] {manager.py:878} INFO - 
================================================================================
DAG File Processing Stats

File Path                               PID    Runtime      # DAGs    # Errors  Last Runtime    Last Run
--------------------------------------  -----  ---------  --------  ----------  --------------  -------------------
/opt/airflow/dags/ecommerce_etl_dag.py                           1           0  0.15s           2026-05-25T15:55:33
================================================================================
[2026-05-25T15:56:31.811+0000] {manager.py:878} INFO - 
================================================================================
DAG File Processing Stats

File Path                               PID    Runtime      # DAGs    # Errors  Last Runtime    Last Run
--------------------------------------  -----  ---------  --------  ----------  --------------  -------------------
/opt/airflow/dags/ecommerce_etl_dag.py                           1           0  0.15s           2026-05-25T15:56:03
================================================================================
[2026-05-25T15:57:02.187+0000] {manager.py:878} INFO - 
================================================================================
DAG File Processing Stats

File Path                               PID    Runtime      # DAGs    # Errors  Last Runtime    Last Run
--------------------------------------  -----  ---------  --------  ----------  --------------  -------------------
/opt/airflow/dags/ecommerce_etl_dag.py                           1           0  0.15s           2026-05-25T15:56:33
================================================================================
[2026-05-25T15:57:32.420+0000] {manager.py:878} INFO - 
================================================================================
DAG File Processing Stats

File Path                               PID    Runtime      # DAGs    # Errors  Last Runtime    Last Run
--------------------------------------  -----  ---------  --------  ----------  --------------  -------------------
/opt/airflow/dags/ecommerce_etl_dag.py                           1           0  0.24s           2026-05-25T15:57:04
================================================================================
[2026-05-25T15:58:02.841+0000] {manager.py:878} INFO - 
================================================================================
DAG File Processing Stats

File Path                               PID    Runtime      # DAGs    # Errors  Last Runtime    Last Run
--------------------------------------  -----  ---------  --------  ----------  --------------  -------------------
/opt/airflow/dags/ecommerce_etl_dag.py                           1           0  0.22s           2026-05-25T15:57:34
================================================================================
[2026-05-25T15:58:33.230+0000] {manager.py:878} INFO - 
================================================================================
DAG File Processing Stats

File Path                               PID    Runtime      # DAGs    # Errors  Last Runtime    Last Run
--------------------------------------  -----  ---------  --------  ----------  --------------  -------------------
/opt/airflow/dags/ecommerce_etl_dag.py                           1           0  0.15s           2026-05-25T15:58:05
================================================================================
[2026-05-25T15:59:03.547+0000] {manager.py:878} INFO - 
================================================================================
DAG File Processing Stats

File Path                               PID    Runtime      # DAGs    # Errors  Last Runtime    Last Run
--------------------------------------  -----  ---------  --------  ----------  --------------  -------------------
/opt/airflow/dags/ecommerce_etl_dag.py                           1           0  0.16s           2026-05-25T15:58:35
================================================================================
[2026-05-25T15:59:33.790+0000] {manager.py:878} INFO - 
================================================================================
DAG File Processing Stats

File Path                               PID    Runtime      # DAGs    # Errors  Last Runtime    Last Run
--------------------------------------  -----  ---------  --------  ----------  --------------  -------------------
/opt/airflow/dags/ecommerce_etl_dag.py                           1           0  0.27s           2026-05-25T15:59:05
================================================================================
[2026-05-25T16:00:04.217+0000] {manager.py:878} INFO - 
================================================================================
DAG File Processing Stats

File Path                               PID    Runtime      # DAGs    # Errors  Last Runtime    Last Run
--------------------------------------  -----  ---------  --------  ----------  --------------  -------------------
/opt/airflow/dags/ecommerce_etl_dag.py                           1           0  0.22s           2026-05-25T15:59:36
================================================================================
[2026-05-25T16:00:15.518+0000] {manager.py:737} INFO - Searching for files in /opt/airflow/dags
[2026-05-25T16:00:15.857+0000] {manager.py:740} INFO - There are 1 files in /opt/airflow/dags
[2026-05-25T16:00:35.014+0000] {manager.py:878} INFO - 
================================================================================
DAG File Processing Stats

File Path                               PID    Runtime      # DAGs    # Errors  Last Runtime    Last Run
--------------------------------------  -----  ---------  --------  ----------  --------------  -------------------
/opt/airflow/dags/ecommerce_etl_dag.py                           1           0  0.27s           2026-05-25T16:00:06
================================================================================
[2026-05-25T16:01:05.233+0000] {manager.py:878} INFO - 
================================================================================
DAG File Processing Stats

File Path                               PID    Runtime      # DAGs    # Errors  Last Runtime    Last Run
--------------------------------------  -----  ---------  --------  ----------  --------------  -------------------
/opt/airflow/dags/ecommerce_etl_dag.py                           1           0  0.24s           2026-05-25T16:00:37
================================================================================
[2026-05-25T16:01:35.579+0000] {manager.py:878} INFO - 
================================================================================
DAG File Processing Stats

File Path                               PID    Runtime      # DAGs    # Errors  Last Runtime    Last Run
--------------------------------------  -----  ---------  --------  ----------  --------------  -------------------
/opt/airflow/dags/ecommerce_etl_dag.py                           1           0  0.19s           2026-05-25T16:01:07
================================================================================
[2026-05-25T16:02:05.945+0000] {manager.py:878} INFO - 
================================================================================
DAG File Processing Stats

File Path                               PID    Runtime      # DAGs    # Errors  Last Runtime    Last Run
--------------------------------------  -----  ---------  --------  ----------  --------------  -------------------
/opt/airflow/dags/ecommerce_etl_dag.py                           1           0  0.17s           2026-05-25T16:01:37
================================================================================
[2026-05-25T16:02:36.279+0000] {manager.py:878} INFO - 
================================================================================
DAG File Processing Stats

File Path                               PID    Runtime      # DAGs    # Errors  Last Runtime    Last Run
--------------------------------------  -----  ---------  --------  ----------  --------------  -------------------
/opt/airflow/dags/ecommerce_etl_dag.py                           1           0  0.19s           2026-05-25T16:02:08
================================================================================
[2026-05-25T16:03:06.494+0000] {manager.py:878} INFO - 
================================================================================
DAG File Processing Stats

File Path                               PID    Runtime      # DAGs    # Errors  Last Runtime    Last Run
--------------------------------------  -----  ---------  --------  ----------  --------------  -------------------
/opt/airflow/dags/ecommerce_etl_dag.py                           1           0  0.16s           2026-05-25T16:02:38
================================================================================
[2026-05-25T16:03:36.736+0000] {manager.py:878} INFO - 
================================================================================
DAG File Processing Stats

File Path                               PID    Runtime      # DAGs    # Errors  Last Runtime    Last Run
--------------------------------------  -----  ---------  --------  ----------  --------------  -------------------
/opt/airflow/dags/ecommerce_etl_dag.py                           1           0  0.16s           2026-05-25T16:03:08
================================================================================
[2026-05-25T16:04:06.971+0000] {manager.py:878} INFO - 
================================================================================
DAG File Processing Stats

File Path                               PID    Runtime      # DAGs    # Errors  Last Runtime    Last Run
--------------------------------------  -----  ---------  --------  ----------  --------------  -------------------
/opt/airflow/dags/ecommerce_etl_dag.py                           1           0  0.16s           2026-05-25T16:03:38
================================================================================
[2026-05-25T16:04:37.332+0000] {manager.py:878} INFO - 
================================================================================
DAG File Processing Stats

File Path                               PID    Runtime      # DAGs    # Errors  Last Runtime    Last Run
--------------------------------------  -----  ---------  --------  ----------  --------------  -------------------
/opt/airflow/dags/ecommerce_etl_dag.py                           1           0  0.16s           2026-05-25T16:04:09
================================================================================
[2026-05-25T16:05:07.558+0000] {manager.py:878} INFO - 
================================================================================
DAG File Processing Stats

File Path                               PID    Runtime      # DAGs    # Errors  Last Runtime    Last Run
--------------------------------------  -----  ---------  --------  ----------  --------------  -------------------
/opt/airflow/dags/ecommerce_etl_dag.py                           1           0  0.17s           2026-05-25T16:04:39
================================================================================
[2026-05-25T16:05:15.709+0000] {manager.py:737} INFO - Searching for files in /opt/airflow/dags
[2026-05-25T16:05:15.738+0000] {manager.py:740} INFO - There are 1 files in /opt/airflow/dags
[2026-05-25T16:05:37.872+0000] {manager.py:878} INFO - 
================================================================================
DAG File Processing Stats

File Path                               PID    Runtime      # DAGs    # Errors  Last Runtime    Last Run
--------------------------------------  -----  ---------  --------  ----------  --------------  -------------------
/opt/airflow/dags/ecommerce_etl_dag.py                           1           0  0.17s           2026-05-25T16:05:09
================================================================================
[2026-05-25T16:06:08.071+0000] {manager.py:878} INFO - 
================================================================================
DAG File Processing Stats

File Path                               PID    Runtime      # DAGs    # Errors  Last Runtime    Last Run
--------------------------------------  -----  ---------  --------  ----------  --------------  -------------------
/opt/airflow/dags/ecommerce_etl_dag.py                           1           0  0.18s           2026-05-25T16:05:40
================================================================================
[2026-05-25T16:06:38.481+0000] {manager.py:878} INFO - 
================================================================================
DAG File Processing Stats

File Path                               PID    Runtime      # DAGs    # Errors  Last Runtime    Last Run
--------------------------------------  -----  ---------  --------  ----------  --------------  -------------------
/opt/airflow/dags/ecommerce_etl_dag.py                           1           0  0.26s           2026-05-25T16:06:10
================================================================================
[2026-05-25T16:07:08.714+0000] {manager.py:878} INFO - 
================================================================================
DAG File Processing Stats

File Path                               PID    Runtime      # DAGs    # Errors  Last Runtime    Last Run
--------------------------------------  -----  ---------  --------  ----------  --------------  -------------------
/opt/airflow/dags/ecommerce_etl_dag.py                           1           0  0.27s           2026-05-25T16:06:40
================================================================================
[2026-05-25T16:07:39.102+0000] {manager.py:878} INFO - 
================================================================================
DAG File Processing Stats

File Path                               PID    Runtime      # DAGs    # Errors  Last Runtime    Last Run
--------------------------------------  -----  ---------  --------  ----------  --------------  -------------------
/opt/airflow/dags/ecommerce_etl_dag.py                           1           0  0.19s           2026-05-25T16:07:11
================================================================================
[2026-05-25T16:08:09.499+0000] {manager.py:878} INFO - 
================================================================================
DAG File Processing Stats

File Path                               PID    Runtime      # DAGs    # Errors  Last Runtime    Last Run
--------------------------------------  -----  ---------  --------  ----------  --------------  -------------------
/opt/airflow/dags/ecommerce_etl_dag.py                           1           0  0.19s           2026-05-25T16:07:41
================================================================================
[2026-05-25T16:08:39.820+0000] {manager.py:878} INFO - 
================================================================================
DAG File Processing Stats

File Path                               PID    Runtime      # DAGs    # Errors  Last Runtime    Last Run
--------------------------------------  -----  ---------  --------  ----------  --------------  -------------------
/opt/airflow/dags/ecommerce_etl_dag.py                           1           0  0.33s           2026-05-25T16:08:11
================================================================================
[2026-05-25T16:09:10.223+0000] {manager.py:878} INFO - 
================================================================================
DAG File Processing Stats

File Path                               PID    Runtime      # DAGs    # Errors  Last Runtime    Last Run
--------------------------------------  -----  ---------  --------  ----------  --------------  -------------------
/opt/airflow/dags/ecommerce_etl_dag.py                           1           0  0.33s           2026-05-25T16:08:42
================================================================================
[2026-05-25T16:09:40.911+0000] {manager.py:878} INFO - 
================================================================================
DAG File Processing Stats

File Path                               PID    Runtime      # DAGs    # Errors  Last Runtime    Last Run
--------------------------------------  -----  ---------  --------  ----------  --------------  -------------------
/opt/airflow/dags/ecommerce_etl_dag.py                           1           0  0.35s           2026-05-25T16:09:13
================================================================================
[2026-05-25T16:10:11.464+0000] {manager.py:878} INFO - 
================================================================================
DAG File Processing Stats

File Path                               PID    Runtime      # DAGs    # Errors  Last Runtime    Last Run
--------------------------------------  -----  ---------  --------  ----------  --------------  -------------------
/opt/airflow/dags/ecommerce_etl_dag.py                           1           0  0.17s           2026-05-25T16:09:43
================================================================================
[2026-05-25T16:10:16.654+0000] {manager.py:737} INFO - Searching for files in /opt/airflow/dags
[2026-05-25T16:10:16.717+0000] {manager.py:740} INFO - There are 1 files in /opt/airflow/dags
[2026-05-25T16:10:41.888+0000] {manager.py:878} INFO - 
================================================================================
DAG File Processing Stats

File Path                               PID    Runtime      # DAGs    # Errors  Last Runtime    Last Run
--------------------------------------  -----  ---------  --------  ----------  --------------  -------------------
/opt/airflow/dags/ecommerce_etl_dag.py                           1           0  0.18s           2026-05-25T16:10:13
================================================================================
[2026-05-25T16:11:12.059+0000] {manager.py:878} INFO - 
================================================================================
DAG File Processing Stats

File Path                               PID    Runtime      # DAGs    # Errors  Last Runtime    Last Run
--------------------------------------  -----  ---------  --------  ----------  --------------  -------------------
/opt/airflow/dags/ecommerce_etl_dag.py                           1           0  0.16s           2026-05-25T16:10:44
================================================================================
[2026-05-25T16:11:42.371+0000] {manager.py:878} INFO - 
================================================================================
DAG File Processing Stats

File Path                               PID    Runtime      # DAGs    # Errors  Last Runtime    Last Run
--------------------------------------  -----  ---------  --------  ----------  --------------  -------------------
/opt/airflow/dags/ecommerce_etl_dag.py                           1           0  0.16s           2026-05-25T16:11:14
================================================================================
[2026-05-25T16:12:12.581+0000] {manager.py:878} INFO - 
================================================================================
DAG File Processing Stats

File Path                               PID    Runtime      # DAGs    # Errors  Last Runtime    Last Run
--------------------------------------  -----  ---------  --------  ----------  --------------  -------------------
/opt/airflow/dags/ecommerce_etl_dag.py                           1           0  0.16s           2026-05-25T16:11:44
================================================================================
[2026-05-25T16:12:42.876+0000] {manager.py:878} INFO - 
================================================================================
DAG File Processing Stats

File Path                               PID    Runtime      # DAGs    # Errors  Last Runtime    Last Run
--------------------------------------  -----  ---------  --------  ----------  --------------  -------------------
/opt/airflow/dags/ecommerce_etl_dag.py                           1           0  0.17s           2026-05-25T16:12:14
================================================================================
[2026-05-25T16:13:13.079+0000] {manager.py:878} INFO - 
================================================================================
DAG File Processing Stats

File Path                               PID    Runtime      # DAGs    # Errors  Last Runtime    Last Run
--------------------------------------  -----  ---------  --------  ----------  --------------  -------------------
/opt/airflow/dags/ecommerce_etl_dag.py                           1           0  0.15s           2026-05-25T16:12:45
================================================================================
[2026-05-25T16:13:43.378+0000] {manager.py:878} INFO - 
================================================================================
DAG File Processing Stats

File Path                               PID    Runtime      # DAGs    # Errors  Last Runtime    Last Run
--------------------------------------  -----  ---------  --------  ----------  --------------  -------------------
/opt/airflow/dags/ecommerce_etl_dag.py                           1           0  0.19s           2026-05-25T16:13:15
================================================================================
[2026-05-25T16:14:13.633+0000] {manager.py:878} INFO - 
================================================================================
DAG File Processing Stats

File Path                               PID    Runtime      # DAGs    # Errors  Last Runtime    Last Run
--------------------------------------  -----  ---------  --------  ----------  --------------  -------------------
/opt/airflow/dags/ecommerce_etl_dag.py                           1           0  0.17s           2026-05-25T16:13:45
================================================================================
[2026-05-25T16:14:43.919+0000] {manager.py:878} INFO - 
================================================================================
DAG File Processing Stats

File Path                               PID    Runtime      # DAGs    # Errors  Last Runtime    Last Run
--------------------------------------  -----  ---------  --------  ----------  --------------  -------------------
/opt/airflow/dags/ecommerce_etl_dag.py                           1           0  0.19s           2026-05-25T16:14:15
================================================================================
[2026-05-25T16:15:14.149+0000] {manager.py:878} INFO - 
================================================================================
DAG File Processing Stats

File Path                               PID    Runtime      # DAGs    # Errors  Last Runtime    Last Run
--------------------------------------  -----  ---------  --------  ----------  --------------  -------------------
/opt/airflow/dags/ecommerce_etl_dag.py                           1           0  0.16s           2026-05-25T16:14:46
================================================================================
[2026-05-25T16:15:17.243+0000] {manager.py:737} INFO - Searching for files in /opt/airflow/dags
[2026-05-25T16:15:17.280+0000] {manager.py:740} INFO - There are 1 files in /opt/airflow/dags
[2026-05-25T16:15:44.438+0000] {manager.py:878} INFO - 
================================================================================
DAG File Processing Stats

File Path                               PID    Runtime      # DAGs    # Errors  Last Runtime    Last Run
--------------------------------------  -----  ---------  --------  ----------  --------------  -------------------
/opt/airflow/dags/ecommerce_etl_dag.py                           1           0  0.18s           2026-05-25T16:15:16
================================================================================
[2026-05-25T16:16:14.665+0000] {manager.py:878} INFO - 
================================================================================
DAG File Processing Stats

File Path                               PID    Runtime      # DAGs    # Errors  Last Runtime    Last Run
--------------------------------------  -----  ---------  --------  ----------  --------------  -------------------
/opt/airflow/dags/ecommerce_etl_dag.py                           1           0  0.15s           2026-05-25T16:15:46
================================================================================
[2026-05-25T16:16:44.945+0000] {manager.py:878} INFO - 
================================================================================
DAG File Processing Stats

File Path                               PID    Runtime      # DAGs    # Errors  Last Runtime    Last Run
--------------------------------------  -----  ---------  --------  ----------  --------------  -------------------
/opt/airflow/dags/ecommerce_etl_dag.py                           1           0  0.16s           2026-05-25T16:16:16
================================================================================
[2026-05-25T16:17:15.229+0000] {manager.py:878} INFO - 
================================================================================
DAG File Processing Stats

File Path                               PID    Runtime      # DAGs    # Errors  Last Runtime    Last Run
--------------------------------------  -----  ---------  --------  ----------  --------------  -------------------
/opt/airflow/dags/ecommerce_etl_dag.py                           1           0  0.16s           2026-05-25T16:16:47
================================================================================
[2026-05-25T16:17:45.431+0000] {manager.py:878} INFO - 
================================================================================
DAG File Processing Stats

File Path                               PID    Runtime      # DAGs    # Errors  Last Runtime    Last Run
--------------------------------------  -----  ---------  --------  ----------  --------------  -------------------
/opt/airflow/dags/ecommerce_etl_dag.py                           1           0  0.16s           2026-05-25T16:17:17
================================================================================
[2026-05-25T16:18:15.719+0000] {manager.py:878} INFO - 
================================================================================
DAG File Processing Stats

File Path                               PID    Runtime      # DAGs    # Errors  Last Runtime    Last Run
--------------------------------------  -----  ---------  --------  ----------  --------------  -------------------
/opt/airflow/dags/ecommerce_etl_dag.py                           1           0  0.17s           2026-05-25T16:17:47
================================================================================
[2026-05-25T16:18:45.962+0000] {manager.py:878} INFO - 
================================================================================
DAG File Processing Stats

File Path                               PID    Runtime      # DAGs    # Errors  Last Runtime    Last Run
--------------------------------------  -----  ---------  --------  ----------  --------------  -------------------
/opt/airflow/dags/ecommerce_etl_dag.py                           1           0  0.15s           2026-05-25T16:18:17
================================================================================
[2026-05-25T16:19:16.224+0000] {manager.py:878} INFO - 
================================================================================
DAG File Processing Stats

File Path                               PID    Runtime      # DAGs    # Errors  Last Runtime    Last Run
--------------------------------------  -----  ---------  --------  ----------  --------------  -------------------
/opt/airflow/dags/ecommerce_etl_dag.py                           1           0  0.17s           2026-05-25T16:18:48
================================================================================
[2026-05-25T16:19:46.441+0000] {manager.py:878} INFO - 
================================================================================
DAG File Processing Stats

File Path                               PID    Runtime      # DAGs    # Errors  Last Runtime    Last Run
--------------------------------------  -----  ---------  --------  ----------  --------------  -------------------
/opt/airflow/dags/ecommerce_etl_dag.py                           1           0  0.16s           2026-05-25T16:19:18
================================================================================
[2026-05-25T16:20:16.693+0000] {manager.py:878} INFO - 
================================================================================
DAG File Processing Stats

File Path                               PID    Runtime      # DAGs    # Errors  Last Runtime    Last Run
--------------------------------------  -----  ---------  --------  ----------  --------------  -------------------
/opt/airflow/dags/ecommerce_etl_dag.py                           1           0  0.16s           2026-05-25T16:19:48
================================================================================
[2026-05-25T16:20:17.698+0000] {manager.py:737} INFO - Searching for files in /opt/airflow/dags
[2026-05-25T16:20:17.727+0000] {manager.py:740} INFO - There are 1 files in /opt/airflow/dags
[2026-05-25T16:20:46.944+0000] {manager.py:878} INFO - 
================================================================================
DAG File Processing Stats

File Path                               PID    Runtime      # DAGs    # Errors  Last Runtime    Last Run
--------------------------------------  -----  ---------  --------  ----------  --------------  -------------------
/opt/airflow/dags/ecommerce_etl_dag.py                           1           0  0.16s           2026-05-25T16:20:18
================================================================================
[2026-05-25T16:21:17.250+0000] {manager.py:878} INFO - 
================================================================================
DAG File Processing Stats

File Path                               PID    Runtime      # DAGs    # Errors  Last Runtime    Last Run
--------------------------------------  -----  ---------  --------  ----------  --------------  -------------------
/opt/airflow/dags/ecommerce_etl_dag.py                           1           0  0.19s           2026-05-25T16:20:49
================================================================================
[2026-05-25T16:21:47.456+0000] {manager.py:878} INFO - 
================================================================================
DAG File Processing Stats

File Path                               PID    Runtime      # DAGs    # Errors  Last Runtime    Last Run
--------------------------------------  -----  ---------  --------  ----------  --------------  -------------------
/opt/airflow/dags/ecommerce_etl_dag.py                           1           0  0.21s           2026-05-25T16:21:19
================================================================================
[2026-05-25T16:22:17.781+0000] {manager.py:878} INFO - 
================================================================================
DAG File Processing Stats

File Path                               PID    Runtime      # DAGs    # Errors  Last Runtime    Last Run
--------------------------------------  -----  ---------  --------  ----------  --------------  -------------------
/opt/airflow/dags/ecommerce_etl_dag.py                           1           0  0.19s           2026-05-25T16:21:49
================================================================================
[2026-05-25T16:22:48.155+0000] {manager.py:878} INFO - 
================================================================================
DAG File Processing Stats

File Path                               PID    Runtime      # DAGs    # Errors  Last Runtime    Last Run
--------------------------------------  -----  ---------  --------  ----------  --------------  -------------------
/opt/airflow/dags/ecommerce_etl_dag.py                           1           0  0.16s           2026-05-25T16:22:20
================================================================================
[2026-05-25T16:23:18.487+0000] {manager.py:878} INFO - 
================================================================================
DAG File Processing Stats

File Path                               PID    Runtime      # DAGs    # Errors  Last Runtime    Last Run
--------------------------------------  -----  ---------  --------  ----------  --------------  -------------------
/opt/airflow/dags/ecommerce_etl_dag.py                           1           0  0.17s           2026-05-25T16:22:50
================================================================================
[2026-05-25T16:23:48.662+0000] {manager.py:878} INFO - 
================================================================================
DAG File Processing Stats

File Path                               PID    Runtime      # DAGs    # Errors  Last Runtime    Last Run
--------------------------------------  -----  ---------  --------  ----------  --------------  -------------------
/opt/airflow/dags/ecommerce_etl_dag.py                           1           0  0.15s           2026-05-25T16:23:20
================================================================================
[2026-05-25T16:24:18.937+0000] {manager.py:878} INFO - 
================================================================================
DAG File Processing Stats

File Path                               PID    Runtime      # DAGs    # Errors  Last Runtime    Last Run
--------------------------------------  -----  ---------  --------  ----------  --------------  -------------------
/opt/airflow/dags/ecommerce_etl_dag.py                           1           0  0.17s           2026-05-25T16:23:50
================================================================================
[2026-05-25T16:24:49.179+0000] {manager.py:878} INFO - 
================================================================================
DAG File Processing Stats

File Path                               PID    Runtime      # DAGs    # Errors  Last Runtime    Last Run
--------------------------------------  -----  ---------  --------  ----------  --------------  -------------------
/opt/airflow/dags/ecommerce_etl_dag.py                           1           0  0.28s           2026-05-25T16:24:21
================================================================================
[2026-05-25T16:25:17.739+0000] {manager.py:737} INFO - Searching for files in /opt/airflow/dags
[2026-05-25T16:25:17.769+0000] {manager.py:740} INFO - There are 1 files in /opt/airflow/dags
[2026-05-25T16:25:19.631+0000] {manager.py:878} INFO - 
================================================================================
DAG File Processing Stats

File Path                               PID    Runtime      # DAGs    # Errors  Last Runtime    Last Run
--------------------------------------  -----  ---------  --------  ----------  --------------  -------------------
/opt/airflow/dags/ecommerce_etl_dag.py                           1           0  0.18s           2026-05-25T16:24:51
================================================================================
[2026-05-25T16:25:49.825+0000] {manager.py:878} INFO - 
================================================================================
DAG File Processing Stats

File Path                               PID    Runtime      # DAGs    # Errors  Last Runtime    Last Run
--------------------------------------  -----  ---------  --------  ----------  --------------  -------------------
/opt/airflow/dags/ecommerce_etl_dag.py                           1           0  0.15s           2026-05-25T16:25:21
================================================================================
[2026-05-25T16:26:20.129+0000] {manager.py:878} INFO - 
================================================================================
DAG File Processing Stats

File Path                               PID    Runtime      # DAGs    # Errors  Last Runtime    Last Run
--------------------------------------  -----  ---------  --------  ----------  --------------  -------------------
/opt/airflow/dags/ecommerce_etl_dag.py                           1           0  0.16s           2026-05-25T16:25:52
================================================================================
[2026-05-25T16:26:50.387+0000] {manager.py:878} INFO - 
================================================================================
DAG File Processing Stats

File Path                               PID    Runtime      # DAGs    # Errors  Last Runtime    Last Run
--------------------------------------  -----  ---------  --------  ----------  --------------  -------------------
/opt/airflow/dags/ecommerce_etl_dag.py                           1           0  0.16s           2026-05-25T16:26:22
================================================================================
[2026-05-25T16:27:20.643+0000] {manager.py:878} INFO - 
================================================================================
DAG File Processing Stats

File Path                               PID    Runtime      # DAGs    # Errors  Last Runtime    Last Run
--------------------------------------  -----  ---------  --------  ----------  --------------  -------------------
/opt/airflow/dags/ecommerce_etl_dag.py                           1           0  0.19s           2026-05-25T16:26:52
================================================================================
[2026-05-25T16:27:50.896+0000] {manager.py:878} INFO - 
================================================================================
DAG File Processing Stats

File Path                               PID    Runtime      # DAGs    # Errors  Last Runtime    Last Run
--------------------------------------  -----  ---------  --------  ----------  --------------  -------------------
/opt/airflow/dags/ecommerce_etl_dag.py                           1           0  0.17s           2026-05-25T16:27:22
================================================================================
[2026-05-25T16:28:21.140+0000] {manager.py:878} INFO - 
================================================================================
DAG File Processing Stats

File Path                               PID    Runtime      # DAGs    # Errors  Last Runtime    Last Run
--------------------------------------  -----  ---------  --------  ----------  --------------  -------------------
/opt/airflow/dags/ecommerce_etl_dag.py                           1           0  0.32s           2026-05-25T16:27:53
================================================================================
[2026-05-25T16:28:51.665+0000] {manager.py:878} INFO - 
================================================================================
DAG File Processing Stats

File Path                               PID    Runtime      # DAGs    # Errors  Last Runtime    Last Run
--------------------------------------  -----  ---------  --------  ----------  --------------  -------------------
/opt/airflow/dags/ecommerce_etl_dag.py                           1           0  0.48s           2026-05-25T16:28:23
================================================================================
[2026-05-25T16:29:22.333+0000] {manager.py:878} INFO - 
================================================================================
DAG File Processing Stats

File Path                               PID    Runtime      # DAGs    # Errors  Last Runtime    Last Run
--------------------------------------  -----  ---------  --------  ----------  --------------  -------------------
/opt/airflow/dags/ecommerce_etl_dag.py                           1           0  0.20s           2026-05-25T16:28:54
================================================================================
[2026-05-25T16:29:52.541+0000] {manager.py:878} INFO - 
================================================================================
DAG File Processing Stats

File Path                               PID    Runtime      # DAGs    # Errors  Last Runtime    Last Run
--------------------------------------  -----  ---------  --------  ----------  --------------  -------------------
/opt/airflow/dags/ecommerce_etl_dag.py                           1           0  0.16s           2026-05-25T16:29:24
================================================================================
[2026-05-25T16:30:17.823+0000] {manager.py:737} INFO - Searching for files in /opt/airflow/dags
[2026-05-25T16:30:17.850+0000] {manager.py:740} INFO - There are 1 files in /opt/airflow/dags
[2026-05-25T16:30:22.884+0000] {manager.py:878} INFO - 
================================================================================
DAG File Processing Stats

File Path                               PID    Runtime      # DAGs    # Errors  Last Runtime    Last Run
--------------------------------------  -----  ---------  --------  ----------  --------------  -------------------
/opt/airflow/dags/ecommerce_etl_dag.py                           1           0  0.17s           2026-05-25T16:29:54
================================================================================
[2026-05-25T16:30:53.059+0000] {manager.py:878} INFO - 
================================================================================
DAG File Processing Stats

File Path                               PID    Runtime      # DAGs    # Errors  Last Runtime    Last Run
--------------------------------------  -----  ---------  --------  ----------  --------------  -------------------
/opt/airflow/dags/ecommerce_etl_dag.py                           1           0  0.16s           2026-05-25T16:30:25
================================================================================
[2026-05-25T16:31:23.353+0000] {manager.py:878} INFO - 
================================================================================
DAG File Processing Stats

File Path                               PID    Runtime      # DAGs    # Errors  Last Runtime    Last Run
--------------------------------------  -----  ---------  --------  ----------  --------------  -------------------
/opt/airflow/dags/ecommerce_etl_dag.py                           1           0  0.15s           2026-05-25T16:30:55
================================================================================
[2026-05-25T16:31:53.550+0000] {manager.py:878} INFO - 
================================================================================
DAG File Processing Stats

File Path                               PID    Runtime      # DAGs    # Errors  Last Runtime    Last Run
--------------------------------------  -----  ---------  --------  ----------  --------------  -------------------
/opt/airflow/dags/ecommerce_etl_dag.py                           1           0  0.14s           2026-05-25T16:31:25
================================================================================
[2026-05-25T16:32:23.780+0000] {manager.py:878} INFO - 
================================================================================
DAG File Processing Stats

File Path                               PID    Runtime      # DAGs    # Errors  Last Runtime    Last Run
--------------------------------------  -----  ---------  --------  ----------  --------------  -------------------
/opt/airflow/dags/ecommerce_etl_dag.py                           1           0  0.15s           2026-05-25T16:31:55
================================================================================
[2026-05-25T16:32:53.967+0000] {manager.py:878} INFO - 
================================================================================
DAG File Processing Stats

File Path                               PID    Runtime      # DAGs    # Errors  Last Runtime    Last Run
--------------------------------------  -----  ---------  --------  ----------  --------------  -------------------
/opt/airflow/dags/ecommerce_etl_dag.py                           1           0  0.14s           2026-05-25T16:32:25
================================================================================
[2026-05-25T16:33:24.188+0000] {manager.py:878} INFO - 
================================================================================
DAG File Processing Stats

File Path                               PID    Runtime      # DAGs    # Errors  Last Runtime    Last Run
--------------------------------------  -----  ---------  --------  ----------  --------------  -------------------
/opt/airflow/dags/ecommerce_etl_dag.py                           1           0  0.14s           2026-05-25T16:32:56
================================================================================
[2026-05-25T16:33:54.404+0000] {manager.py:878} INFO - 
================================================================================
DAG File Processing Stats

File Path                               PID    Runtime      # DAGs    # Errors  Last Runtime    Last Run
--------------------------------------  -----  ---------  --------  ----------  --------------  -------------------
/opt/airflow/dags/ecommerce_etl_dag.py                           1           0  0.15s           2026-05-25T16:33:26
================================================================================
[2026-05-25T16:34:24.662+0000] {manager.py:878} INFO - 
================================================================================
DAG File Processing Stats

File Path                               PID    Runtime      # DAGs    # Errors  Last Runtime    Last Run
--------------------------------------  -----  ---------  --------  ----------  --------------  -------------------
/opt/airflow/dags/ecommerce_etl_dag.py                           1           0  0.15s           2026-05-25T16:33:56
================================================================================
[2026-05-25T16:34:54.897+0000] {manager.py:878} INFO - 
================================================================================
DAG File Processing Stats

File Path                               PID    Runtime      # DAGs    # Errors  Last Runtime    Last Run
--------------------------------------  -----  ---------  --------  ----------  --------------  -------------------
/opt/airflow/dags/ecommerce_etl_dag.py                           1           0  0.15s           2026-05-25T16:34:26
================================================================================
[2026-05-25T16:35:18.065+0000] {manager.py:737} INFO - Searching for files in /opt/airflow/dags
[2026-05-25T16:35:18.092+0000] {manager.py:740} INFO - There are 1 files in /opt/airflow/dags
[2026-05-25T16:35:25.163+0000] {manager.py:878} INFO - 
================================================================================
DAG File Processing Stats

File Path                               PID    Runtime      # DAGs    # Errors  Last Runtime    Last Run
--------------------------------------  -----  ---------  --------  ----------  --------------  -------------------
/opt/airflow/dags/ecommerce_etl_dag.py                           1           0  0.49s           2026-05-25T16:34:57
================================================================================
[2026-05-25T16:35:55.749+0000] {manager.py:878} INFO - 
================================================================================
DAG File Processing Stats

File Path                               PID    Runtime      # DAGs    # Errors  Last Runtime    Last Run
--------------------------------------  -----  ---------  --------  ----------  --------------  -------------------
/opt/airflow/dags/ecommerce_etl_dag.py                           1           0  0.17s           2026-05-25T16:35:27
================================================================================
[2026-05-25T16:36:26.047+0000] {manager.py:878} INFO - 
================================================================================
DAG File Processing Stats

File Path                               PID    Runtime      # DAGs    # Errors  Last Runtime    Last Run
--------------------------------------  -----  ---------  --------  ----------  --------------  -------------------
/opt/airflow/dags/ecommerce_etl_dag.py                           1           0  0.18s           2026-05-25T16:35:57
================================================================================
[2026-05-25T16:36:56.217+0000] {manager.py:878} INFO - 
================================================================================
DAG File Processing Stats

File Path                               PID    Runtime      # DAGs    # Errors  Last Runtime    Last Run
--------------------------------------  -----  ---------  --------  ----------  --------------  -------------------
/opt/airflow/dags/ecommerce_etl_dag.py                           1           0  0.16s           2026-05-25T16:36:28
================================================================================
[2026-05-25T16:37:26.490+0000] {manager.py:878} INFO - 
================================================================================
DAG File Processing Stats

File Path                               PID    Runtime      # DAGs    # Errors  Last Runtime    Last Run
--------------------------------------  -----  ---------  --------  ----------  --------------  -------------------
/opt/airflow/dags/ecommerce_etl_dag.py                           1           0  0.15s           2026-05-25T16:36:58
================================================================================
[2026-05-25T16:37:56.688+0000] {manager.py:878} INFO - 
================================================================================
DAG File Processing Stats

File Path                               PID    Runtime      # DAGs    # Errors  Last Runtime    Last Run
--------------------------------------  -----  ---------  --------  ----------  --------------  -------------------
/opt/airflow/dags/ecommerce_etl_dag.py                           1           0  0.15s           2026-05-25T16:37:28
================================================================================
[2026-05-25T16:38:27.015+0000] {manager.py:878} INFO - 
================================================================================
DAG File Processing Stats

File Path                               PID    Runtime      # DAGs    # Errors  Last Runtime    Last Run
--------------------------------------  -----  ---------  --------  ----------  --------------  -------------------
/opt/airflow/dags/ecommerce_etl_dag.py                           1           0  0.15s           2026-05-25T16:37:58
================================================================================
[2026-05-25T16:38:57.188+0000] {manager.py:878} INFO - 
================================================================================
DAG File Processing Stats

File Path                               PID    Runtime      # DAGs    # Errors  Last Runtime    Last Run
--------------------------------------  -----  ---------  --------  ----------  --------------  -------------------
/opt/airflow/dags/ecommerce_etl_dag.py                           1           0  0.15s           2026-05-25T16:38:29
================================================================================
[2026-05-25T16:39:27.450+0000] {manager.py:878} INFO - 
================================================================================
DAG File Processing Stats

File Path                               PID    Runtime      # DAGs    # Errors  Last Runtime    Last Run
--------------------------------------  -----  ---------  --------  ----------  --------------  -------------------
/opt/airflow/dags/ecommerce_etl_dag.py                           1           0  0.15s           2026-05-25T16:38:59
================================================================================
[2026-05-25T16:39:57.632+0000] {manager.py:878} INFO - 
================================================================================
DAG File Processing Stats

File Path                               PID    Runtime      # DAGs    # Errors  Last Runtime    Last Run
--------------------------------------  -----  ---------  --------  ----------  --------------  -------------------
/opt/airflow/dags/ecommerce_etl_dag.py                           1           0  0.16s           2026-05-25T16:39:29
================================================================================
[2026-05-25T16:40:18.916+0000] {manager.py:737} INFO - Searching for files in /opt/airflow/dags
[2026-05-25T16:40:18.942+0000] {manager.py:740} INFO - There are 1 files in /opt/airflow/dags
[2026-05-25T16:40:28.031+0000] {manager.py:878} INFO - 
================================================================================
DAG File Processing Stats

File Path                               PID    Runtime      # DAGs    # Errors  Last Runtime    Last Run
--------------------------------------  -----  ---------  --------  ----------  --------------  -------------------
/opt/airflow/dags/ecommerce_etl_dag.py                           1           0  0.19s           2026-05-25T16:39:59
================================================================================
[2026-05-25T16:40:58.222+0000] {manager.py:878} INFO - 
================================================================================
DAG File Processing Stats

File Path                               PID    Runtime      # DAGs    # Errors  Last Runtime    Last Run
--------------------------------------  -----  ---------  --------  ----------  --------------  -------------------
/opt/airflow/dags/ecommerce_etl_dag.py                           1           0  0.16s           2026-05-25T16:40:30
================================================================================
[2026-05-25T16:41:28.490+0000] {manager.py:878} INFO - 
================================================================================
DAG File Processing Stats

File Path                               PID    Runtime      # DAGs    # Errors  Last Runtime    Last Run
--------------------------------------  -----  ---------  --------  ----------  --------------  -------------------
/opt/airflow/dags/ecommerce_etl_dag.py                           1           0  0.17s           2026-05-25T16:41:00
================================================================================
[2026-05-25T16:41:58.688+0000] {manager.py:878} INFO - 
================================================================================
DAG File Processing Stats

File Path                               PID    Runtime      # DAGs    # Errors  Last Runtime    Last Run
--------------------------------------  -----  ---------  --------  ----------  --------------  -------------------
/opt/airflow/dags/ecommerce_etl_dag.py                           1           0  0.16s           2026-05-25T16:41:30
================================================================================
[2026-05-25T16:42:28.993+0000] {manager.py:878} INFO - 
================================================================================
DAG File Processing Stats

File Path                               PID    Runtime      # DAGs    # Errors  Last Runtime    Last Run
--------------------------------------  -----  ---------  --------  ----------  --------------  -------------------
/opt/airflow/dags/ecommerce_etl_dag.py                           1           0  0.19s           2026-05-25T16:42:00
================================================================================
[2026-05-25T16:42:59.240+0000] {manager.py:878} INFO - 
================================================================================
DAG File Processing Stats

File Path                               PID    Runtime      # DAGs    # Errors  Last Runtime    Last Run
--------------------------------------  -----  ---------  --------  ----------  --------------  -------------------
/opt/airflow/dags/ecommerce_etl_dag.py                           1           0  0.17s           2026-05-25T16:42:31
================================================================================
[2026-05-25T16:43:29.474+0000] {manager.py:878} INFO - 
================================================================================
DAG File Processing Stats

File Path                               PID    Runtime      # DAGs    # Errors  Last Runtime    Last Run
--------------------------------------  -----  ---------  --------  ----------  --------------  -------------------
/opt/airflow/dags/ecommerce_etl_dag.py                           1           0  0.15s           2026-05-25T16:43:01
================================================================================
[2026-05-25T16:43:59.681+0000] {manager.py:878} INFO - 
================================================================================
DAG File Processing Stats

File Path                               PID    Runtime      # DAGs    # Errors  Last Runtime    Last Run
--------------------------------------  -----  ---------  --------  ----------  --------------  -------------------
/opt/airflow/dags/ecommerce_etl_dag.py                           1           0  0.16s           2026-05-25T16:43:31
================================================================================
[2026-05-25T16:44:29.952+0000] {manager.py:878} INFO - 
================================================================================
DAG File Processing Stats

File Path                               PID    Runtime      # DAGs    # Errors  Last Runtime    Last Run
--------------------------------------  -----  ---------  --------  ----------  --------------  -------------------
/opt/airflow/dags/ecommerce_etl_dag.py                           1           0  0.18s           2026-05-25T16:44:01
================================================================================
[2026-05-25T16:45:00.223+0000] {manager.py:878} INFO - 
================================================================================
DAG File Processing Stats

File Path                               PID    Runtime      # DAGs    # Errors  Last Runtime    Last Run
--------------------------------------  -----  ---------  --------  ----------  --------------  -------------------
/opt/airflow/dags/ecommerce_etl_dag.py                           1           0  0.21s           2026-05-25T16:44:32
================================================================================
[2026-05-25T16:45:19.467+0000] {manager.py:737} INFO - Searching for files in /opt/airflow/dags
[2026-05-25T16:45:19.491+0000] {manager.py:740} INFO - There are 1 files in /opt/airflow/dags
[2026-05-25T16:45:30.563+0000] {manager.py:878} INFO - 
================================================================================
DAG File Processing Stats

File Path                               PID    Runtime      # DAGs    # Errors  Last Runtime    Last Run
--------------------------------------  -----  ---------  --------  ----------  --------------  -------------------
/opt/airflow/dags/ecommerce_etl_dag.py                           1           0  0.16s           2026-05-25T16:45:02
================================================================================
[2026-05-25T16:46:00.744+0000] {manager.py:878} INFO - 
================================================================================
DAG File Processing Stats

File Path                               PID    Runtime      # DAGs    # Errors  Last Runtime    Last Run
--------------------------------------  -----  ---------  --------  ----------  --------------  -------------------
/opt/airflow/dags/ecommerce_etl_dag.py                           1           0  0.16s           2026-05-25T16:45:32
================================================================================
[2026-05-25T16:46:31.060+0000] {manager.py:878} INFO - 
================================================================================
DAG File Processing Stats

File Path                               PID    Runtime      # DAGs    # Errors  Last Runtime    Last Run
--------------------------------------  -----  ---------  --------  ----------  --------------  -------------------
/opt/airflow/dags/ecommerce_etl_dag.py                           1           0  0.16s           2026-05-25T16:46:02
================================================================================
[2026-05-25T16:47:01.267+0000] {manager.py:878} INFO - 
================================================================================
DAG File Processing Stats

File Path                               PID    Runtime      # DAGs    # Errors  Last Runtime    Last Run
--------------------------------------  -----  ---------  --------  ----------  --------------  -------------------
/opt/airflow/dags/ecommerce_etl_dag.py                           1           0  0.19s           2026-05-25T16:46:33
================================================================================
[2026-05-25T16:47:31.590+0000] {manager.py:878} INFO - 
================================================================================
DAG File Processing Stats

File Path                               PID    Runtime      # DAGs    # Errors  Last Runtime    Last Run
--------------------------------------  -----  ---------  --------  ----------  --------------  -------------------
/opt/airflow/dags/ecommerce_etl_dag.py                           1           0  0.16s           2026-05-25T16:47:03
================================================================================
[2026-05-25T16:48:01.773+0000] {manager.py:878} INFO - 
================================================================================
DAG File Processing Stats

File Path                               PID    Runtime      # DAGs    # Errors  Last Runtime    Last Run
--------------------------------------  -----  ---------  --------  ----------  --------------  -------------------
/opt/airflow/dags/ecommerce_etl_dag.py                           1           0  0.16s           2026-05-25T16:47:33
================================================================================
[2026-05-25T16:48:32.069+0000] {manager.py:878} INFO - 
================================================================================
DAG File Processing Stats

File Path                               PID    Runtime      # DAGs    # Errors  Last Runtime    Last Run
--------------------------------------  -----  ---------  --------  ----------  --------------  -------------------
/opt/airflow/dags/ecommerce_etl_dag.py                           1           0  0.17s           2026-05-25T16:48:03
================================================================================
[2026-05-25T16:49:02.299+0000] {manager.py:878} INFO - 
================================================================================
DAG File Processing Stats

File Path                               PID    Runtime      # DAGs    # Errors  Last Runtime    Last Run
--------------------------------------  -----  ---------  --------  ----------  --------------  -------------------
/opt/airflow/dags/ecommerce_etl_dag.py                           1           0  0.46s           2026-05-25T16:48:34
================================================================================
[2026-05-25T16:49:32.915+0000] {manager.py:878} INFO - 
================================================================================
DAG File Processing Stats

File Path                               PID    Runtime      # DAGs    # Errors  Last Runtime    Last Run
--------------------------------------  -----  ---------  --------  ----------  --------------  -------------------
/opt/airflow/dags/ecommerce_etl_dag.py                           1           0  0.17s           2026-05-25T16:49:04
================================================================================
[2026-05-25T16:50:03.238+0000] {manager.py:878} INFO - 
================================================================================
DAG File Processing Stats

File Path                               PID    Runtime      # DAGs    # Errors  Last Runtime    Last Run
--------------------------------------  -----  ---------  --------  ----------  --------------  -------------------
/opt/airflow/dags/ecommerce_etl_dag.py                           1           0  0.15s           2026-05-25T16:49:35
================================================================================
[2026-05-25T16:50:19.486+0000] {manager.py:737} INFO - Searching for files in /opt/airflow/dags
[2026-05-25T16:50:19.518+0000] {manager.py:740} INFO - There are 1 files in /opt/airflow/dags
[2026-05-25T16:50:33.459+0000] {manager.py:878} INFO - 
================================================================================
DAG File Processing Stats

File Path                               PID    Runtime      # DAGs    # Errors  Last Runtime    Last Run
--------------------------------------  -----  ---------  --------  ----------  --------------  -------------------
/opt/airflow/dags/ecommerce_etl_dag.py                           1           0  0.15s           2026-05-25T16:50:05
================================================================================
[2026-05-25T16:51:03.760+0000] {manager.py:878} INFO - 
================================================================================
DAG File Processing Stats

File Path                               PID    Runtime      # DAGs    # Errors  Last Runtime    Last Run
--------------------------------------  -----  ---------  --------  ----------  --------------  -------------------
/opt/airflow/dags/ecommerce_etl_dag.py                           1           0  0.15s           2026-05-25T16:50:35
================================================================================
[2026-05-25T16:51:33.941+0000] {manager.py:878} INFO - 
================================================================================
DAG File Processing Stats

File Path                               PID    Runtime      # DAGs    # Errors  Last Runtime    Last Run
--------------------------------------  -----  ---------  --------  ----------  --------------  -------------------
/opt/airflow/dags/ecommerce_etl_dag.py                           1           0  0.15s           2026-05-25T16:51:05
================================================================================
[2026-05-25T16:52:04.235+0000] {manager.py:878} INFO - 
================================================================================
DAG File Processing Stats

File Path                               PID    Runtime      # DAGs    # Errors  Last Runtime    Last Run
--------------------------------------  -----  ---------  --------  ----------  --------------  -------------------
/opt/airflow/dags/ecommerce_etl_dag.py                           1           0  0.16s           2026-05-25T16:51:36
================================================================================
[2026-05-25T16:52:34.464+0000] {manager.py:878} INFO - 
================================================================================
DAG File Processing Stats

File Path                               PID    Runtime      # DAGs    # Errors  Last Runtime    Last Run
--------------------------------------  -----  ---------  --------  ----------  --------------  -------------------
/opt/airflow/dags/ecommerce_etl_dag.py                           1           0  0.16s           2026-05-25T16:52:06
================================================================================
[2026-05-25T16:53:04.766+0000] {manager.py:878} INFO - 
================================================================================
DAG File Processing Stats

File Path                               PID    Runtime      # DAGs    # Errors  Last Runtime    Last Run
--------------------------------------  -----  ---------  --------  ----------  --------------  -------------------
/opt/airflow/dags/ecommerce_etl_dag.py                           1           0  0.16s           2026-05-25T16:52:36
================================================================================
[2026-05-25T16:53:34.948+0000] {manager.py:878} INFO - 
================================================================================
DAG File Processing Stats

File Path                               PID    Runtime      # DAGs    # Errors  Last Runtime    Last Run
--------------------------------------  -----  ---------  --------  ----------  --------------  -------------------
/opt/airflow/dags/ecommerce_etl_dag.py                           1           0  0.19s           2026-05-25T16:53:06
================================================================================
[2026-05-25T16:54:05.284+0000] {manager.py:878} INFO - 
================================================================================
DAG File Processing Stats

File Path                               PID    Runtime      # DAGs    # Errors  Last Runtime    Last Run
--------------------------------------  -----  ---------  --------  ----------  --------------  -------------------
/opt/airflow/dags/ecommerce_etl_dag.py                           1           0  0.20s           2026-05-25T16:53:37
================================================================================
[2026-05-25T16:54:35.700+0000] {manager.py:878} INFO - 
================================================================================
DAG File Processing Stats

File Path                               PID    Runtime      # DAGs    # Errors  Last Runtime    Last Run
--------------------------------------  -----  ---------  --------  ----------  --------------  -------------------
/opt/airflow/dags/ecommerce_etl_dag.py                           1           0  0.18s           2026-05-25T16:54:07
================================================================================
[2026-05-25T16:55:06.000+0000] {manager.py:878} INFO - 
================================================================================
DAG File Processing Stats

File Path                               PID    Runtime      # DAGs    # Errors  Last Runtime    Last Run
--------------------------------------  -----  ---------  --------  ----------  --------------  -------------------
/opt/airflow/dags/ecommerce_etl_dag.py                           1           0  0.21s           2026-05-25T16:54:37
================================================================================
[2026-05-25T16:55:20.111+0000] {manager.py:737} INFO - Searching for files in /opt/airflow/dags
[2026-05-25T16:55:20.140+0000] {manager.py:740} INFO - There are 1 files in /opt/airflow/dags
[2026-05-25T16:55:36.235+0000] {manager.py:878} INFO - 
================================================================================
DAG File Processing Stats

File Path                               PID    Runtime      # DAGs    # Errors  Last Runtime    Last Run
--------------------------------------  -----  ---------  --------  ----------  --------------  -------------------
/opt/airflow/dags/ecommerce_etl_dag.py                           1           0  0.15s           2026-05-25T16:55:08
================================================================================
[2026-05-25T16:56:06.459+0000] {manager.py:878} INFO - 
================================================================================
DAG File Processing Stats

File Path                               PID    Runtime      # DAGs    # Errors  Last Runtime    Last Run
--------------------------------------  -----  ---------  --------  ----------  --------------  -------------------
/opt/airflow/dags/ecommerce_etl_dag.py                           1           0  0.16s           2026-05-25T16:55:38
================================================================================
[2026-05-25T16:56:36.814+0000] {manager.py:878} INFO - 
================================================================================
DAG File Processing Stats

File Path                               PID    Runtime      # DAGs    # Errors  Last Runtime    Last Run
--------------------------------------  -----  ---------  --------  ----------  --------------  -------------------
/opt/airflow/dags/ecommerce_etl_dag.py                           1           0  0.22s           2026-05-25T16:56:08
================================================================================
[2026-05-25T16:57:07.068+0000] {manager.py:878} INFO - 
================================================================================
DAG File Processing Stats

File Path                               PID    Runtime      # DAGs    # Errors  Last Runtime    Last Run
--------------------------------------  -----  ---------  --------  ----------  --------------  -------------------
/opt/airflow/dags/ecommerce_etl_dag.py                           1           0  0.18s           2026-05-25T16:56:39
================================================================================
[2026-05-25T16:57:37.328+0000] {manager.py:878} INFO - 
================================================================================
DAG File Processing Stats

File Path                               PID    Runtime      # DAGs    # Errors  Last Runtime    Last Run
--------------------------------------  -----  ---------  --------  ----------  --------------  -------------------
/opt/airflow/dags/ecommerce_etl_dag.py                           1           0  0.21s           2026-05-25T16:57:09
================================================================================
[2026-05-25T16:58:07.658+0000] {manager.py:878} INFO - 
================================================================================
DAG File Processing Stats

File Path                               PID    Runtime      # DAGs    # Errors  Last Runtime    Last Run
--------------------------------------  -----  ---------  --------  ----------  --------------  -------------------
/opt/airflow/dags/ecommerce_etl_dag.py                           1           0  0.17s           2026-05-25T16:57:39
================================================================================
[2026-05-25T16:58:37.884+0000] {manager.py:878} INFO - 
================================================================================
DAG File Processing Stats

File Path                               PID    Runtime      # DAGs    # Errors  Last Runtime    Last Run
--------------------------------------  -----  ---------  --------  ----------  --------------  -------------------
/opt/airflow/dags/ecommerce_etl_dag.py                           1           0  0.16s           2026-05-25T16:58:09
================================================================================
[2026-05-25T16:59:08.184+0000] {manager.py:878} INFO - 
================================================================================
DAG File Processing Stats

File Path                               PID    Runtime      # DAGs    # Errors  Last Runtime    Last Run
--------------------------------------  -----  ---------  --------  ----------  --------------  -------------------
/opt/airflow/dags/ecommerce_etl_dag.py                           1           0  0.15s           2026-05-25T16:58:40
================================================================================
[2026-05-25T16:59:38.400+0000] {manager.py:878} INFO - 
================================================================================
DAG File Processing Stats

File Path                               PID    Runtime      # DAGs    # Errors  Last Runtime    Last Run
--------------------------------------  -----  ---------  --------  ----------  --------------  -------------------
/opt/airflow/dags/ecommerce_etl_dag.py                           1           0  0.16s           2026-05-25T16:59:10
================================================================================
[2026-05-25T17:00:08.687+0000] {manager.py:878} INFO - 
================================================================================
DAG File Processing Stats

File Path                               PID    Runtime      # DAGs    # Errors  Last Runtime    Last Run
--------------------------------------  -----  ---------  --------  ----------  --------------  -------------------
/opt/airflow/dags/ecommerce_etl_dag.py                           1           0  0.18s           2026-05-25T16:59:40
================================================================================
[2026-05-25T17:00:20.846+0000] {manager.py:737} INFO - Searching for files in /opt/airflow/dags
[2026-05-25T17:00:20.872+0000] {manager.py:740} INFO - There are 1 files in /opt/airflow/dags
[2026-05-25T17:00:39.001+0000] {manager.py:878} INFO - 
================================================================================
DAG File Processing Stats

File Path                               PID    Runtime      # DAGs    # Errors  Last Runtime    Last Run
--------------------------------------  -----  ---------  --------  ----------  --------------  -------------------
/opt/airflow/dags/ecommerce_etl_dag.py                           1           0  0.16s           2026-05-25T17:00:10
================================================================================
[2026-05-25T17:01:09.258+0000] {manager.py:878} INFO - 
================================================================================
DAG File Processing Stats

File Path                               PID    Runtime      # DAGs    # Errors  Last Runtime    Last Run
--------------------------------------  -----  ---------  --------  ----------  --------------  -------------------
/opt/airflow/dags/ecommerce_etl_dag.py                           1           0  0.18s           2026-05-25T17:00:41
================================================================================
[2026-05-25T17:01:39.507+0000] {manager.py:878} INFO - 
================================================================================
DAG File Processing Stats

File Path                               PID    Runtime      # DAGs    # Errors  Last Runtime    Last Run
--------------------------------------  -----  ---------  --------  ----------  --------------  -------------------
/opt/airflow/dags/ecommerce_etl_dag.py                           1           0  0.16s           2026-05-25T17:01:11
================================================================================
[2026-05-25T17:02:09.742+0000] {manager.py:878} INFO - 
================================================================================
DAG File Processing Stats

File Path                               PID    Runtime      # DAGs    # Errors  Last Runtime    Last Run
--------------------------------------  -----  ---------  --------  ----------  --------------  -------------------
/opt/airflow/dags/ecommerce_etl_dag.py                           1           0  0.14s           2026-05-25T17:01:41
================================================================================
[2026-05-25T17:02:40.000+0000] {manager.py:878} INFO - 
================================================================================
DAG File Processing Stats

File Path                               PID    Runtime      # DAGs    # Errors  Last Runtime    Last Run
--------------------------------------  -----  ---------  --------  ----------  --------------  -------------------
/opt/airflow/dags/ecommerce_etl_dag.py                           1           0  0.27s           2026-05-25T17:02:12
================================================================================
[2026-05-25T17:03:10.484+0000] {manager.py:878} INFO - 
================================================================================
DAG File Processing Stats

File Path                               PID    Runtime      # DAGs    # Errors  Last Runtime    Last Run
--------------------------------------  -----  ---------  --------  ----------  --------------  -------------------
/opt/airflow/dags/ecommerce_etl_dag.py                           1           0  0.18s           2026-05-25T17:02:42
================================================================================
[2026-05-25T17:03:40.709+0000] {manager.py:878} INFO - 
================================================================================
DAG File Processing Stats

File Path                               PID    Runtime      # DAGs    # Errors  Last Runtime    Last Run
--------------------------------------  -----  ---------  --------  ----------  --------------  -------------------
/opt/airflow/dags/ecommerce_etl_dag.py                           1           0  0.94s           2026-05-25T17:03:13
================================================================================
[2026-05-25T17:04:11.055+0000] {manager.py:878} INFO - 
================================================================================
DAG File Processing Stats

File Path                               PID    Runtime      # DAGs    # Errors  Last Runtime    Last Run
--------------------------------------  -----  ---------  --------  ----------  --------------  -------------------
/opt/airflow/dags/ecommerce_etl_dag.py                           1           0  0.16s           2026-05-25T17:03:43
================================================================================
[2026-05-25T17:04:41.273+0000] {manager.py:878} INFO - 
================================================================================
DAG File Processing Stats

File Path                               PID    Runtime      # DAGs    # Errors  Last Runtime    Last Run
--------------------------------------  -----  ---------  --------  ----------  --------------  -------------------
/opt/airflow/dags/ecommerce_etl_dag.py                           1           0  0.18s           2026-05-25T17:04:14
================================================================================
[2026-05-25T17:05:11.576+0000] {manager.py:878} INFO - 
================================================================================
DAG File Processing Stats

File Path                               PID    Runtime      # DAGs    # Errors  Last Runtime    Last Run
--------------------------------------  -----  ---------  --------  ----------  --------------  -------------------
/opt/airflow/dags/ecommerce_etl_dag.py                           1           0  0.19s           2026-05-25T17:04:44
================================================================================
[2026-05-25T17:05:21.666+0000] {manager.py:737} INFO - Searching for files in /opt/airflow/dags
[2026-05-25T17:05:21.697+0000] {manager.py:740} INFO - There are 1 files in /opt/airflow/dags
[2026-05-25T17:05:41.805+0000] {manager.py:878} INFO - 
================================================================================
DAG File Processing Stats

File Path                               PID    Runtime      # DAGs    # Errors  Last Runtime    Last Run
--------------------------------------  -----  ---------  --------  ----------  --------------  -------------------
/opt/airflow/dags/ecommerce_etl_dag.py                           1           0  0.18s           2026-05-25T17:05:14
================================================================================
[2026-05-25T17:06:12.110+0000] {manager.py:878} INFO - 
================================================================================
DAG File Processing Stats

File Path                               PID    Runtime      # DAGs    # Errors  Last Runtime    Last Run
--------------------------------------  -----  ---------  --------  ----------  --------------  -------------------
/opt/airflow/dags/ecommerce_etl_dag.py                           1           0  0.31s           2026-05-25T17:05:45
================================================================================
[2026-05-25T17:06:42.501+0000] {manager.py:878} INFO - 
================================================================================
DAG File Processing Stats

File Path                               PID    Runtime      # DAGs    # Errors  Last Runtime    Last Run
--------------------------------------  -----  ---------  --------  ----------  --------------  -------------------
/opt/airflow/dags/ecommerce_etl_dag.py                           1           0  0.25s           2026-05-25T17:06:15
================================================================================
[2026-05-25T17:07:12.889+0000] {manager.py:878} INFO - 
================================================================================
DAG File Processing Stats

File Path                               PID    Runtime      # DAGs    # Errors  Last Runtime    Last Run
--------------------------------------  -----  ---------  --------  ----------  --------------  -------------------
/opt/airflow/dags/ecommerce_etl_dag.py                           1           0  0.16s           2026-05-25T17:06:45
================================================================================
[2026-05-25T17:07:43.214+0000] {manager.py:878} INFO - 
================================================================================
DAG File Processing Stats

File Path                               PID    Runtime      # DAGs    # Errors  Last Runtime    Last Run
--------------------------------------  -----  ---------  --------  ----------  --------------  -------------------
/opt/airflow/dags/ecommerce_etl_dag.py                           1           0  0.17s           2026-05-25T17:07:16
================================================================================
[2026-05-25T17:08:13.427+0000] {manager.py:878} INFO - 
================================================================================
DAG File Processing Stats

File Path                               PID    Runtime      # DAGs    # Errors  Last Runtime    Last Run
--------------------------------------  -----  ---------  --------  ----------  --------------  -------------------
/opt/airflow/dags/ecommerce_etl_dag.py                           1           0  0.20s           2026-05-25T17:07:46
================================================================================
[2026-05-25T17:08:43.731+0000] {manager.py:878} INFO - 
================================================================================
DAG File Processing Stats

File Path                               PID    Runtime      # DAGs    # Errors  Last Runtime    Last Run
--------------------------------------  -----  ---------  --------  ----------  --------------  -------------------
/opt/airflow/dags/ecommerce_etl_dag.py                           1           0  0.17s           2026-05-25T17:08:16
================================================================================
[2026-05-25T17:09:13.918+0000] {manager.py:878} INFO - 
================================================================================
DAG File Processing Stats

File Path                               PID    Runtime      # DAGs    # Errors  Last Runtime    Last Run
--------------------------------------  -----  ---------  --------  ----------  --------------  -------------------
/opt/airflow/dags/ecommerce_etl_dag.py                           1           0  0.15s           2026-05-25T17:08:46
================================================================================
[2026-05-25T17:09:44.229+0000] {manager.py:878} INFO - 
================================================================================
DAG File Processing Stats

File Path                               PID    Runtime      # DAGs    # Errors  Last Runtime    Last Run
--------------------------------------  -----  ---------  --------  ----------  --------------  -------------------
/opt/airflow/dags/ecommerce_etl_dag.py                           1           0  0.16s           2026-05-25T17:09:17
================================================================================
[2026-05-25T17:10:14.461+0000] {manager.py:878} INFO - 
================================================================================
DAG File Processing Stats

File Path                               PID    Runtime      # DAGs    # Errors  Last Runtime    Last Run
--------------------------------------  -----  ---------  --------  ----------  --------------  -------------------
/opt/airflow/dags/ecommerce_etl_dag.py                           1           0  0.23s           2026-05-25T17:09:47
================================================================================
[2026-05-25T17:10:21.677+0000] {manager.py:737} INFO - Searching for files in /opt/airflow/dags
[2026-05-25T17:10:21.708+0000] {manager.py:740} INFO - There are 1 files in /opt/airflow/dags
[2026-05-25T17:10:44.843+0000] {manager.py:878} INFO - 
================================================================================
DAG File Processing Stats

File Path                               PID    Runtime      # DAGs    # Errors  Last Runtime    Last Run
--------------------------------------  -----  ---------  --------  ----------  --------------  -------------------
/opt/airflow/dags/ecommerce_etl_dag.py                           1           0  0.15s           2026-05-25T17:10:17
================================================================================
[2026-05-25T17:11:15.109+0000] {manager.py:878} INFO - 
================================================================================
DAG File Processing Stats

File Path                               PID    Runtime      # DAGs    # Errors  Last Runtime    Last Run
--------------------------------------  -----  ---------  --------  ----------  --------------  -------------------
/opt/airflow/dags/ecommerce_etl_dag.py                           1           0  0.14s           2026-05-25T17:10:48
================================================================================
[2026-05-25T17:11:45.347+0000] {manager.py:878} INFO - 
================================================================================
DAG File Processing Stats

File Path                               PID    Runtime      # DAGs    # Errors  Last Runtime    Last Run
--------------------------------------  -----  ---------  --------  ----------  --------------  -------------------
/opt/airflow/dags/ecommerce_etl_dag.py                           1           0  0.16s           2026-05-25T17:11:18
================================================================================
[2026-05-25T17:12:15.677+0000] {manager.py:878} INFO - 
================================================================================
DAG File Processing Stats

File Path                               PID    Runtime      # DAGs    # Errors  Last Runtime    Last Run
--------------------------------------  -----  ---------  --------  ----------  --------------  -------------------
/opt/airflow/dags/ecommerce_etl_dag.py                           1           0  0.19s           2026-05-25T17:11:48
================================================================================
[2026-05-25T17:12:45.873+0000] {manager.py:878} INFO - 
================================================================================
DAG File Processing Stats

File Path                               PID    Runtime      # DAGs    # Errors  Last Runtime    Last Run
--------------------------------------  -----  ---------  --------  ----------  --------------  -------------------
/opt/airflow/dags/ecommerce_etl_dag.py                           1           0  0.16s           2026-05-25T17:12:18
================================================================================
[2026-05-25T17:13:16.160+0000] {manager.py:878} INFO - 
================================================================================
DAG File Processing Stats

File Path                               PID    Runtime      # DAGs    # Errors  Last Runtime    Last Run
--------------------------------------  -----  ---------  --------  ----------  --------------  -------------------
/opt/airflow/dags/ecommerce_etl_dag.py                           1           0  0.15s           2026-05-25T17:12:49
================================================================================
[2026-05-25T17:13:46.389+0000] {manager.py:878} INFO - 
================================================================================
DAG File Processing Stats

File Path                               PID    Runtime      # DAGs    # Errors  Last Runtime    Last Run
--------------------------------------  -----  ---------  --------  ----------  --------------  -------------------
/opt/airflow/dags/ecommerce_etl_dag.py                           1           0  0.16s           2026-05-25T17:13:19
================================================================================
[2026-05-25T17:14:16.738+0000] {manager.py:878} INFO - 
================================================================================
DAG File Processing Stats

File Path                               PID    Runtime      # DAGs    # Errors  Last Runtime    Last Run
--------------------------------------  -----  ---------  --------  ----------  --------------  -------------------
/opt/airflow/dags/ecommerce_etl_dag.py                           1           0  0.15s           2026-05-25T17:13:49
================================================================================
[2026-05-25T17:14:46.937+0000] {manager.py:878} INFO - 
================================================================================
DAG File Processing Stats

File Path                               PID    Runtime      # DAGs    # Errors  Last Runtime    Last Run
--------------------------------------  -----  ---------  --------  ----------  --------------  -------------------
/opt/airflow/dags/ecommerce_etl_dag.py                           1           0  0.19s           2026-05-25T17:14:19
================================================================================
[2026-05-25T17:15:17.279+0000] {manager.py:878} INFO - 
================================================================================
DAG File Processing Stats

File Path                               PID    Runtime      # DAGs    # Errors  Last Runtime    Last Run
--------------------------------------  -----  ---------  --------  ----------  --------------  -------------------
/opt/airflow/dags/ecommerce_etl_dag.py                           1           0  0.17s           2026-05-25T17:14:50
================================================================================
[2026-05-25T17:15:22.483+0000] {manager.py:737} INFO - Searching for files in /opt/airflow/dags
[2026-05-25T17:15:22.513+0000] {manager.py:740} INFO - There are 1 files in /opt/airflow/dags
[2026-05-25T17:15:47.716+0000] {manager.py:878} INFO - 
================================================================================
DAG File Processing Stats

File Path                               PID    Runtime      # DAGs    # Errors  Last Runtime    Last Run
--------------------------------------  -----  ---------  --------  ----------  --------------  -------------------
/opt/airflow/dags/ecommerce_etl_dag.py                           1           0  0.18s           2026-05-25T17:15:20
================================================================================
[2026-05-25T17:16:17.983+0000] {manager.py:878} INFO - 
================================================================================
DAG File Processing Stats

File Path                               PID    Runtime      # DAGs    # Errors  Last Runtime    Last Run
--------------------------------------  -----  ---------  --------  ----------  --------------  -------------------
/opt/airflow/dags/ecommerce_etl_dag.py                           1           0  0.20s           2026-05-25T17:15:50
================================================================================
[2026-05-25T17:16:48.299+0000] {manager.py:878} INFO - 
================================================================================
DAG File Processing Stats

File Path                               PID    Runtime      # DAGs    # Errors  Last Runtime    Last Run
--------------------------------------  -----  ---------  --------  ----------  --------------  -------------------
/opt/airflow/dags/ecommerce_etl_dag.py                           1           0  0.25s           2026-05-25T17:16:21
================================================================================
[2026-05-25T17:17:18.568+0000] {manager.py:878} INFO - 
================================================================================
DAG File Processing Stats

File Path                               PID    Runtime      # DAGs    # Errors  Last Runtime    Last Run
--------------------------------------  -----  ---------  --------  ----------  --------------  -------------------
/opt/airflow/dags/ecommerce_etl_dag.py                           1           0  0.16s           2026-05-25T17:16:51
================================================================================
[2026-05-25T17:17:48.804+0000] {manager.py:878} INFO - 
================================================================================
DAG File Processing Stats

File Path                               PID    Runtime      # DAGs    # Errors  Last Runtime    Last Run
--------------------------------------  -----  ---------  --------  ----------  --------------  -------------------
/opt/airflow/dags/ecommerce_etl_dag.py                           1           0  0.15s           2026-05-25T17:17:21
================================================================================
[2026-05-25T17:18:19.034+0000] {manager.py:878} INFO - 
================================================================================
DAG File Processing Stats

File Path                               PID    Runtime      # DAGs    # Errors  Last Runtime    Last Run
--------------------------------------  -----  ---------  --------  ----------  --------------  -------------------
/opt/airflow/dags/ecommerce_etl_dag.py                           1           0  0.16s           2026-05-25T17:17:51
================================================================================
[2026-05-25T17:18:49.263+0000] {manager.py:878} INFO - 
================================================================================
DAG File Processing Stats

File Path                               PID    Runtime      # DAGs    # Errors  Last Runtime    Last Run
--------------------------------------  -----  ---------  --------  ----------  --------------  -------------------
/opt/airflow/dags/ecommerce_etl_dag.py                           1           0  0.14s           2026-05-25T17:18:22
================================================================================
[2026-05-25T17:19:19.481+0000] {manager.py:878} INFO - 
================================================================================
DAG File Processing Stats

File Path                               PID    Runtime      # DAGs    # Errors  Last Runtime    Last Run
--------------------------------------  -----  ---------  --------  ----------  --------------  -------------------
/opt/airflow/dags/ecommerce_etl_dag.py                           1           0  0.14s           2026-05-25T17:18:52
================================================================================
[2026-05-25T17:19:49.774+0000] {manager.py:878} INFO - 
================================================================================
DAG File Processing Stats

File Path                               PID    Runtime      # DAGs    # Errors  Last Runtime    Last Run
--------------------------------------  -----  ---------  --------  ----------  --------------  -------------------
/opt/airflow/dags/ecommerce_etl_dag.py                           1           0  0.19s           2026-05-25T17:19:22
================================================================================
[2026-05-25T17:20:20.126+0000] {manager.py:878} INFO - 
================================================================================
DAG File Processing Stats

File Path                               PID    Runtime      # DAGs    # Errors  Last Runtime    Last Run
--------------------------------------  -----  ---------  --------  ----------  --------------  -------------------
/opt/airflow/dags/ecommerce_etl_dag.py                           1           0  0.19s           2026-05-25T17:19:52
================================================================================
[2026-05-25T17:20:23.142+0000] {manager.py:737} INFO - Searching for files in /opt/airflow/dags
[2026-05-25T17:20:23.189+0000] {manager.py:740} INFO - There are 1 files in /opt/airflow/dags
[2026-05-25T17:20:50.401+0000] {manager.py:878} INFO - 
================================================================================
DAG File Processing Stats

File Path                               PID    Runtime      # DAGs    # Errors  Last Runtime    Last Run
--------------------------------------  -----  ---------  --------  ----------  --------------  -------------------
/opt/airflow/dags/ecommerce_etl_dag.py                           1           0  0.27s           2026-05-25T17:20:23
================================================================================
[2026-05-25T17:21:20.886+0000] {manager.py:878} INFO - 
================================================================================
DAG File Processing Stats

File Path                               PID    Runtime      # DAGs    # Errors  Last Runtime    Last Run
--------------------------------------  -----  ---------  --------  ----------  --------------  -------------------
/opt/airflow/dags/ecommerce_etl_dag.py                           1           0  0.25s           2026-05-25T17:20:53
================================================================================
[2026-05-25T17:21:51.243+0000] {manager.py:878} INFO - 
================================================================================
DAG File Processing Stats

File Path                               PID    Runtime      # DAGs    # Errors  Last Runtime    Last Run
--------------------------------------  -----  ---------  --------  ----------  --------------  -------------------
/opt/airflow/dags/ecommerce_etl_dag.py                           1           0  0.18s           2026-05-25T17:21:24
================================================================================
[2026-05-25T17:22:21.561+0000] {manager.py:878} INFO - 
================================================================================
DAG File Processing Stats

File Path                               PID    Runtime      # DAGs    # Errors  Last Runtime    Last Run
--------------------------------------  -----  ---------  --------  ----------  --------------  -------------------
/opt/airflow/dags/ecommerce_etl_dag.py                           1           0  0.22s           2026-05-25T17:21:54
================================================================================
[2026-05-25T17:22:52.002+0000] {manager.py:878} INFO - 
================================================================================
DAG File Processing Stats

File Path                               PID    Runtime      # DAGs    # Errors  Last Runtime    Last Run
--------------------------------------  -----  ---------  --------  ----------  --------------  -------------------
/opt/airflow/dags/ecommerce_etl_dag.py                           1           0  0.20s           2026-05-25T17:22:25
================================================================================
[2026-05-25T17:23:22.374+0000] {manager.py:878} INFO - 
================================================================================
DAG File Processing Stats

File Path                               PID    Runtime      # DAGs    # Errors  Last Runtime    Last Run
--------------------------------------  -----  ---------  --------  ----------  --------------  -------------------
/opt/airflow/dags/ecommerce_etl_dag.py                           1           0  0.16s           2026-05-25T17:22:55
================================================================================
[2026-05-25T17:23:52.658+0000] {manager.py:878} INFO - 
================================================================================
DAG File Processing Stats

File Path                               PID    Runtime      # DAGs    # Errors  Last Runtime    Last Run
--------------------------------------  -----  ---------  --------  ----------  --------------  -------------------
/opt/airflow/dags/ecommerce_etl_dag.py                           1           0  0.18s           2026-05-25T17:23:25
================================================================================
[2026-05-25T17:24:22.901+0000] {manager.py:878} INFO - 
================================================================================
DAG File Processing Stats

File Path                               PID    Runtime      # DAGs    # Errors  Last Runtime    Last Run
--------------------------------------  -----  ---------  --------  ----------  --------------  -------------------
/opt/airflow/dags/ecommerce_etl_dag.py                           1           0  0.44s           2026-05-25T17:23:56
================================================================================
[2026-05-25T17:24:53.484+0000] {manager.py:878} INFO - 
================================================================================
DAG File Processing Stats

File Path                               PID    Runtime      # DAGs    # Errors  Last Runtime    Last Run
--------------------------------------  -----  ---------  --------  ----------  --------------  -------------------
/opt/airflow/dags/ecommerce_etl_dag.py                           1           0  0.21s           2026-05-25T17:24:26
================================================================================
[2026-05-25T17:25:23.833+0000] {manager.py:737} INFO - Searching for files in /opt/airflow/dags
[2026-05-25T17:25:23.882+0000] {manager.py:740} INFO - There are 1 files in /opt/airflow/dags
[2026-05-25T17:25:23.935+0000] {manager.py:878} INFO - 
================================================================================
DAG File Processing Stats

File Path                               PID    Runtime      # DAGs    # Errors  Last Runtime    Last Run
--------------------------------------  -----  ---------  --------  ----------  --------------  -------------------
/opt/airflow/dags/ecommerce_etl_dag.py                           1           0  0.21s           2026-05-25T17:24:56
================================================================================
[2026-05-25T17:25:54.253+0000] {manager.py:878} INFO - 
================================================================================
DAG File Processing Stats

File Path                               PID    Runtime      # DAGs    # Errors  Last Runtime    Last Run
--------------------------------------  -----  ---------  --------  ----------  --------------  -------------------
/opt/airflow/dags/ecommerce_etl_dag.py                           1           0  0.23s           2026-05-25T17:25:27
================================================================================
[2026-05-25T17:26:24.539+0000] {manager.py:878} INFO - 
================================================================================
DAG File Processing Stats

File Path                               PID    Runtime      # DAGs    # Errors  Last Runtime    Last Run
--------------------------------------  -----  ---------  --------  ----------  --------------  -------------------
/opt/airflow/dags/ecommerce_etl_dag.py                           1           0  0.18s           2026-05-25T17:25:57
================================================================================
[2026-05-25T17:26:54.769+0000] {manager.py:878} INFO - 
================================================================================
DAG File Processing Stats

File Path                               PID    Runtime      # DAGs    # Errors  Last Runtime    Last Run
--------------------------------------  -----  ---------  --------  ----------  --------------  -------------------
/opt/airflow/dags/ecommerce_etl_dag.py                           1           0  0.23s           2026-05-25T17:26:27
================================================================================
[2026-05-25T17:27:25.178+0000] {manager.py:878} INFO - 
================================================================================
DAG File Processing Stats

File Path                               PID    Runtime      # DAGs    # Errors  Last Runtime    Last Run
--------------------------------------  -----  ---------  --------  ----------  --------------  -------------------
/opt/airflow/dags/ecommerce_etl_dag.py                           1           0  0.19s           2026-05-25T17:26:58
================================================================================
[2026-05-25T17:27:55.507+0000] {manager.py:878} INFO - 
================================================================================
DAG File Processing Stats

File Path                               PID    Runtime      # DAGs    # Errors  Last Runtime    Last Run
--------------------------------------  -----  ---------  --------  ----------  --------------  -------------------
/opt/airflow/dags/ecommerce_etl_dag.py                           1           0  0.22s           2026-05-25T17:27:28
================================================================================
[2026-05-25T17:28:25.770+0000] {manager.py:878} INFO - 
================================================================================
DAG File Processing Stats

File Path                               PID    Runtime      # DAGs    # Errors  Last Runtime    Last Run
--------------------------------------  -----  ---------  --------  ----------  --------------  -------------------
/opt/airflow/dags/ecommerce_etl_dag.py                           1           0  0.18s           2026-05-25T17:27:58
================================================================================
[2026-05-25T17:28:56.013+0000] {manager.py:878} INFO - 
================================================================================
DAG File Processing Stats

File Path                               PID    Runtime      # DAGs    # Errors  Last Runtime    Last Run
--------------------------------------  -----  ---------  --------  ----------  --------------  -------------------
/opt/airflow/dags/ecommerce_etl_dag.py                           1           0  0.15s           2026-05-25T17:28:28
================================================================================
[2026-05-25T17:29:26.333+0000] {manager.py:878} INFO - 
================================================================================
DAG File Processing Stats

File Path                               PID    Runtime      # DAGs    # Errors  Last Runtime    Last Run
--------------------------------------  -----  ---------  --------  ----------  --------------  -------------------
/opt/airflow/dags/ecommerce_etl_dag.py                           1           0  0.17s           2026-05-25T17:28:59
================================================================================
[2026-05-25T17:29:56.536+0000] {manager.py:878} INFO - 
================================================================================
DAG File Processing Stats

File Path                               PID    Runtime      # DAGs    # Errors  Last Runtime    Last Run
--------------------------------------  -----  ---------  --------  ----------  --------------  -------------------
/opt/airflow/dags/ecommerce_etl_dag.py                           1           0  0.17s           2026-05-25T17:29:29
================================================================================
[2026-05-25T17:30:23.876+0000] {manager.py:737} INFO - Searching for files in /opt/airflow/dags
[2026-05-25T17:30:23.905+0000] {manager.py:740} INFO - There are 1 files in /opt/airflow/dags
[2026-05-25T17:30:26.837+0000] {manager.py:878} INFO - 
================================================================================
DAG File Processing Stats

File Path                               PID    Runtime      # DAGs    # Errors  Last Runtime    Last Run
--------------------------------------  -----  ---------  --------  ----------  --------------  -------------------
/opt/airflow/dags/ecommerce_etl_dag.py                           1           0  0.20s           2026-05-25T17:29:59
================================================================================
[2026-05-25T17:30:57.092+0000] {manager.py:878} INFO - 
================================================================================
DAG File Processing Stats

File Path                               PID    Runtime      # DAGs    # Errors  Last Runtime    Last Run
--------------------------------------  -----  ---------  --------  ----------  --------------  -------------------
/opt/airflow/dags/ecommerce_etl_dag.py                           1           0  0.16s           2026-05-25T17:30:30
================================================================================
[2026-05-25T17:31:27.355+0000] {manager.py:878} INFO - 
================================================================================
DAG File Processing Stats

File Path                               PID    Runtime      # DAGs    # Errors  Last Runtime    Last Run
--------------------------------------  -----  ---------  --------  ----------  --------------  -------------------
/opt/airflow/dags/ecommerce_etl_dag.py                           1           0  0.15s           2026-05-25T17:31:00
================================================================================
[2026-05-25T17:31:57.585+0000] {manager.py:878} INFO - 
================================================================================
DAG File Processing Stats

File Path                               PID    Runtime      # DAGs    # Errors  Last Runtime    Last Run
--------------------------------------  -----  ---------  --------  ----------  --------------  -------------------
/opt/airflow/dags/ecommerce_etl_dag.py                           1           0  0.15s           2026-05-25T17:31:30
================================================================================
[2026-05-25T17:32:27.839+0000] {manager.py:878} INFO - 
================================================================================
DAG File Processing Stats

File Path                               PID    Runtime      # DAGs    # Errors  Last Runtime    Last Run
--------------------------------------  -----  ---------  --------  ----------  --------------  -------------------
/opt/airflow/dags/ecommerce_etl_dag.py                           1           0  0.17s           2026-05-25T17:32:00
================================================================================
[2026-05-25T17:32:58.116+0000] {manager.py:878} INFO - 
================================================================================
DAG File Processing Stats

File Path                               PID    Runtime      # DAGs    # Errors  Last Runtime    Last Run
--------------------------------------  -----  ---------  --------  ----------  --------------  -------------------
/opt/airflow/dags/ecommerce_etl_dag.py                           1           0  0.16s           2026-05-25T17:32:31
================================================================================
[2026-05-25T17:33:28.389+0000] {manager.py:878} INFO - 
================================================================================
DAG File Processing Stats

File Path                               PID    Runtime      # DAGs    # Errors  Last Runtime    Last Run
--------------------------------------  -----  ---------  --------  ----------  --------------  -------------------
/opt/airflow/dags/ecommerce_etl_dag.py                           1           0  0.34s           2026-05-25T17:33:01
================================================================================
[2026-05-25T17:33:58.857+0000] {manager.py:878} INFO - 
================================================================================
DAG File Processing Stats

File Path                               PID    Runtime      # DAGs    # Errors  Last Runtime    Last Run
--------------------------------------  -----  ---------  --------  ----------  --------------  -------------------
/opt/airflow/dags/ecommerce_etl_dag.py                           1           0  0.15s           2026-05-25T17:33:31
================================================================================
[2026-05-25T17:34:29.140+0000] {manager.py:878} INFO - 
================================================================================
DAG File Processing Stats

File Path                               PID    Runtime      # DAGs    # Errors  Last Runtime    Last Run
--------------------------------------  -----  ---------  --------  ----------  --------------  -------------------
/opt/airflow/dags/ecommerce_etl_dag.py                           1           0  0.18s           2026-05-25T17:34:02
================================================================================
[2026-05-25T17:34:59.386+0000] {manager.py:878} INFO - 
================================================================================
DAG File Processing Stats

File Path                               PID    Runtime      # DAGs    # Errors  Last Runtime    Last Run
--------------------------------------  -----  ---------  --------  ----------  --------------  -------------------
/opt/airflow/dags/ecommerce_etl_dag.py                           1           0  0.17s           2026-05-25T17:34:32
================================================================================
[2026-05-25T17:35:24.545+0000] {manager.py:737} INFO - Searching for files in /opt/airflow/dags
[2026-05-25T17:35:24.574+0000] {manager.py:740} INFO - There are 1 files in /opt/airflow/dags
[2026-05-25T17:35:29.615+0000] {manager.py:878} INFO - 
================================================================================
DAG File Processing Stats

File Path                               PID    Runtime      # DAGs    # Errors  Last Runtime    Last Run
--------------------------------------  -----  ---------  --------  ----------  --------------  -------------------
/opt/airflow/dags/ecommerce_etl_dag.py                           1           0  0.14s           2026-05-25T17:35:02
================================================================================
[2026-05-25T17:35:59.826+0000] {manager.py:878} INFO - 
================================================================================
DAG File Processing Stats

File Path                               PID    Runtime      # DAGs    # Errors  Last Runtime    Last Run
--------------------------------------  -----  ---------  --------  ----------  --------------  -------------------
/opt/airflow/dags/ecommerce_etl_dag.py                           1           0  0.14s           2026-05-25T17:35:32
================================================================================
[2026-05-25T17:36:30.052+0000] {manager.py:878} INFO - 
================================================================================
DAG File Processing Stats

File Path                               PID    Runtime      # DAGs    # Errors  Last Runtime    Last Run
--------------------------------------  -----  ---------  --------  ----------  --------------  -------------------
/opt/airflow/dags/ecommerce_etl_dag.py                           1           0  0.18s           2026-05-25T17:36:03
================================================================================
[2026-05-25T17:37:00.294+0000] {manager.py:878} INFO - 
================================================================================
DAG File Processing Stats

File Path                               PID    Runtime      # DAGs    # Errors  Last Runtime    Last Run
--------------------------------------  -----  ---------  --------  ----------  --------------  -------------------
/opt/airflow/dags/ecommerce_etl_dag.py                           1           0  0.15s           2026-05-25T17:36:33
================================================================================
[2026-05-25T17:37:30.500+0000] {manager.py:878} INFO - 
================================================================================
DAG File Processing Stats

File Path                               PID    Runtime      # DAGs    # Errors  Last Runtime    Last Run
--------------------------------------  -----  ---------  --------  ----------  --------------  -------------------
/opt/airflow/dags/ecommerce_etl_dag.py                           1           0  0.14s           2026-05-25T17:37:03
================================================================================
[2026-05-25T17:38:00.754+0000] {manager.py:878} INFO - 
================================================================================
DAG File Processing Stats

File Path                               PID    Runtime      # DAGs    # Errors  Last Runtime    Last Run
--------------------------------------  -----  ---------  --------  ----------  --------------  -------------------
/opt/airflow/dags/ecommerce_etl_dag.py                           1           0  0.14s           2026-05-25T17:37:33
================================================================================
[2026-05-25T17:38:30.959+0000] {manager.py:878} INFO - 
================================================================================
DAG File Processing Stats

File Path                               PID    Runtime      # DAGs    # Errors  Last Runtime    Last Run
--------------------------------------  -----  ---------  --------  ----------  --------------  -------------------
/opt/airflow/dags/ecommerce_etl_dag.py                           1           0  0.23s           2026-05-25T17:38:04
================================================================================
[2026-05-25T17:39:01.295+0000] {manager.py:878} INFO - 
================================================================================
DAG File Processing Stats

File Path                               PID    Runtime      # DAGs    # Errors  Last Runtime    Last Run
--------------------------------------  -----  ---------  --------  ----------  --------------  -------------------
/opt/airflow/dags/ecommerce_etl_dag.py                           1           0  0.20s           2026-05-25T17:38:34
================================================================================
[2026-05-25T17:39:31.680+0000] {manager.py:878} INFO - 
================================================================================
DAG File Processing Stats

File Path                               PID    Runtime      # DAGs    # Errors  Last Runtime    Last Run
--------------------------------------  -----  ---------  --------  ----------  --------------  -------------------
/opt/airflow/dags/ecommerce_etl_dag.py                           1           0  0.31s           2026-05-25T17:39:04
================================================================================
[2026-05-25T17:40:02.125+0000] {manager.py:878} INFO - 
================================================================================
DAG File Processing Stats

File Path                               PID    Runtime      # DAGs    # Errors  Last Runtime    Last Run
--------------------------------------  -----  ---------  --------  ----------  --------------  -------------------
/opt/airflow/dags/ecommerce_etl_dag.py                           1           0  0.15s           2026-05-25T17:39:35
================================================================================
[2026-05-25T17:40:25.368+0000] {manager.py:737} INFO - Searching for files in /opt/airflow/dags
[2026-05-25T17:40:25.392+0000] {manager.py:740} INFO - There are 1 files in /opt/airflow/dags
[2026-05-25T17:40:32.437+0000] {manager.py:878} INFO - 
================================================================================
DAG File Processing Stats

File Path                               PID    Runtime      # DAGs    # Errors  Last Runtime    Last Run
--------------------------------------  -----  ---------  --------  ----------  --------------  -------------------
/opt/airflow/dags/ecommerce_etl_dag.py                           1           0  0.14s           2026-05-25T17:40:05
================================================================================
[2026-05-25T17:41:02.681+0000] {manager.py:878} INFO - 
================================================================================
DAG File Processing Stats

File Path                               PID    Runtime      # DAGs    # Errors  Last Runtime    Last Run
--------------------------------------  -----  ---------  --------  ----------  --------------  -------------------
/opt/airflow/dags/ecommerce_etl_dag.py                           1           0  0.15s           2026-05-25T17:40:35
================================================================================
[2026-05-25T17:41:32.948+0000] {manager.py:878} INFO - 
================================================================================
DAG File Processing Stats

File Path                               PID    Runtime      # DAGs    # Errors  Last Runtime    Last Run
--------------------------------------  -----  ---------  --------  ----------  --------------  -------------------
/opt/airflow/dags/ecommerce_etl_dag.py                           1           0  0.14s           2026-05-25T17:41:05
================================================================================
[2026-05-25T17:42:03.168+0000] {manager.py:878} INFO - 
================================================================================
DAG File Processing Stats

File Path                               PID    Runtime      # DAGs    # Errors  Last Runtime    Last Run
--------------------------------------  -----  ---------  --------  ----------  --------------  -------------------
/opt/airflow/dags/ecommerce_etl_dag.py                           1           0  0.15s           2026-05-25T17:41:36
================================================================================
[2026-05-25T17:42:33.367+0000] {manager.py:878} INFO - 
================================================================================
DAG File Processing Stats

File Path                               PID    Runtime      # DAGs    # Errors  Last Runtime    Last Run
--------------------------------------  -----  ---------  --------  ----------  --------------  -------------------
/opt/airflow/dags/ecommerce_etl_dag.py                           1           0  0.14s           2026-05-25T17:42:06
================================================================================
[2026-05-25T17:43:03.579+0000] {manager.py:878} INFO - 
================================================================================
DAG File Processing Stats

File Path                               PID    Runtime      # DAGs    # Errors  Last Runtime    Last Run
--------------------------------------  -----  ---------  --------  ----------  --------------  -------------------
/opt/airflow/dags/ecommerce_etl_dag.py                           1           0  0.15s           2026-05-25T17:42:36
================================================================================
[2026-05-25T17:43:33.808+0000] {manager.py:878} INFO - 
================================================================================
DAG File Processing Stats

File Path                               PID    Runtime      # DAGs    # Errors  Last Runtime    Last Run
--------------------------------------  -----  ---------  --------  ----------  --------------  -------------------
/opt/airflow/dags/ecommerce_etl_dag.py                           1           0  0.28s           2026-05-25T17:43:06
================================================================================
[2026-05-25T17:44:04.211+0000] {manager.py:878} INFO - 
================================================================================
DAG File Processing Stats

File Path                               PID    Runtime      # DAGs    # Errors  Last Runtime    Last Run
--------------------------------------  -----  ---------  --------  ----------  --------------  -------------------
/opt/airflow/dags/ecommerce_etl_dag.py                           1           0  0.21s           2026-05-25T17:43:37
================================================================================
[2026-05-25T17:44:34.557+0000] {manager.py:878} INFO - 
================================================================================
DAG File Processing Stats

File Path                               PID    Runtime      # DAGs    # Errors  Last Runtime    Last Run
--------------------------------------  -----  ---------  --------  ----------  --------------  -------------------
/opt/airflow/dags/ecommerce_etl_dag.py                           1           0  0.14s           2026-05-25T17:44:07
================================================================================
[2026-05-25T17:45:04.817+0000] {manager.py:878} INFO - 
================================================================================
DAG File Processing Stats

File Path                               PID    Runtime      # DAGs    # Errors  Last Runtime    Last Run
--------------------------------------  -----  ---------  --------  ----------  --------------  -------------------
/opt/airflow/dags/ecommerce_etl_dag.py                           1           0  0.16s           2026-05-25T17:44:37
================================================================================
[2026-05-25T17:45:26.001+0000] {manager.py:737} INFO - Searching for files in /opt/airflow/dags
[2026-05-25T17:45:26.027+0000] {manager.py:740} INFO - There are 1 files in /opt/airflow/dags
[2026-05-25T17:45:35.094+0000] {manager.py:878} INFO - 
================================================================================
DAG File Processing Stats

File Path                               PID    Runtime      # DAGs    # Errors  Last Runtime    Last Run
--------------------------------------  -----  ---------  --------  ----------  --------------  -------------------
/opt/airflow/dags/ecommerce_etl_dag.py                           1           0  0.15s           2026-05-25T17:45:08
================================================================================
[2026-05-25T17:46:05.302+0000] {manager.py:878} INFO - 
================================================================================
DAG File Processing Stats

File Path                               PID    Runtime      # DAGs    # Errors  Last Runtime    Last Run
--------------------------------------  -----  ---------  --------  ----------  --------------  -------------------
/opt/airflow/dags/ecommerce_etl_dag.py                           1           0  0.15s           2026-05-25T17:45:38
================================================================================
[2026-05-25T17:46:35.537+0000] {manager.py:878} INFO - 
================================================================================
DAG File Processing Stats

File Path                               PID    Runtime      # DAGs    # Errors  Last Runtime    Last Run
--------------------------------------  -----  ---------  --------  ----------  --------------  -------------------
/opt/airflow/dags/ecommerce_etl_dag.py                           1           0  0.15s           2026-05-25T17:46:08
================================================================================
[2026-05-25T17:47:05.718+0000] {manager.py:878} INFO - 
================================================================================
DAG File Processing Stats

File Path                               PID    Runtime      # DAGs    # Errors  Last Runtime    Last Run
--------------------------------------  -----  ---------  --------  ----------  --------------  -------------------
/opt/airflow/dags/ecommerce_etl_dag.py                           1           0  0.14s           2026-05-25T17:46:38
================================================================================
[2026-05-25T17:47:35.960+0000] {manager.py:878} INFO - 
================================================================================
DAG File Processing Stats

File Path                               PID    Runtime      # DAGs    # Errors  Last Runtime    Last Run
--------------------------------------  -----  ---------  --------  ----------  --------------  -------------------
/opt/airflow/dags/ecommerce_etl_dag.py                           1           0  0.15s           2026-05-25T17:47:08
================================================================================
[2026-05-25T17:48:06.198+0000] {manager.py:878} INFO - 
================================================================================
DAG File Processing Stats

File Path                               PID    Runtime      # DAGs    # Errors  Last Runtime    Last Run
--------------------------------------  -----  ---------  --------  ----------  --------------  -------------------
/opt/airflow/dags/ecommerce_etl_dag.py                           1           0  0.14s           2026-05-25T17:47:39
================================================================================
[2026-05-25T17:48:36.453+0000] {manager.py:878} INFO - 
================================================================================
DAG File Processing Stats

File Path                               PID    Runtime      # DAGs    # Errors  Last Runtime    Last Run
--------------------------------------  -----  ---------  --------  ----------  --------------  -------------------
/opt/airflow/dags/ecommerce_etl_dag.py                           1           0  0.15s           2026-05-25T17:48:09
================================================================================
[2026-05-25T17:48:58.984+0000] {manager.py:452} INFO - Exiting gracefully upon receiving signal 15
[2026-05-27T15:21:32.987+0000] {manager.py:470} INFO - Processing files using up to 2 processes at a time 
[2026-05-27T15:21:32.989+0000] {manager.py:471} INFO - Process each file at most once every 30 seconds
[2026-05-27T15:21:32.991+0000] {manager.py:472} INFO - Checking for new files in /opt/airflow/dags every 300 seconds
[2026-05-27T15:21:32.992+0000] {manager.py:737} INFO - Searching for files in /opt/airflow/dags
[2026-05-27T15:21:33.082+0000] {manager.py:740} INFO - There are 1 files in /opt/airflow/dags
[2026-05-27T15:21:33.255+0000] {manager.py:878} INFO - 
================================================================================
DAG File Processing Stats

File Path                                 PID  Runtime      # DAGs    # Errors  Last Runtime    Last Run
--------------------------------------  -----  ---------  --------  ----------  --------------  ----------
/opt/airflow/dags/ecommerce_etl_dag.py    185  0.08s             0           0
================================================================================
[2026-05-27T15:22:03.577+0000] {manager.py:878} INFO - 
================================================================================
DAG File Processing Stats

File Path                               PID    Runtime      # DAGs    # Errors  Last Runtime    Last Run
--------------------------------------  -----  ---------  --------  ----------  --------------  -------------------
/opt/airflow/dags/ecommerce_etl_dag.py                           1           0  0.72s           2026-05-27T15:21:33
================================================================================
[2026-05-27T15:22:33.680+0000] {manager.py:878} INFO - 
================================================================================
DAG File Processing Stats

File Path                               PID    Runtime      # DAGs    # Errors  Last Runtime    Last Run
--------------------------------------  -----  ---------  --------  ----------  --------------  -------------------
/opt/airflow/dags/ecommerce_etl_dag.py                           1           0  0.40s           2026-05-27T15:22:04
================================================================================
[2026-05-27T15:23:03.879+0000] {manager.py:878} INFO - 
================================================================================
DAG File Processing Stats

File Path                               PID    Runtime      # DAGs    # Errors  Last Runtime    Last Run
--------------------------------------  -----  ---------  --------  ----------  --------------  -------------------
/opt/airflow/dags/ecommerce_etl_dag.py                           1           0  0.36s           2026-05-27T15:22:35
================================================================================
[2026-05-27T15:23:34.360+0000] {manager.py:878} INFO - 
================================================================================
DAG File Processing Stats

File Path                               PID    Runtime      # DAGs    # Errors  Last Runtime    Last Run
--------------------------------------  -----  ---------  --------  ----------  --------------  -------------------
/opt/airflow/dags/ecommerce_etl_dag.py                           1           0  0.73s           2026-05-27T15:23:06
================================================================================
[2026-05-27T15:24:04.830+0000] {manager.py:878} INFO - 
================================================================================
DAG File Processing Stats

File Path                               PID    Runtime      # DAGs    # Errors  Last Runtime    Last Run
--------------------------------------  -----  ---------  --------  ----------  --------------  -------------------
/opt/airflow/dags/ecommerce_etl_dag.py                           1           0  0.40s           2026-05-27T15:23:37
================================================================================
[2026-05-27T15:24:35.450+0000] {manager.py:878} INFO - 
================================================================================
DAG File Processing Stats

File Path                               PID    Runtime      # DAGs    # Errors  Last Runtime    Last Run
--------------------------------------  -----  ---------  --------  ----------  --------------  -------------------
/opt/airflow/dags/ecommerce_etl_dag.py                           1           0  0.26s           2026-05-27T15:24:07
================================================================================
[2026-05-27T15:25:05.605+0000] {manager.py:878} INFO - 
================================================================================
DAG File Processing Stats

File Path                               PID    Runtime      # DAGs    # Errors  Last Runtime    Last Run
--------------------------------------  -----  ---------  --------  ----------  --------------  -------------------
/opt/airflow/dags/ecommerce_etl_dag.py                           1           0  0.42s           2026-05-27T15:24:38
================================================================================
[2026-05-27T15:25:35.705+0000] {manager.py:878} INFO - 
================================================================================
DAG File Processing Stats

File Path                               PID    Runtime      # DAGs    # Errors  Last Runtime    Last Run
--------------------------------------  -----  ---------  --------  ----------  --------------  -------------------
/opt/airflow/dags/ecommerce_etl_dag.py                           1           0  0.20s           2026-05-27T15:25:08
================================================================================
[2026-05-27T15:26:05.920+0000] {manager.py:878} INFO - 
================================================================================
DAG File Processing Stats

File Path                               PID    Runtime      # DAGs    # Errors  Last Runtime    Last Run
--------------------------------------  -----  ---------  --------  ----------  --------------  -------------------
/opt/airflow/dags/ecommerce_etl_dag.py                           1           0  0.17s           2026-05-27T15:25:38
================================================================================
[2026-05-27T15:26:33.138+0000] {manager.py:737} INFO - Searching for files in /opt/airflow/dags
[2026-05-27T15:26:33.170+0000] {manager.py:740} INFO - There are 1 files in /opt/airflow/dags
[2026-05-27T15:26:36.214+0000] {manager.py:878} INFO - 
================================================================================
DAG File Processing Stats

File Path                               PID    Runtime      # DAGs    # Errors  Last Runtime    Last Run
--------------------------------------  -----  ---------  --------  ----------  --------------  -------------------
/opt/airflow/dags/ecommerce_etl_dag.py                           1           0  0.24s           2026-05-27T15:26:09
================================================================================
[2026-05-27T15:27:06.575+0000] {manager.py:878} INFO - 
================================================================================
DAG File Processing Stats

File Path                               PID    Runtime      # DAGs    # Errors  Last Runtime    Last Run
--------------------------------------  -----  ---------  --------  ----------  --------------  -------------------
/opt/airflow/dags/ecommerce_etl_dag.py                           1           0  0.16s           2026-05-27T15:26:39
================================================================================
[2026-05-27T15:27:36.778+0000] {manager.py:878} INFO - 
================================================================================
DAG File Processing Stats

File Path                               PID    Runtime      # DAGs    # Errors  Last Runtime    Last Run
--------------------------------------  -----  ---------  --------  ----------  --------------  -------------------
/opt/airflow/dags/ecommerce_etl_dag.py                           1           0  0.19s           2026-05-27T15:27:09
================================================================================
[2026-05-27T15:28:07.120+0000] {manager.py:878} INFO - 
================================================================================
DAG File Processing Stats

File Path                               PID    Runtime      # DAGs    # Errors  Last Runtime    Last Run
--------------------------------------  -----  ---------  --------  ----------  --------------  -------------------
/opt/airflow/dags/ecommerce_etl_dag.py                           1           0  0.19s           2026-05-27T15:27:39
================================================================================
[2026-05-27T15:28:37.321+0000] {manager.py:878} INFO - 
================================================================================
DAG File Processing Stats

File Path                               PID    Runtime      # DAGs    # Errors  Last Runtime    Last Run
--------------------------------------  -----  ---------  --------  ----------  --------------  -------------------
/opt/airflow/dags/ecommerce_etl_dag.py                           1           0  0.18s           2026-05-27T15:28:10
================================================================================
[2026-05-27T15:29:07.654+0000] {manager.py:878} INFO - 
================================================================================
DAG File Processing Stats

File Path                               PID    Runtime      # DAGs    # Errors  Last Runtime    Last Run
--------------------------------------  -----  ---------  --------  ----------  --------------  -------------------
/opt/airflow/dags/ecommerce_etl_dag.py                           1           0  0.16s           2026-05-27T15:28:40
================================================================================
[2026-05-27T15:29:37.868+0000] {manager.py:878} INFO - 
================================================================================
DAG File Processing Stats

File Path                               PID    Runtime      # DAGs    # Errors  Last Runtime    Last Run
--------------------------------------  -----  ---------  --------  ----------  --------------  -------------------
/opt/airflow/dags/ecommerce_etl_dag.py                           1           0  0.16s           2026-05-27T15:29:10
================================================================================
[2026-05-27T15:30:08.154+0000] {manager.py:878} INFO - 
================================================================================
DAG File Processing Stats

File Path                               PID    Runtime      # DAGs    # Errors  Last Runtime    Last Run
--------------------------------------  -----  ---------  --------  ----------  --------------  -------------------
/opt/airflow/dags/ecommerce_etl_dag.py                           1           0  0.19s           2026-05-27T15:29:41
================================================================================
[2026-05-27T15:30:38.391+0000] {manager.py:878} INFO - 
================================================================================
DAG File Processing Stats

File Path                               PID    Runtime      # DAGs    # Errors  Last Runtime    Last Run
--------------------------------------  -----  ---------  --------  ----------  --------------  -------------------
/opt/airflow/dags/ecommerce_etl_dag.py                           1           0  0.16s           2026-05-27T15:30:11
================================================================================
[2026-05-27T15:31:08.683+0000] {manager.py:878} INFO - 
================================================================================
DAG File Processing Stats

File Path                               PID    Runtime      # DAGs    # Errors  Last Runtime    Last Run
--------------------------------------  -----  ---------  --------  ----------  --------------  -------------------
/opt/airflow/dags/ecommerce_etl_dag.py                           1           0  0.16s           2026-05-27T15:30:41
================================================================================
[2026-05-27T15:31:33.908+0000] {manager.py:737} INFO - Searching for files in /opt/airflow/dags
[2026-05-27T15:31:33.935+0000] {manager.py:740} INFO - There are 1 files in /opt/airflow/dags
[2026-05-27T15:31:38.981+0000] {manager.py:878} INFO - 
================================================================================
DAG File Processing Stats

File Path                               PID    Runtime      # DAGs    # Errors  Last Runtime    Last Run
--------------------------------------  -----  ---------  --------  ----------  --------------  -------------------
/opt/airflow/dags/ecommerce_etl_dag.py                           1           0  0.18s           2026-05-27T15:31:11
================================================================================
[2026-05-27T15:32:09.195+0000] {manager.py:878} INFO - 
================================================================================
DAG File Processing Stats

File Path                               PID    Runtime      # DAGs    # Errors  Last Runtime    Last Run
--------------------------------------  -----  ---------  --------  ----------  --------------  -------------------
/opt/airflow/dags/ecommerce_etl_dag.py                           1           0  0.18s           2026-05-27T15:31:42
================================================================================
[2026-05-27T15:32:39.504+0000] {manager.py:878} INFO - 
================================================================================
DAG File Processing Stats

File Path                               PID    Runtime      # DAGs    # Errors  Last Runtime    Last Run
--------------------------------------  -----  ---------  --------  ----------  --------------  -------------------
/opt/airflow/dags/ecommerce_etl_dag.py                           1           0  0.20s           2026-05-27T15:32:12
================================================================================
[2026-05-27T15:33:09.923+0000] {manager.py:878} INFO - 
================================================================================
DAG File Processing Stats

File Path                               PID    Runtime      # DAGs    # Errors  Last Runtime    Last Run
--------------------------------------  -----  ---------  --------  ----------  --------------  -------------------
/opt/airflow/dags/ecommerce_etl_dag.py                           1           0  0.19s           2026-05-27T15:32:42
================================================================================
[2026-05-27T15:33:40.257+0000] {manager.py:878} INFO - 
================================================================================
DAG File Processing Stats

File Path                               PID    Runtime      # DAGs    # Errors  Last Runtime    Last Run
--------------------------------------  -----  ---------  --------  ----------  --------------  -------------------
/opt/airflow/dags/ecommerce_etl_dag.py                           1           0  0.27s           2026-05-27T15:33:13
================================================================================
[2026-05-27T15:34:10.743+0000] {manager.py:878} INFO - 
================================================================================
DAG File Processing Stats

File Path                               PID    Runtime      # DAGs    # Errors  Last Runtime    Last Run
--------------------------------------  -----  ---------  --------  ----------  --------------  -------------------
/opt/airflow/dags/ecommerce_etl_dag.py                           1           0  0.27s           2026-05-27T15:33:43
================================================================================
[2026-05-27T15:34:41.060+0000] {manager.py:878} INFO - 
================================================================================
DAG File Processing Stats

File Path                               PID    Runtime      # DAGs    # Errors  Last Runtime    Last Run
--------------------------------------  -----  ---------  --------  ----------  --------------  -------------------
/opt/airflow/dags/ecommerce_etl_dag.py                           1           0  0.26s           2026-05-27T15:34:14
================================================================================
[2026-05-27T15:35:11.504+0000] {manager.py:878} INFO - 
================================================================================
DAG File Processing Stats

File Path                               PID    Runtime      # DAGs    # Errors  Last Runtime    Last Run
--------------------------------------  -----  ---------  --------  ----------  --------------  -------------------
/opt/airflow/dags/ecommerce_etl_dag.py                           1           0  0.21s           2026-05-27T15:34:44
================================================================================
[2026-05-27T15:35:41.747+0000] {manager.py:878} INFO - 
================================================================================
DAG File Processing Stats

File Path                               PID    Runtime      # DAGs    # Errors  Last Runtime    Last Run
--------------------------------------  -----  ---------  --------  ----------  --------------  -------------------
/opt/airflow/dags/ecommerce_etl_dag.py                           1           0  0.18s           2026-05-27T15:35:14
================================================================================
[2026-05-27T15:36:12.170+0000] {manager.py:878} INFO - 
================================================================================
DAG File Processing Stats

File Path                               PID    Runtime      # DAGs    # Errors  Last Runtime    Last Run
--------------------------------------  -----  ---------  --------  ----------  --------------  -------------------
/opt/airflow/dags/ecommerce_etl_dag.py                           1           0  0.47s           2026-05-27T15:35:45
================================================================================
[2026-05-27T15:36:33.924+0000] {manager.py:737} INFO - Searching for files in /opt/airflow/dags
[2026-05-27T15:36:33.977+0000] {manager.py:740} INFO - There are 1 files in /opt/airflow/dags
[2026-05-27T15:36:42.640+0000] {manager.py:878} INFO - 
================================================================================
DAG File Processing Stats

File Path                               PID    Runtime      # DAGs    # Errors  Last Runtime    Last Run
--------------------------------------  -----  ---------  --------  ----------  --------------  -------------------
/opt/airflow/dags/ecommerce_etl_dag.py                           1           0  0.32s           2026-05-27T15:36:15
================================================================================
[2026-05-27T15:37:12.705+0000] {manager.py:878} INFO - 
================================================================================
DAG File Processing Stats

File Path                               PID    Runtime      # DAGs    # Errors  Last Runtime    Last Run
--------------------------------------  -----  ---------  --------  ----------  --------------  -------------------
/opt/airflow/dags/ecommerce_etl_dag.py                           1           0  0.41s           2026-05-27T15:36:46
================================================================================
[2026-05-27T15:37:42.936+0000] {manager.py:878} INFO - 
================================================================================
DAG File Processing Stats

File Path                               PID    Runtime      # DAGs    # Errors  Last Runtime    Last Run
--------------------------------------  -----  ---------  --------  ----------  --------------  -------------------
/opt/airflow/dags/ecommerce_etl_dag.py                           1           0  0.17s           2026-05-27T15:37:16
================================================================================
[2026-05-27T15:38:13.250+0000] {manager.py:878} INFO - 
================================================================================
DAG File Processing Stats

File Path                               PID    Runtime      # DAGs    # Errors  Last Runtime    Last Run
--------------------------------------  -----  ---------  --------  ----------  --------------  -------------------
/opt/airflow/dags/ecommerce_etl_dag.py                           1           0  0.17s           2026-05-27T15:37:47
================================================================================
[2026-05-27T15:38:43.459+0000] {manager.py:878} INFO - 
================================================================================
DAG File Processing Stats

File Path                               PID    Runtime      # DAGs    # Errors  Last Runtime    Last Run
--------------------------------------  -----  ---------  --------  ----------  --------------  -------------------
/opt/airflow/dags/ecommerce_etl_dag.py                           1           0  0.21s           2026-05-27T15:38:17
================================================================================
[2026-05-27T15:39:13.819+0000] {manager.py:878} INFO - 
================================================================================
DAG File Processing Stats

File Path                               PID    Runtime      # DAGs    # Errors  Last Runtime    Last Run
--------------------------------------  -----  ---------  --------  ----------  --------------  -------------------
/opt/airflow/dags/ecommerce_etl_dag.py                           1           0  0.17s           2026-05-27T15:38:47
================================================================================
[2026-05-27T15:39:44.197+0000] {manager.py:878} INFO - 
================================================================================
DAG File Processing Stats

File Path                               PID    Runtime      # DAGs    # Errors  Last Runtime    Last Run
--------------------------------------  -----  ---------  --------  ----------  --------------  -------------------
/opt/airflow/dags/ecommerce_etl_dag.py                           1           0  0.25s           2026-05-27T15:39:18
================================================================================
[2026-05-27T15:40:14.465+0000] {manager.py:878} INFO - 
================================================================================
DAG File Processing Stats

File Path                               PID    Runtime      # DAGs    # Errors  Last Runtime    Last Run
--------------------------------------  -----  ---------  --------  ----------  --------------  -------------------
/opt/airflow/dags/ecommerce_etl_dag.py                           1           0  0.30s           2026-05-27T15:39:48
================================================================================
[2026-05-27T15:40:44.718+0000] {manager.py:878} INFO - 
================================================================================
DAG File Processing Stats

File Path                               PID    Runtime      # DAGs    # Errors  Last Runtime    Last Run
--------------------------------------  -----  ---------  --------  ----------  --------------  -------------------
/opt/airflow/dags/ecommerce_etl_dag.py                           1           0  0.82s           2026-05-27T15:40:19
================================================================================
[2026-05-27T15:41:15.113+0000] {manager.py:878} INFO - 
================================================================================
DAG File Processing Stats

File Path                               PID    Runtime      # DAGs    # Errors  Last Runtime    Last Run
--------------------------------------  -----  ---------  --------  ----------  --------------  -------------------
/opt/airflow/dags/ecommerce_etl_dag.py                           1           0  0.47s           2026-05-27T15:40:50
================================================================================
[2026-05-27T15:41:34.664+0000] {manager.py:737} INFO - Searching for files in /opt/airflow/dags
[2026-05-27T15:41:34.699+0000] {manager.py:740} INFO - There are 1 files in /opt/airflow/dags
[2026-05-27T15:41:45.780+0000] {manager.py:878} INFO - 
================================================================================
DAG File Processing Stats

File Path                               PID    Runtime      # DAGs    # Errors  Last Runtime    Last Run
--------------------------------------  -----  ---------  --------  ----------  --------------  -------------------
/opt/airflow/dags/ecommerce_etl_dag.py                           1           0  0.18s           2026-05-27T15:41:20
================================================================================
[2026-05-27T15:42:16.077+0000] {manager.py:878} INFO - 
================================================================================
DAG File Processing Stats

File Path                               PID    Runtime      # DAGs    # Errors  Last Runtime    Last Run
--------------------------------------  -----  ---------  --------  ----------  --------------  -------------------
/opt/airflow/dags/ecommerce_etl_dag.py                           1           0  0.16s           2026-05-27T15:41:50
================================================================================
[2026-05-27T15:42:46.474+0000] {manager.py:878} INFO - 
================================================================================
DAG File Processing Stats

File Path                               PID    Runtime      # DAGs    # Errors  Last Runtime    Last Run
--------------------------------------  -----  ---------  --------  ----------  --------------  -------------------
/opt/airflow/dags/ecommerce_etl_dag.py                           1           0  0.24s           2026-05-27T15:42:21
================================================================================
[2026-05-27T15:43:16.793+0000] {manager.py:878} INFO - 
================================================================================
DAG File Processing Stats

File Path                               PID    Runtime      # DAGs    # Errors  Last Runtime    Last Run
--------------------------------------  -----  ---------  --------  ----------  --------------  -------------------
/opt/airflow/dags/ecommerce_etl_dag.py                           1           0  0.27s           2026-05-27T15:42:51
================================================================================
[2026-05-27T15:43:47.148+0000] {manager.py:878} INFO - 
================================================================================
DAG File Processing Stats

File Path                               PID    Runtime      # DAGs    # Errors  Last Runtime    Last Run
--------------------------------------  -----  ---------  --------  ----------  --------------  -------------------
/opt/airflow/dags/ecommerce_etl_dag.py                           1           0  0.16s           2026-05-27T15:43:22
================================================================================
[2026-05-27T15:44:17.403+0000] {manager.py:878} INFO - 
================================================================================
DAG File Processing Stats

File Path                               PID    Runtime      # DAGs    # Errors  Last Runtime    Last Run
--------------------------------------  -----  ---------  --------  ----------  --------------  -------------------
/opt/airflow/dags/ecommerce_etl_dag.py                           1           0  0.21s           2026-05-27T15:43:52
================================================================================
[2026-05-27T15:44:47.614+0000] {manager.py:878} INFO - 
================================================================================
DAG File Processing Stats

File Path                               PID    Runtime      # DAGs    # Errors  Last Runtime    Last Run
--------------------------------------  -----  ---------  --------  ----------  --------------  -------------------
/opt/airflow/dags/ecommerce_etl_dag.py                           1           0  0.17s           2026-05-27T15:44:22
================================================================================
[2026-05-27T15:45:18.017+0000] {manager.py:878} INFO - 
================================================================================
DAG File Processing Stats

File Path                               PID    Runtime      # DAGs    # Errors  Last Runtime    Last Run
--------------------------------------  -----  ---------  --------  ----------  --------------  -------------------
/opt/airflow/dags/ecommerce_etl_dag.py                           1           0  1.23s           2026-05-27T15:45:17
================================================================================
[2026-05-27T15:45:48.411+0000] {manager.py:878} INFO - 
================================================================================
DAG File Processing Stats

File Path                               PID    Runtime      # DAGs    # Errors  Last Runtime    Last Run
--------------------------------------  -----  ---------  --------  ----------  --------------  -------------------
/opt/airflow/dags/ecommerce_etl_dag.py                           1           0  0.22s           2026-05-27T15:45:47
================================================================================
[2026-05-27T15:46:18.706+0000] {manager.py:878} INFO - 
================================================================================
DAG File Processing Stats

File Path                               PID    Runtime      # DAGs    # Errors  Last Runtime    Last Run
--------------------------------------  -----  ---------  --------  ----------  --------------  -------------------
/opt/airflow/dags/ecommerce_etl_dag.py                           1           0  0.17s           2026-05-27T15:46:17
================================================================================
[2026-05-27T15:46:34.800+0000] {manager.py:737} INFO - Searching for files in /opt/airflow/dags
[2026-05-27T15:46:34.835+0000] {manager.py:740} INFO - There are 1 files in /opt/airflow/dags
[2026-05-27T15:46:49.070+0000] {manager.py:878} INFO - 
================================================================================
DAG File Processing Stats

File Path                               PID    Runtime      # DAGs    # Errors  Last Runtime    Last Run
--------------------------------------  -----  ---------  --------  ----------  --------------  -------------------
/opt/airflow/dags/ecommerce_etl_dag.py                           1           0  0.42s           2026-05-27T15:46:48
================================================================================
[2026-05-27T15:47:19.326+0000] {manager.py:878} INFO - 
================================================================================
DAG File Processing Stats

File Path                               PID    Runtime      # DAGs    # Errors  Last Runtime    Last Run
--------------------------------------  -----  ---------  --------  ----------  --------------  -------------------
/opt/airflow/dags/ecommerce_etl_dag.py                           1           0  0.29s           2026-05-27T15:47:19
================================================================================
[2026-05-27T15:47:49.537+0000] {manager.py:878} INFO - 
================================================================================
DAG File Processing Stats

File Path                                 PID  Runtime      # DAGs    # Errors  Last Runtime    Last Run
--------------------------------------  -----  ---------  --------  ----------  --------------  -------------------
/opt/airflow/dags/ecommerce_etl_dag.py    490  0.01s             1           0  0.29s           2026-05-27T15:47:19
================================================================================
[2026-05-27T15:48:19.818+0000] {manager.py:878} INFO - 
================================================================================
DAG File Processing Stats

File Path                               PID    Runtime      # DAGs    # Errors  Last Runtime    Last Run
--------------------------------------  -----  ---------  --------  ----------  --------------  -------------------
/opt/airflow/dags/ecommerce_etl_dag.py                           1           0  0.62s           2026-05-27T15:47:50
================================================================================
[2026-05-27T15:48:50.014+0000] {manager.py:878} INFO - 
================================================================================
DAG File Processing Stats

File Path                               PID    Runtime      # DAGs    # Errors  Last Runtime    Last Run
--------------------------------------  -----  ---------  --------  ----------  --------------  -------------------
/opt/airflow/dags/ecommerce_etl_dag.py                           1           0  0.78s           2026-05-27T15:48:21
================================================================================
[2026-05-27T15:49:20.605+0000] {manager.py:878} INFO - 
================================================================================
DAG File Processing Stats

File Path                               PID    Runtime      # DAGs    # Errors  Last Runtime    Last Run
--------------------------------------  -----  ---------  --------  ----------  --------------  -------------------
/opt/airflow/dags/ecommerce_etl_dag.py                           1           0  0.17s           2026-05-27T15:48:51
================================================================================
[2026-05-27T15:49:50.992+0000] {manager.py:878} INFO - 
================================================================================
DAG File Processing Stats

File Path                               PID    Runtime      # DAGs    # Errors  Last Runtime    Last Run
--------------------------------------  -----  ---------  --------  ----------  --------------  -------------------
/opt/airflow/dags/ecommerce_etl_dag.py                           1           0  0.15s           2026-05-27T15:49:21
================================================================================
[2026-05-27T15:50:21.229+0000] {manager.py:878} INFO - 
================================================================================
DAG File Processing Stats

File Path                               PID    Runtime      # DAGs    # Errors  Last Runtime    Last Run
--------------------------------------  -----  ---------  --------  ----------  --------------  -------------------
/opt/airflow/dags/ecommerce_etl_dag.py                           1           0  0.22s           2026-05-27T15:49:52
================================================================================
[2026-05-27T15:50:51.434+0000] {manager.py:878} INFO - 
================================================================================
DAG File Processing Stats

File Path                               PID    Runtime      # DAGs    # Errors  Last Runtime    Last Run
--------------------------------------  -----  ---------  --------  ----------  --------------  -------------------
/opt/airflow/dags/ecommerce_etl_dag.py                           1           0  0.18s           2026-05-27T15:50:22
================================================================================
[2026-05-27T15:51:21.651+0000] {manager.py:878} INFO - 
================================================================================
DAG File Processing Stats

File Path                               PID    Runtime      # DAGs    # Errors  Last Runtime    Last Run
--------------------------------------  -----  ---------  --------  ----------  --------------  -------------------
/opt/airflow/dags/ecommerce_etl_dag.py                           1           0  0.21s           2026-05-27T15:50:52
================================================================================
[2026-05-27T15:51:34.931+0000] {manager.py:737} INFO - Searching for files in /opt/airflow/dags
[2026-05-27T15:51:34.963+0000] {manager.py:740} INFO - There are 1 files in /opt/airflow/dags
[2026-05-27T15:51:52.119+0000] {manager.py:878} INFO - 
================================================================================
DAG File Processing Stats

File Path                               PID    Runtime      # DAGs    # Errors  Last Runtime    Last Run
--------------------------------------  -----  ---------  --------  ----------  --------------  -------------------
/opt/airflow/dags/ecommerce_etl_dag.py                           1           0  0.30s           2026-05-27T15:51:23
================================================================================
[2026-05-27T15:52:22.569+0000] {manager.py:878} INFO - 
================================================================================
DAG File Processing Stats

File Path                               PID    Runtime      # DAGs    # Errors  Last Runtime    Last Run
--------------------------------------  -----  ---------  --------  ----------  --------------  -------------------
/opt/airflow/dags/ecommerce_etl_dag.py                           1           0  0.18s           2026-05-27T15:51:53
================================================================================
[2026-05-27T15:52:52.981+0000] {manager.py:878} INFO - 
================================================================================
DAG File Processing Stats

File Path                               PID    Runtime      # DAGs    # Errors  Last Runtime    Last Run
--------------------------------------  -----  ---------  --------  ----------  --------------  -------------------
/opt/airflow/dags/ecommerce_etl_dag.py                           1           0  0.24s           2026-05-27T15:52:23
================================================================================
[2026-05-27T15:53:23.199+0000] {manager.py:878} INFO - 
================================================================================
DAG File Processing Stats

File Path                               PID    Runtime      # DAGs    # Errors  Last Runtime    Last Run
--------------------------------------  -----  ---------  --------  ----------  --------------  -------------------
/opt/airflow/dags/ecommerce_etl_dag.py                           1           0  0.19s           2026-05-27T15:52:54
================================================================================
[2026-05-27T15:53:53.523+0000] {manager.py:878} INFO - 
================================================================================
DAG File Processing Stats

File Path                               PID    Runtime      # DAGs    # Errors  Last Runtime    Last Run
--------------------------------------  -----  ---------  --------  ----------  --------------  -------------------
/opt/airflow/dags/ecommerce_etl_dag.py                           1           0  0.19s           2026-05-27T15:53:24
================================================================================
[2026-05-27T15:54:23.703+0000] {manager.py:878} INFO - 
================================================================================
DAG File Processing Stats

File Path                               PID    Runtime      # DAGs    # Errors  Last Runtime    Last Run
--------------------------------------  -----  ---------  --------  ----------  --------------  -------------------
/opt/airflow/dags/ecommerce_etl_dag.py                           1           0  0.17s           2026-05-27T15:53:54
================================================================================
[2026-05-27T15:54:54.077+0000] {manager.py:878} INFO - 
================================================================================
DAG File Processing Stats

File Path                               PID    Runtime      # DAGs    # Errors  Last Runtime    Last Run
--------------------------------------  -----  ---------  --------  ----------  --------------  -------------------
/opt/airflow/dags/ecommerce_etl_dag.py                           1           0  0.17s           2026-05-27T15:54:24
================================================================================
[2026-05-27T15:55:24.301+0000] {manager.py:878} INFO - 
================================================================================
DAG File Processing Stats

File Path                               PID    Runtime      # DAGs    # Errors  Last Runtime    Last Run
--------------------------------------  -----  ---------  --------  ----------  --------------  -------------------
/opt/airflow/dags/ecommerce_etl_dag.py                           1           0  0.21s           2026-05-27T15:54:55
================================================================================
[2026-05-27T15:55:54.615+0000] {manager.py:878} INFO - 
================================================================================
DAG File Processing Stats

File Path                               PID    Runtime      # DAGs    # Errors  Last Runtime    Last Run
--------------------------------------  -----  ---------  --------  ----------  --------------  -------------------
/opt/airflow/dags/ecommerce_etl_dag.py                           1           0  0.23s           2026-05-27T15:55:25
================================================================================
[2026-05-27T15:56:24.857+0000] {manager.py:878} INFO - 
================================================================================
DAG File Processing Stats

File Path                               PID    Runtime      # DAGs    # Errors  Last Runtime    Last Run
--------------------------------------  -----  ---------  --------  ----------  --------------  -------------------
/opt/airflow/dags/ecommerce_etl_dag.py                           1           0  0.21s           2026-05-27T15:55:55
================================================================================
[2026-05-27T15:56:35.110+0000] {manager.py:737} INFO - Searching for files in /opt/airflow/dags
[2026-05-27T15:56:35.148+0000] {manager.py:740} INFO - There are 1 files in /opt/airflow/dags
[2026-06-08T07:48:06.821+0000] {manager.py:470} INFO - Processing files using up to 2 processes at a time 
[2026-06-08T07:48:06.822+0000] {manager.py:471} INFO - Process each file at most once every 30 seconds
[2026-06-08T07:48:06.822+0000] {manager.py:472} INFO - Checking for new files in /opt/airflow/dags every 300 seconds
[2026-06-08T07:48:06.823+0000] {manager.py:737} INFO - Searching for files in /opt/airflow/dags
[2026-06-08T07:48:06.827+0000] {manager.py:740} INFO - There are 1 files in /opt/airflow/dags
[2026-06-08T07:48:06.882+0000] {manager.py:878} INFO - 
================================================================================
DAG File Processing Stats

File Path                                 PID  Runtime      # DAGs    # Errors  Last Runtime    Last Run
--------------------------------------  -----  ---------  --------  ----------  --------------  ----------
/opt/airflow/dags/ecommerce_etl_dag.py    181  0.03s             0           0
================================================================================
[2026-06-08T07:48:37.097+0000] {manager.py:878} INFO - 
================================================================================
DAG File Processing Stats

File Path                                 PID  Runtime      # DAGs    # Errors  Last Runtime    Last Run
--------------------------------------  -----  ---------  --------  ----------  --------------  -------------------
/opt/airflow/dags/ecommerce_etl_dag.py    186  0.01s             1           0  0.22s           2026-06-08T07:48:07
================================================================================
[2026-06-08T07:49:07.336+0000] {manager.py:878} INFO - 
================================================================================
DAG File Processing Stats

File Path                                 PID  Runtime      # DAGs    # Errors  Last Runtime    Last Run
--------------------------------------  -----  ---------  --------  ----------  --------------  -------------------
/opt/airflow/dags/ecommerce_etl_dag.py    191  0.01s             1           0  0.10s           2026-06-08T07:48:37
================================================================================
[2026-06-08T07:49:37.573+0000] {manager.py:878} INFO - 
================================================================================
DAG File Processing Stats

File Path                                 PID  Runtime      # DAGs    # Errors  Last Runtime    Last Run
--------------------------------------  -----  ---------  --------  ----------  --------------  -------------------
/opt/airflow/dags/ecommerce_etl_dag.py    196  0.01s             1           0  0.09s           2026-06-08T07:49:07
================================================================================
[2026-06-08T07:50:07.880+0000] {manager.py:878} INFO - 
================================================================================
DAG File Processing Stats

File Path                                 PID  Runtime      # DAGs    # Errors  Last Runtime    Last Run
--------------------------------------  -----  ---------  --------  ----------  --------------  -------------------
/opt/airflow/dags/ecommerce_etl_dag.py    201  0.02s             1           0  0.09s           2026-06-08T07:49:37
================================================================================
[2026-06-08T07:50:38.149+0000] {manager.py:878} INFO - 
================================================================================
DAG File Processing Stats

File Path                                 PID  Runtime      # DAGs    # Errors  Last Runtime    Last Run
--------------------------------------  -----  ---------  --------  ----------  --------------  -------------------
/opt/airflow/dags/ecommerce_etl_dag.py    206  0.01s             1           0  0.12s           2026-06-08T07:50:07
================================================================================
[2026-06-08T07:51:08.483+0000] {manager.py:878} INFO - 
================================================================================
DAG File Processing Stats

File Path                                 PID  Runtime      # DAGs    # Errors  Last Runtime    Last Run
--------------------------------------  -----  ---------  --------  ----------  --------------  -------------------
/opt/airflow/dags/ecommerce_etl_dag.py    211  0.01s             1           0  0.10s           2026-06-08T07:50:38
================================================================================
[2026-06-08T07:51:38.745+0000] {manager.py:878} INFO - 
================================================================================
DAG File Processing Stats

File Path                                 PID  Runtime      # DAGs    # Errors  Last Runtime    Last Run
--------------------------------------  -----  ---------  --------  ----------  --------------  -------------------
/opt/airflow/dags/ecommerce_etl_dag.py    216  0.01s             1           0  0.11s           2026-06-08T07:51:08
================================================================================
[2026-06-08T07:52:09.080+0000] {manager.py:878} INFO - 
================================================================================
DAG File Processing Stats

File Path                                 PID  Runtime      # DAGs    # Errors  Last Runtime    Last Run
--------------------------------------  -----  ---------  --------  ----------  --------------  -------------------
/opt/airflow/dags/ecommerce_etl_dag.py    221  0.01s             1           0  0.10s           2026-06-08T07:51:38
================================================================================
[2026-06-08T07:52:39.324+0000] {manager.py:878} INFO - 
================================================================================
DAG File Processing Stats

File Path                                 PID  Runtime      # DAGs    # Errors  Last Runtime    Last Run
--------------------------------------  -----  ---------  --------  ----------  --------------  -------------------
/opt/airflow/dags/ecommerce_etl_dag.py    226  0.00s             1           0  0.12s           2026-06-08T07:52:09
================================================================================
[2026-06-08T07:53:07.544+0000] {manager.py:737} INFO - Searching for files in /opt/airflow/dags
[2026-06-08T07:53:07.554+0000] {manager.py:740} INFO - There are 1 files in /opt/airflow/dags
[2026-06-08T07:53:09.597+0000] {manager.py:878} INFO - 
================================================================================
DAG File Processing Stats

File Path                                 PID  Runtime      # DAGs    # Errors  Last Runtime    Last Run
--------------------------------------  -----  ---------  --------  ----------  --------------  -------------------
/opt/airflow/dags/ecommerce_etl_dag.py    231  0.01s             1           0  0.06s           2026-06-08T07:52:39
================================================================================
[2026-06-08T07:53:39.871+0000] {manager.py:878} INFO - 
================================================================================
DAG File Processing Stats

File Path                                 PID  Runtime      # DAGs    # Errors  Last Runtime    Last Run
--------------------------------------  -----  ---------  --------  ----------  --------------  -------------------
/opt/airflow/dags/ecommerce_etl_dag.py    236  0.00s             1           0  0.09s           2026-06-08T07:53:09
================================================================================
[2026-06-08T07:54:10.168+0000] {manager.py:878} INFO - 
================================================================================
DAG File Processing Stats

File Path                                 PID  Runtime      # DAGs    # Errors  Last Runtime    Last Run
--------------------------------------  -----  ---------  --------  ----------  --------------  -------------------
/opt/airflow/dags/ecommerce_etl_dag.py    241  0.01s             1           0  0.08s           2026-06-08T07:53:39
================================================================================
[2026-06-08T07:54:40.460+0000] {manager.py:878} INFO - 
================================================================================
DAG File Processing Stats

File Path                                 PID  Runtime      # DAGs    # Errors  Last Runtime    Last Run
--------------------------------------  -----  ---------  --------  ----------  --------------  -------------------
/opt/airflow/dags/ecommerce_etl_dag.py    246  0.00s             1           0  0.12s           2026-06-08T07:54:10
================================================================================
[2026-06-08T07:55:10.732+0000] {manager.py:878} INFO - 
================================================================================
DAG File Processing Stats

File Path                                 PID  Runtime      # DAGs    # Errors  Last Runtime    Last Run
--------------------------------------  -----  ---------  --------  ----------  --------------  -------------------
/opt/airflow/dags/ecommerce_etl_dag.py    251  0.00s             1           0  0.09s           2026-06-08T07:54:40
================================================================================
[2026-06-08T07:55:41.030+0000] {manager.py:878} INFO - 
================================================================================
DAG File Processing Stats

File Path                                 PID  Runtime      # DAGs    # Errors  Last Runtime    Last Run
--------------------------------------  -----  ---------  --------  ----------  --------------  -------------------
/opt/airflow/dags/ecommerce_etl_dag.py    256  0.01s             1           0  0.07s           2026-06-08T07:55:10
================================================================================
[2026-06-08T07:56:11.279+0000] {manager.py:878} INFO - 
================================================================================
DAG File Processing Stats

File Path                                 PID  Runtime      # DAGs    # Errors  Last Runtime    Last Run
--------------------------------------  -----  ---------  --------  ----------  --------------  -------------------
/opt/airflow/dags/ecommerce_etl_dag.py    261  0.00s             1           0  0.11s           2026-06-08T07:55:41
================================================================================
[2026-06-08T07:56:41.571+0000] {manager.py:878} INFO - 
================================================================================
DAG File Processing Stats

File Path                                 PID  Runtime      # DAGs    # Errors  Last Runtime    Last Run
--------------------------------------  -----  ---------  --------  ----------  --------------  -------------------
/opt/airflow/dags/ecommerce_etl_dag.py    266  0.01s             1           0  0.07s           2026-06-08T07:56:11
================================================================================
[2026-06-08T07:57:11.852+0000] {manager.py:878} INFO - 
================================================================================
DAG File Processing Stats

File Path                                 PID  Runtime      # DAGs    # Errors  Last Runtime    Last Run
--------------------------------------  -----  ---------  --------  ----------  --------------  -------------------
/opt/airflow/dags/ecommerce_etl_dag.py    271  0.00s             1           0  0.10s           2026-06-08T07:56:41
================================================================================
[2026-06-08T07:57:42.250+0000] {manager.py:878} INFO - 
================================================================================
DAG File Processing Stats

File Path                                 PID  Runtime      # DAGs    # Errors  Last Runtime    Last Run
--------------------------------------  -----  ---------  --------  ----------  --------------  -------------------
/opt/airflow/dags/ecommerce_etl_dag.py    276  0.01s             1           0  0.07s           2026-06-08T07:57:11
================================================================================
[2026-06-08T07:58:08.485+0000] {manager.py:737} INFO - Searching for files in /opt/airflow/dags
[2026-06-08T07:58:08.491+0000] {manager.py:740} INFO - There are 1 files in /opt/airflow/dags
[2026-06-08T07:58:12.574+0000] {manager.py:878} INFO - 
================================================================================
DAG File Processing Stats

File Path                                 PID  Runtime      # DAGs    # Errors  Last Runtime    Last Run
--------------------------------------  -----  ---------  --------  ----------  --------------  -------------------
/opt/airflow/dags/ecommerce_etl_dag.py    281  0.00s             1           0  0.11s           2026-06-08T07:57:42
================================================================================
[2026-06-08T07:58:42.809+0000] {manager.py:878} INFO - 
================================================================================
DAG File Processing Stats

File Path                                 PID  Runtime      # DAGs    # Errors  Last Runtime    Last Run
--------------------------------------  -----  ---------  --------  ----------  --------------  -------------------
/opt/airflow/dags/ecommerce_etl_dag.py    286  0.01s             1           0  0.08s           2026-06-08T07:58:12
================================================================================
[2026-06-08T07:59:13.194+0000] {manager.py:878} INFO - 
================================================================================
DAG File Processing Stats

File Path                                 PID  Runtime      # DAGs    # Errors  Last Runtime    Last Run
--------------------------------------  -----  ---------  --------  ----------  --------------  -------------------
/opt/airflow/dags/ecommerce_etl_dag.py    291  0.02s             1           0  0.12s           2026-06-08T07:58:42
================================================================================
[2026-06-08T07:59:43.442+0000] {manager.py:878} INFO - 
================================================================================
DAG File Processing Stats

File Path                                 PID  Runtime      # DAGs    # Errors  Last Runtime    Last Run
--------------------------------------  -----  ---------  --------  ----------  --------------  -------------------
/opt/airflow/dags/ecommerce_etl_dag.py    296  0.00s             1           0  0.17s           2026-06-08T07:59:13
================================================================================
[2026-06-08T08:00:13.740+0000] {manager.py:878} INFO - 
================================================================================
DAG File Processing Stats

File Path                                 PID  Runtime      # DAGs    # Errors  Last Runtime    Last Run
--------------------------------------  -----  ---------  --------  ----------  --------------  -------------------
/opt/airflow/dags/ecommerce_etl_dag.py    301  0.02s             1           0  0.08s           2026-06-08T07:59:43
================================================================================
[2026-06-08T08:00:44.112+0000] {manager.py:878} INFO - 
================================================================================
DAG File Processing Stats

File Path                                 PID  Runtime      # DAGs    # Errors  Last Runtime    Last Run
--------------------------------------  -----  ---------  --------  ----------  --------------  -------------------
/opt/airflow/dags/ecommerce_etl_dag.py    306  0.02s             1           0  0.12s           2026-06-08T08:00:13
================================================================================
[2026-06-08T08:00:49.499+0000] {manager.py:452} INFO - Exiting gracefully upon receiving signal 15
[2026-06-08T08:01:34.803+0000] {manager.py:470} INFO - Processing files using up to 2 processes at a time 
[2026-06-08T08:01:34.804+0000] {manager.py:471} INFO - Process each file at most once every 30 seconds
[2026-06-08T08:01:34.804+0000] {manager.py:472} INFO - Checking for new files in /opt/airflow/dags every 300 seconds
[2026-06-08T08:01:34.804+0000] {manager.py:737} INFO - Searching for files in /opt/airflow/dags
[2026-06-08T08:01:34.810+0000] {manager.py:740} INFO - There are 1 files in /opt/airflow/dags
[2026-06-08T08:01:34.868+0000] {manager.py:878} INFO - 
================================================================================
DAG File Processing Stats

File Path                                 PID  Runtime      # DAGs    # Errors  Last Runtime    Last Run
--------------------------------------  -----  ---------  --------  ----------  --------------  ----------
/opt/airflow/dags/ecommerce_etl_dag.py    181  0.03s             0           0
================================================================================
[2026-06-08T08:02:05.108+0000] {manager.py:878} INFO - 
================================================================================
DAG File Processing Stats

File Path                               PID    Runtime      # DAGs    # Errors  Last Runtime    Last Run
--------------------------------------  -----  ---------  --------  ----------  --------------  -------------------
/opt/airflow/dags/ecommerce_etl_dag.py                           1           0  0.30s           2026-06-08T08:01:35
================================================================================
[2026-06-08T08:02:35.571+0000] {manager.py:878} INFO - 
================================================================================
DAG File Processing Stats

File Path                                 PID  Runtime      # DAGs    # Errors  Last Runtime    Last Run
--------------------------------------  -----  ---------  --------  ----------  --------------  -------------------
/opt/airflow/dags/ecommerce_etl_dag.py    205  0.01s             1           0  0.11s           2026-06-08T08:02:05
================================================================================
[2026-06-08T08:03:05.879+0000] {manager.py:878} INFO - 
================================================================================
DAG File Processing Stats

File Path                                 PID  Runtime      # DAGs    # Errors  Last Runtime    Last Run
--------------------------------------  -----  ---------  --------  ----------  --------------  -------------------
/opt/airflow/dags/ecommerce_etl_dag.py    216  0.02s             1           0  0.09s           2026-06-08T08:02:35
================================================================================
[2026-06-08T08:03:36.203+0000] {manager.py:878} INFO - 
================================================================================
DAG File Processing Stats

File Path                                 PID  Runtime      # DAGs    # Errors  Last Runtime    Last Run
--------------------------------------  -----  ---------  --------  ----------  --------------  -------------------
/opt/airflow/dags/ecommerce_etl_dag.py    221  0.02s             1           0  0.12s           2026-06-08T08:03:05
================================================================================
[2026-06-08T08:04:06.606+0000] {manager.py:878} INFO - 
================================================================================
DAG File Processing Stats

File Path                                 PID  Runtime      # DAGs    # Errors  Last Runtime    Last Run
--------------------------------------  -----  ---------  --------  ----------  --------------  -------------------
/opt/airflow/dags/ecommerce_etl_dag.py    226  0.02s             1           0  0.18s           2026-06-08T08:03:36
================================================================================
[2026-06-08T08:04:36.967+0000] {manager.py:878} INFO - 
================================================================================
DAG File Processing Stats

File Path                                 PID  Runtime      # DAGs    # Errors  Last Runtime    Last Run
--------------------------------------  -----  ---------  --------  ----------  --------------  -------------------
/opt/airflow/dags/ecommerce_etl_dag.py    231  0.00s             1           0  0.12s           2026-06-08T08:04:06
================================================================================
[2026-06-08T08:05:07.335+0000] {manager.py:878} INFO - 
================================================================================
DAG File Processing Stats

File Path                                 PID  Runtime      # DAGs    # Errors  Last Runtime    Last Run
--------------------------------------  -----  ---------  --------  ----------  --------------  -------------------
/opt/airflow/dags/ecommerce_etl_dag.py    236  0.04s             1           0  0.08s           2026-06-08T08:04:37
================================================================================
[2026-06-08T08:05:37.620+0000] {manager.py:878} INFO - 
================================================================================
DAG File Processing Stats

File Path                                 PID  Runtime      # DAGs    # Errors  Last Runtime    Last Run
--------------------------------------  -----  ---------  --------  ----------  --------------  -------------------
/opt/airflow/dags/ecommerce_etl_dag.py    241  0.01s             1           0  0.16s           2026-06-08T08:05:07
================================================================================
[2026-06-08T08:06:07.920+0000] {manager.py:878} INFO - 
================================================================================
DAG File Processing Stats

File Path                                 PID  Runtime      # DAGs    # Errors  Last Runtime    Last Run
--------------------------------------  -----  ---------  --------  ----------  --------------  -------------------
/opt/airflow/dags/ecommerce_etl_dag.py    246  0.01s             1           0  0.09s           2026-06-08T08:05:37
================================================================================
[2026-06-08T08:06:35.182+0000] {manager.py:737} INFO - Searching for files in /opt/airflow/dags
[2026-06-08T08:06:35.194+0000] {manager.py:740} INFO - There are 1 files in /opt/airflow/dags
[2026-06-08T08:06:38.258+0000] {manager.py:878} INFO - 
================================================================================
DAG File Processing Stats

File Path                                 PID  Runtime      # DAGs    # Errors  Last Runtime    Last Run
--------------------------------------  -----  ---------  --------  ----------  --------------  -------------------
/opt/airflow/dags/ecommerce_etl_dag.py    251  0.01s             1           0  0.11s           2026-06-08T08:06:08
================================================================================
[2026-06-08T08:07:08.634+0000] {manager.py:878} INFO - 
================================================================================
DAG File Processing Stats

File Path                                 PID  Runtime      # DAGs    # Errors  Last Runtime    Last Run
--------------------------------------  -----  ---------  --------  ----------  --------------  -------------------
/opt/airflow/dags/ecommerce_etl_dag.py    256  0.06s             1           0  0.10s           2026-06-08T08:06:38
================================================================================
[2026-06-08T08:07:38.903+0000] {manager.py:878} INFO - 
================================================================================
DAG File Processing Stats

File Path                               PID    Runtime      # DAGs    # Errors  Last Runtime    Last Run
--------------------------------------  -----  ---------  --------  ----------  --------------  -------------------
/opt/airflow/dags/ecommerce_etl_dag.py                           1           0  0.38s           2026-06-08T08:07:08
================================================================================
[2026-06-08T08:08:09.608+0000] {manager.py:878} INFO - 
================================================================================
DAG File Processing Stats

File Path                                 PID  Runtime      # DAGs    # Errors  Last Runtime    Last Run
--------------------------------------  -----  ---------  --------  ----------  --------------  -------------------
/opt/airflow/dags/ecommerce_etl_dag.py    266  0.05s             1           0  0.14s           2026-06-08T08:07:39
================================================================================
[2026-06-08T08:08:39.947+0000] {manager.py:878} INFO - 
================================================================================
DAG File Processing Stats

File Path                                 PID  Runtime      # DAGs    # Errors  Last Runtime    Last Run
--------------------------------------  -----  ---------  --------  ----------  --------------  -------------------
/opt/airflow/dags/ecommerce_etl_dag.py    271  0.00s             1           0  0.15s           2026-06-08T08:08:09
================================================================================
[2026-06-08T08:09:10.264+0000] {manager.py:878} INFO - 
================================================================================
DAG File Processing Stats

File Path                                 PID  Runtime      # DAGs    # Errors  Last Runtime    Last Run
--------------------------------------  -----  ---------  --------  ----------  --------------  -------------------
/opt/airflow/dags/ecommerce_etl_dag.py    276  0.01s             1           0  0.09s           2026-06-08T08:08:40
================================================================================
[2026-06-08T08:09:40.578+0000] {manager.py:878} INFO - 
================================================================================
DAG File Processing Stats

File Path                                 PID  Runtime      # DAGs    # Errors  Last Runtime    Last Run
--------------------------------------  -----  ---------  --------  ----------  --------------  -------------------
/opt/airflow/dags/ecommerce_etl_dag.py    281  0.01s             1           0  0.10s           2026-06-08T08:09:10
================================================================================
[2026-06-08T08:10:10.956+0000] {manager.py:878} INFO - 
================================================================================
DAG File Processing Stats

File Path                                 PID  Runtime      # DAGs    # Errors  Last Runtime    Last Run
--------------------------------------  -----  ---------  --------  ----------  --------------  -------------------
/opt/airflow/dags/ecommerce_etl_dag.py    286  0.01s             1           0  0.08s           2026-06-08T08:09:40
================================================================================
[2026-06-08T08:10:41.251+0000] {manager.py:878} INFO - 
================================================================================
DAG File Processing Stats

File Path                                 PID  Runtime      # DAGs    # Errors  Last Runtime    Last Run
--------------------------------------  -----  ---------  --------  ----------  --------------  -------------------
/opt/airflow/dags/ecommerce_etl_dag.py    291  0.00s             1           0  0.09s           2026-06-08T08:10:11
================================================================================
[2026-06-08T08:11:11.580+0000] {manager.py:878} INFO - 
================================================================================
DAG File Processing Stats

File Path                                 PID  Runtime      # DAGs    # Errors  Last Runtime    Last Run
--------------------------------------  -----  ---------  --------  ----------  --------------  -------------------
/opt/airflow/dags/ecommerce_etl_dag.py    296  0.01s             1           0  0.10s           2026-06-08T08:10:41
================================================================================
[2026-06-08T08:11:35.839+0000] {manager.py:737} INFO - Searching for files in /opt/airflow/dags
[2026-06-08T08:11:35.843+0000] {manager.py:740} INFO - There are 1 files in /opt/airflow/dags
[2026-06-08T08:11:41.910+0000] {manager.py:878} INFO - 
================================================================================
DAG File Processing Stats

File Path                                 PID  Runtime      # DAGs    # Errors  Last Runtime    Last Run
--------------------------------------  -----  ---------  --------  ----------  --------------  -------------------
/opt/airflow/dags/ecommerce_etl_dag.py    301  0.00s             1           0  0.10s           2026-06-08T08:11:11
================================================================================
[2026-06-08T08:12:12.261+0000] {manager.py:878} INFO - 
================================================================================
DAG File Processing Stats

File Path                                 PID  Runtime      # DAGs    # Errors  Last Runtime    Last Run
--------------------------------------  -----  ---------  --------  ----------  --------------  -------------------
/opt/airflow/dags/ecommerce_etl_dag.py    306  0.03s             1           0  0.09s           2026-06-08T08:11:41
================================================================================
[2026-06-08T08:12:42.562+0000] {manager.py:878} INFO - 
================================================================================
DAG File Processing Stats

File Path                                 PID  Runtime      # DAGs    # Errors  Last Runtime    Last Run
--------------------------------------  -----  ---------  --------  ----------  --------------  -------------------
/opt/airflow/dags/ecommerce_etl_dag.py    311  0.01s             1           0  0.12s           2026-06-08T08:12:12
================================================================================
[2026-06-08T08:13:12.833+0000] {manager.py:878} INFO - 
================================================================================
DAG File Processing Stats

File Path                                 PID  Runtime      # DAGs    # Errors  Last Runtime    Last Run
--------------------------------------  -----  ---------  --------  ----------  --------------  -------------------
/opt/airflow/dags/ecommerce_etl_dag.py    316  0.02s             1           0  0.08s           2026-06-08T08:12:42
================================================================================
[2026-06-08T08:13:43.125+0000] {manager.py:878} INFO - 
================================================================================
DAG File Processing Stats

File Path                                 PID  Runtime      # DAGs    # Errors  Last Runtime    Last Run
--------------------------------------  -----  ---------  --------  ----------  --------------  -------------------
/opt/airflow/dags/ecommerce_etl_dag.py    321  0.00s             1           0  0.13s           2026-06-08T08:13:12
================================================================================
[2026-06-08T08:14:13.416+0000] {manager.py:878} INFO - 
================================================================================
DAG File Processing Stats

File Path                                 PID  Runtime      # DAGs    # Errors  Last Runtime    Last Run
--------------------------------------  -----  ---------  --------  ----------  --------------  -------------------
/opt/airflow/dags/ecommerce_etl_dag.py    326  0.01s             1           0  0.08s           2026-06-08T08:13:43
================================================================================
[2026-06-08T08:14:43.750+0000] {manager.py:878} INFO - 
================================================================================
DAG File Processing Stats

File Path                                 PID  Runtime      # DAGs    # Errors  Last Runtime    Last Run
--------------------------------------  -----  ---------  --------  ----------  --------------  -------------------
/opt/airflow/dags/ecommerce_etl_dag.py    331  0.01s             1           0  0.08s           2026-06-08T08:14:13
================================================================================
[2026-06-08T08:15:14.076+0000] {manager.py:878} INFO - 
================================================================================
DAG File Processing Stats

File Path                                 PID  Runtime      # DAGs    # Errors  Last Runtime    Last Run
--------------------------------------  -----  ---------  --------  ----------  --------------  -------------------
/opt/airflow/dags/ecommerce_etl_dag.py    336  0.02s             1           0  0.09s           2026-06-08T08:14:43
================================================================================
[2026-06-08T08:15:44.409+0000] {manager.py:878} INFO - 
================================================================================
DAG File Processing Stats

File Path                                 PID  Runtime      # DAGs    # Errors  Last Runtime    Last Run
--------------------------------------  -----  ---------  --------  ----------  --------------  -------------------
/opt/airflow/dags/ecommerce_etl_dag.py    341  0.01s             1           0  0.12s           2026-06-08T08:15:14
================================================================================
[2026-06-08T08:16:14.736+0000] {manager.py:878} INFO - 
================================================================================
DAG File Processing Stats

File Path                                 PID  Runtime      # DAGs    # Errors  Last Runtime    Last Run
--------------------------------------  -----  ---------  --------  ----------  --------------  -------------------
/opt/airflow/dags/ecommerce_etl_dag.py    346  0.01s             1           0  0.17s           2026-06-08T08:15:44
================================================================================
[2026-06-08T08:16:35.948+0000] {manager.py:737} INFO - Searching for files in /opt/airflow/dags
[2026-06-08T08:16:35.957+0000] {manager.py:740} INFO - There are 1 files in /opt/airflow/dags
[2026-06-08T08:16:45.090+0000] {manager.py:878} INFO - 
================================================================================
DAG File Processing Stats

File Path                                 PID  Runtime      # DAGs    # Errors  Last Runtime    Last Run
--------------------------------------  -----  ---------  --------  ----------  --------------  -------------------
/opt/airflow/dags/ecommerce_etl_dag.py    351  0.01s             1           0  0.08s           2026-06-08T08:16:14
================================================================================
[2026-06-08T08:17:15.496+0000] {manager.py:878} INFO - 
================================================================================
DAG File Processing Stats

File Path                                 PID  Runtime      # DAGs    # Errors  Last Runtime    Last Run
--------------------------------------  -----  ---------  --------  ----------  --------------  -------------------
/opt/airflow/dags/ecommerce_etl_dag.py    356  0.02s             1           0  0.09s           2026-06-08T08:16:45
================================================================================
[2026-06-08T08:17:45.891+0000] {manager.py:878} INFO - 
================================================================================
DAG File Processing Stats

File Path                                 PID  Runtime      # DAGs    # Errors  Last Runtime    Last Run
--------------------------------------  -----  ---------  --------  ----------  --------------  -------------------
/opt/airflow/dags/ecommerce_etl_dag.py    361  0.01s             1           0  0.11s           2026-06-08T08:17:15
================================================================================
[2026-06-08T08:18:16.233+0000] {manager.py:878} INFO - 
================================================================================
DAG File Processing Stats

File Path                                 PID  Runtime      # DAGs    # Errors  Last Runtime    Last Run
--------------------------------------  -----  ---------  --------  ----------  --------------  -------------------
/opt/airflow/dags/ecommerce_etl_dag.py    366  0.00s             1           0  0.11s           2026-06-08T08:17:45
================================================================================
[2026-06-08T08:18:46.636+0000] {manager.py:878} INFO - 
================================================================================
DAG File Processing Stats

File Path                                 PID  Runtime      # DAGs    # Errors  Last Runtime    Last Run
--------------------------------------  -----  ---------  --------  ----------  --------------  -------------------
/opt/airflow/dags/ecommerce_etl_dag.py    371  0.02s             1           0  0.06s           2026-06-08T08:18:16
================================================================================
[2026-06-08T08:19:17.002+0000] {manager.py:878} INFO - 
================================================================================
DAG File Processing Stats

File Path                                 PID  Runtime      # DAGs    # Errors  Last Runtime    Last Run
--------------------------------------  -----  ---------  --------  ----------  --------------  -------------------
/opt/airflow/dags/ecommerce_etl_dag.py    376  0.02s             1           0  0.14s           2026-06-08T08:18:46
================================================================================
[2026-06-08T08:19:47.375+0000] {manager.py:878} INFO - 
================================================================================
DAG File Processing Stats

File Path                                 PID  Runtime      # DAGs    # Errors  Last Runtime    Last Run
--------------------------------------  -----  ---------  --------  ----------  --------------  -------------------
/opt/airflow/dags/ecommerce_etl_dag.py    381  0.00s             1           0  0.11s           2026-06-08T08:19:17
================================================================================
[2026-06-08T08:20:17.779+0000] {manager.py:878} INFO - 
================================================================================
DAG File Processing Stats

File Path                                 PID  Runtime      # DAGs    # Errors  Last Runtime    Last Run
--------------------------------------  -----  ---------  --------  ----------  --------------  -------------------
/opt/airflow/dags/ecommerce_etl_dag.py    386  0.00s             1           0  0.05s           2026-06-08T08:19:47
================================================================================
[2026-06-08T08:20:48.263+0000] {manager.py:878} INFO - 
================================================================================
DAG File Processing Stats

File Path                                 PID  Runtime      # DAGs    # Errors  Last Runtime    Last Run
--------------------------------------  -----  ---------  --------  ----------  --------------  -------------------
/opt/airflow/dags/ecommerce_etl_dag.py    391  0.02s             1           0  0.06s           2026-06-08T08:20:17
================================================================================
[2026-06-08T08:21:18.657+0000] {manager.py:878} INFO - 
================================================================================
DAG File Processing Stats

File Path                                 PID  Runtime      # DAGs    # Errors  Last Runtime    Last Run
--------------------------------------  -----  ---------  --------  ----------  --------------  -------------------
/opt/airflow/dags/ecommerce_etl_dag.py    396  0.01s             1           0  0.10s           2026-06-08T08:20:48
================================================================================
[2026-06-08T08:21:36.855+0000] {manager.py:737} INFO - Searching for files in /opt/airflow/dags
[2026-06-08T08:21:36.861+0000] {manager.py:740} INFO - There are 1 files in /opt/airflow/dags
[2026-06-08T08:21:49.016+0000] {manager.py:878} INFO - 
================================================================================
DAG File Processing Stats

File Path                                 PID  Runtime      # DAGs    # Errors  Last Runtime    Last Run
--------------------------------------  -----  ---------  --------  ----------  --------------  -------------------
/opt/airflow/dags/ecommerce_etl_dag.py    401  0.01s             1           0  0.09s           2026-06-08T08:21:18
================================================================================
[2026-06-08T08:22:19.151+0000] {manager.py:878} INFO - 
================================================================================
DAG File Processing Stats

File Path                                 PID  Runtime      # DAGs    # Errors  Last Runtime    Last Run
--------------------------------------  -----  ---------  --------  ----------  --------------  -------------------
/opt/airflow/dags/ecommerce_etl_dag.py    406  0.02s             1           0  0.10s           2026-06-08T08:21:49
================================================================================
[2026-06-08T08:30:39.230+0000] {manager.py:737} INFO - Searching for files in /opt/airflow/dags
[2026-06-08T08:30:39.235+0000] {manager.py:740} INFO - There are 1 files in /opt/airflow/dags
[2026-06-08T08:30:49.363+0000] {manager.py:878} INFO - 
================================================================================
DAG File Processing Stats

File Path                               PID    Runtime      # DAGs    # Errors  Last Runtime    Last Run
--------------------------------------  -----  ---------  --------  ----------  --------------  -------------------
/opt/airflow/dags/ecommerce_etl_dag.py                           1           0  0.10s           2026-06-08T08:30:39
================================================================================
[2026-06-08T08:31:19.717+0000] {manager.py:878} INFO - 
================================================================================
DAG File Processing Stats

File Path                               PID    Runtime      # DAGs    # Errors  Last Runtime    Last Run
--------------------------------------  -----  ---------  --------  ----------  --------------  -------------------
/opt/airflow/dags/ecommerce_etl_dag.py                           1           0  0.13s           2026-06-08T08:31:09
================================================================================
[2026-06-08T08:31:50.045+0000] {manager.py:878} INFO - 
================================================================================
DAG File Processing Stats

File Path                               PID    Runtime      # DAGs    # Errors  Last Runtime    Last Run
--------------------------------------  -----  ---------  --------  ----------  --------------  -------------------
/opt/airflow/dags/ecommerce_etl_dag.py                           1           0  0.09s           2026-06-08T08:31:40
================================================================================
[2026-06-08T08:32:20.469+0000] {manager.py:878} INFO - 
================================================================================
DAG File Processing Stats

File Path                               PID    Runtime      # DAGs    # Errors  Last Runtime    Last Run
--------------------------------------  -----  ---------  --------  ----------  --------------  -------------------
/opt/airflow/dags/ecommerce_etl_dag.py                           1           0  0.15s           2026-06-08T08:32:10
================================================================================
[2026-06-08T08:32:50.744+0000] {manager.py:878} INFO - 
================================================================================
DAG File Processing Stats

File Path                               PID    Runtime      # DAGs    # Errors  Last Runtime    Last Run
--------------------------------------  -----  ---------  --------  ----------  --------------  -------------------
/opt/airflow/dags/ecommerce_etl_dag.py                           1           0  0.05s           2026-06-08T08:32:40
================================================================================
[2026-06-08T08:33:21.122+0000] {manager.py:878} INFO - 
================================================================================
DAG File Processing Stats

File Path                               PID    Runtime      # DAGs    # Errors  Last Runtime    Last Run
--------------------------------------  -----  ---------  --------  ----------  --------------  -------------------
/opt/airflow/dags/ecommerce_etl_dag.py                           1           0  0.11s           2026-06-08T08:33:11
================================================================================
[2026-06-08T08:33:51.442+0000] {manager.py:878} INFO - 
================================================================================
DAG File Processing Stats

File Path                               PID    Runtime      # DAGs    # Errors  Last Runtime    Last Run
--------------------------------------  -----  ---------  --------  ----------  --------------  -------------------
/opt/airflow/dags/ecommerce_etl_dag.py                           1           0  0.07s           2026-06-08T08:33:41
================================================================================
[2026-06-08T08:34:21.785+0000] {manager.py:878} INFO - 
================================================================================
DAG File Processing Stats

File Path                               PID    Runtime      # DAGs    # Errors  Last Runtime    Last Run
--------------------------------------  -----  ---------  --------  ----------  --------------  -------------------
/opt/airflow/dags/ecommerce_etl_dag.py                           1           0  0.13s           2026-06-08T08:34:11
================================================================================
[2026-06-08T08:34:52.105+0000] {manager.py:878} INFO - 
================================================================================
DAG File Processing Stats

File Path                               PID    Runtime      # DAGs    # Errors  Last Runtime    Last Run
--------------------------------------  -----  ---------  --------  ----------  --------------  -------------------
/opt/airflow/dags/ecommerce_etl_dag.py                           1           0  0.08s           2026-06-08T08:34:42
================================================================================
[2026-06-08T08:35:22.486+0000] {manager.py:878} INFO - 
================================================================================
DAG File Processing Stats

File Path                               PID    Runtime      # DAGs    # Errors  Last Runtime    Last Run
--------------------------------------  -----  ---------  --------  ----------  --------------  -------------------
/opt/airflow/dags/ecommerce_etl_dag.py                           1           0  0.11s           2026-06-08T08:35:12
================================================================================
[2026-06-08T08:35:39.651+0000] {manager.py:737} INFO - Searching for files in /opt/airflow/dags
[2026-06-08T08:35:39.661+0000] {manager.py:740} INFO - There are 1 files in /opt/airflow/dags
[2026-06-08T08:35:52.815+0000] {manager.py:878} INFO - 
================================================================================
DAG File Processing Stats

File Path                               PID    Runtime      # DAGs    # Errors  Last Runtime    Last Run
--------------------------------------  -----  ---------  --------  ----------  --------------  -------------------
/opt/airflow/dags/ecommerce_etl_dag.py                           1           0  0.08s           2026-06-08T08:35:42
================================================================================
[2026-06-08T08:36:23.111+0000] {manager.py:878} INFO - 
================================================================================
DAG File Processing Stats

File Path                               PID    Runtime      # DAGs    # Errors  Last Runtime    Last Run
--------------------------------------  -----  ---------  --------  ----------  --------------  -------------------
/opt/airflow/dags/ecommerce_etl_dag.py                           1           0  0.10s           2026-06-08T08:36:13
================================================================================
[2026-06-08T08:36:53.407+0000] {manager.py:878} INFO - 
================================================================================
DAG File Processing Stats

File Path                               PID    Runtime      # DAGs    # Errors  Last Runtime    Last Run
--------------------------------------  -----  ---------  --------  ----------  --------------  -------------------
/opt/airflow/dags/ecommerce_etl_dag.py                           1           0  0.08s           2026-06-08T08:36:43
================================================================================
[2026-06-08T08:37:23.694+0000] {manager.py:878} INFO - 
================================================================================
DAG File Processing Stats

File Path                               PID    Runtime      # DAGs    # Errors  Last Runtime    Last Run
--------------------------------------  -----  ---------  --------  ----------  --------------  -------------------
/opt/airflow/dags/ecommerce_etl_dag.py                           1           0  0.10s           2026-06-08T08:37:13
================================================================================
[2026-06-08T08:37:54.106+0000] {manager.py:878} INFO - 
================================================================================
DAG File Processing Stats

File Path                               PID    Runtime      # DAGs    # Errors  Last Runtime    Last Run
--------------------------------------  -----  ---------  --------  ----------  --------------  -------------------
/opt/airflow/dags/ecommerce_etl_dag.py                           1           0  0.08s           2026-06-08T08:37:44
================================================================================
[2026-06-08T08:38:24.429+0000] {manager.py:878} INFO - 
================================================================================
DAG File Processing Stats

File Path                               PID    Runtime      # DAGs    # Errors  Last Runtime    Last Run
--------------------------------------  -----  ---------  --------  ----------  --------------  -------------------
/opt/airflow/dags/ecommerce_etl_dag.py                           1           0  0.06s           2026-06-08T08:38:14
================================================================================
[2026-06-08T08:38:54.776+0000] {manager.py:878} INFO - 
================================================================================
DAG File Processing Stats

File Path                               PID    Runtime      # DAGs    # Errors  Last Runtime    Last Run
--------------------------------------  -----  ---------  --------  ----------  --------------  -------------------
/opt/airflow/dags/ecommerce_etl_dag.py                           1           0  0.12s           2026-06-08T08:38:44
================================================================================
[2026-06-08T08:39:25.094+0000] {manager.py:878} INFO - 
================================================================================
DAG File Processing Stats

File Path                               PID    Runtime      # DAGs    # Errors  Last Runtime    Last Run
--------------------------------------  -----  ---------  --------  ----------  --------------  -------------------
/opt/airflow/dags/ecommerce_etl_dag.py                           1           0  0.09s           2026-06-08T08:39:15
================================================================================
[2026-06-08T08:39:55.494+0000] {manager.py:878} INFO - 
================================================================================
DAG File Processing Stats

File Path                               PID    Runtime      # DAGs    # Errors  Last Runtime    Last Run
--------------------------------------  -----  ---------  --------  ----------  --------------  -------------------
/opt/airflow/dags/ecommerce_etl_dag.py                           1           0  0.17s           2026-06-08T08:39:45
================================================================================
[2026-06-08T08:40:25.921+0000] {manager.py:878} INFO - 
================================================================================
DAG File Processing Stats

File Path                               PID    Runtime      # DAGs    # Errors  Last Runtime    Last Run
--------------------------------------  -----  ---------  --------  ----------  --------------  -------------------
/opt/airflow/dags/ecommerce_etl_dag.py                           1           0  0.08s           2026-06-08T08:40:15
================================================================================
[2026-06-08T08:40:40.074+0000] {manager.py:737} INFO - Searching for files in /opt/airflow/dags
[2026-06-08T08:40:40.083+0000] {manager.py:740} INFO - There are 1 files in /opt/airflow/dags
[2026-06-08T08:40:56.306+0000] {manager.py:878} INFO - 
================================================================================
DAG File Processing Stats

File Path                               PID    Runtime      # DAGs    # Errors  Last Runtime    Last Run
--------------------------------------  -----  ---------  --------  ----------  --------------  -------------------
/opt/airflow/dags/ecommerce_etl_dag.py                           1           0  0.08s           2026-06-08T08:40:46
================================================================================
[2026-06-08T08:41:26.643+0000] {manager.py:878} INFO - 
================================================================================
DAG File Processing Stats

File Path                               PID    Runtime      # DAGs    # Errors  Last Runtime    Last Run
--------------------------------------  -----  ---------  --------  ----------  --------------  -------------------
/opt/airflow/dags/ecommerce_etl_dag.py                           1           0  0.11s           2026-06-08T08:41:16
================================================================================
[2026-06-08T08:41:56.931+0000] {manager.py:878} INFO - 
================================================================================
DAG File Processing Stats

File Path                               PID    Runtime      # DAGs    # Errors  Last Runtime    Last Run
--------------------------------------  -----  ---------  --------  ----------  --------------  -------------------
/opt/airflow/dags/ecommerce_etl_dag.py                           1           0  0.09s           2026-06-08T08:41:46
================================================================================
[2026-06-08T08:42:27.213+0000] {manager.py:878} INFO - 
================================================================================
DAG File Processing Stats

File Path                               PID    Runtime      # DAGs    # Errors  Last Runtime    Last Run
--------------------------------------  -----  ---------  --------  ----------  --------------  -------------------
/opt/airflow/dags/ecommerce_etl_dag.py                           1           0  0.10s           2026-06-08T08:42:17
================================================================================
[2026-06-08T08:42:57.514+0000] {manager.py:878} INFO - 
================================================================================
DAG File Processing Stats

File Path                               PID    Runtime      # DAGs    # Errors  Last Runtime    Last Run
--------------------------------------  -----  ---------  --------  ----------  --------------  -------------------
/opt/airflow/dags/ecommerce_etl_dag.py                           1           0  0.09s           2026-06-08T08:42:47
================================================================================
[2026-06-08T08:43:27.758+0000] {manager.py:878} INFO - 
================================================================================
DAG File Processing Stats

File Path                               PID    Runtime      # DAGs    # Errors  Last Runtime    Last Run
--------------------------------------  -----  ---------  --------  ----------  --------------  -------------------
/opt/airflow/dags/ecommerce_etl_dag.py                           1           0  0.06s           2026-06-08T08:43:17
================================================================================
[2026-06-08T08:43:58.132+0000] {manager.py:878} INFO - 
================================================================================
DAG File Processing Stats

File Path                               PID    Runtime      # DAGs    # Errors  Last Runtime    Last Run
--------------------------------------  -----  ---------  --------  ----------  --------------  -------------------
/opt/airflow/dags/ecommerce_etl_dag.py                           1           0  0.11s           2026-06-08T08:43:48
================================================================================
[2026-06-08T08:44:28.481+0000] {manager.py:878} INFO - 
================================================================================
DAG File Processing Stats

File Path                               PID    Runtime      # DAGs    # Errors  Last Runtime    Last Run
--------------------------------------  -----  ---------  --------  ----------  --------------  -------------------
/opt/airflow/dags/ecommerce_etl_dag.py                           1           0  0.09s           2026-06-08T08:44:18
================================================================================
[2026-06-08T08:44:58.799+0000] {manager.py:878} INFO - 
================================================================================
DAG File Processing Stats

File Path                               PID    Runtime      # DAGs    # Errors  Last Runtime    Last Run
--------------------------------------  -----  ---------  --------  ----------  --------------  -------------------
/opt/airflow/dags/ecommerce_etl_dag.py                           1           0  0.11s           2026-06-08T08:44:48
================================================================================
[2026-06-08T08:45:29.161+0000] {manager.py:878} INFO - 
================================================================================
DAG File Processing Stats

File Path                               PID    Runtime      # DAGs    # Errors  Last Runtime    Last Run
--------------------------------------  -----  ---------  --------  ----------  --------------  -------------------
/opt/airflow/dags/ecommerce_etl_dag.py                           1           0  0.12s           2026-06-08T08:45:19
================================================================================
[2026-06-08T08:45:40.268+0000] {manager.py:737} INFO - Searching for files in /opt/airflow/dags
[2026-06-08T08:45:40.276+0000] {manager.py:740} INFO - There are 1 files in /opt/airflow/dags
[2026-06-08T08:45:59.481+0000] {manager.py:878} INFO - 
================================================================================
DAG File Processing Stats

File Path                               PID    Runtime      # DAGs    # Errors  Last Runtime    Last Run
--------------------------------------  -----  ---------  --------  ----------  --------------  -------------------
/opt/airflow/dags/ecommerce_etl_dag.py                           1           0  0.05s           2026-06-08T08:45:49
================================================================================
[2026-06-08T08:46:29.797+0000] {manager.py:878} INFO - 
================================================================================
DAG File Processing Stats

File Path                               PID    Runtime      # DAGs    # Errors  Last Runtime    Last Run
--------------------------------------  -----  ---------  --------  ----------  --------------  -------------------
/opt/airflow/dags/ecommerce_etl_dag.py                           1           0  0.11s           2026-06-08T08:46:19
================================================================================
[2026-06-08T08:47:00.169+0000] {manager.py:878} INFO - 
================================================================================
DAG File Processing Stats

File Path                               PID    Runtime      # DAGs    # Errors  Last Runtime    Last Run
--------------------------------------  -----  ---------  --------  ----------  --------------  -------------------
/opt/airflow/dags/ecommerce_etl_dag.py                           1           0  0.06s           2026-06-08T08:46:50
================================================================================
[2026-06-08T08:47:30.456+0000] {manager.py:878} INFO - 
================================================================================
DAG File Processing Stats

File Path                               PID    Runtime      # DAGs    # Errors  Last Runtime    Last Run
--------------------------------------  -----  ---------  --------  ----------  --------------  -------------------
/opt/airflow/dags/ecommerce_etl_dag.py                           1           0  0.08s           2026-06-08T08:47:20
================================================================================
[2026-06-08T08:48:00.785+0000] {manager.py:878} INFO - 
================================================================================
DAG File Processing Stats

File Path                               PID    Runtime      # DAGs    # Errors  Last Runtime    Last Run
--------------------------------------  -----  ---------  --------  ----------  --------------  -------------------
/opt/airflow/dags/ecommerce_etl_dag.py                           1           0  0.10s           2026-06-08T08:47:50
================================================================================
[2026-06-08T08:48:31.129+0000] {manager.py:878} INFO - 
================================================================================
DAG File Processing Stats

File Path                               PID    Runtime      # DAGs    # Errors  Last Runtime    Last Run
--------------------------------------  -----  ---------  --------  ----------  --------------  -------------------
/opt/airflow/dags/ecommerce_etl_dag.py                           1           0  0.08s           2026-06-08T08:48:21
================================================================================
[2026-06-08T08:49:01.416+0000] {manager.py:878} INFO - 
================================================================================
DAG File Processing Stats

File Path                               PID    Runtime      # DAGs    # Errors  Last Runtime    Last Run
--------------------------------------  -----  ---------  --------  ----------  --------------  -------------------
/opt/airflow/dags/ecommerce_etl_dag.py                           1           0  0.08s           2026-06-08T08:48:51
================================================================================
[2026-06-08T08:49:31.803+0000] {manager.py:878} INFO - 
================================================================================
DAG File Processing Stats

File Path                               PID    Runtime      # DAGs    # Errors  Last Runtime    Last Run
--------------------------------------  -----  ---------  --------  ----------  --------------  -------------------
/opt/airflow/dags/ecommerce_etl_dag.py                           1           0  0.11s           2026-06-08T08:49:21
================================================================================
[2026-06-08T08:50:02.088+0000] {manager.py:878} INFO - 
================================================================================
DAG File Processing Stats

File Path                               PID    Runtime      # DAGs    # Errors  Last Runtime    Last Run
--------------------------------------  -----  ---------  --------  ----------  --------------  -------------------
/opt/airflow/dags/ecommerce_etl_dag.py                           1           0  0.07s           2026-06-08T08:49:52
================================================================================
[2026-06-08T08:50:32.411+0000] {manager.py:878} INFO - 
================================================================================
DAG File Processing Stats

File Path                               PID    Runtime      # DAGs    # Errors  Last Runtime    Last Run
--------------------------------------  -----  ---------  --------  ----------  --------------  -------------------
/opt/airflow/dags/ecommerce_etl_dag.py                           1           0  0.10s           2026-06-08T08:50:22
================================================================================
[2026-06-08T08:50:40.505+0000] {manager.py:737} INFO - Searching for files in /opt/airflow/dags
[2026-06-08T08:50:40.515+0000] {manager.py:740} INFO - There are 1 files in /opt/airflow/dags
[2026-06-08T08:51:02.832+0000] {manager.py:878} INFO - 
================================================================================
DAG File Processing Stats

File Path                               PID    Runtime      # DAGs    # Errors  Last Runtime    Last Run
--------------------------------------  -----  ---------  --------  ----------  --------------  -------------------
/opt/airflow/dags/ecommerce_etl_dag.py                           1           0  0.10s           2026-06-08T08:50:52
================================================================================
[2026-06-08T08:51:33.214+0000] {manager.py:878} INFO - 
================================================================================
DAG File Processing Stats

File Path                               PID    Runtime      # DAGs    # Errors  Last Runtime    Last Run
--------------------------------------  -----  ---------  --------  ----------  --------------  -------------------
/opt/airflow/dags/ecommerce_etl_dag.py                           1           0  0.09s           2026-06-08T08:51:23
================================================================================
[2026-06-08T08:52:03.601+0000] {manager.py:878} INFO - 
================================================================================
DAG File Processing Stats

File Path                               PID    Runtime      # DAGs    # Errors  Last Runtime    Last Run
--------------------------------------  -----  ---------  --------  ----------  --------------  -------------------
/opt/airflow/dags/ecommerce_etl_dag.py                           1           0  0.09s           2026-06-08T08:51:53
================================================================================
[2026-06-08T08:52:33.961+0000] {manager.py:878} INFO - 
================================================================================
DAG File Processing Stats

File Path                               PID    Runtime      # DAGs    # Errors  Last Runtime    Last Run
--------------------------------------  -----  ---------  --------  ----------  --------------  -------------------
/opt/airflow/dags/ecommerce_etl_dag.py                           1           0  0.08s           2026-06-08T08:52:23
================================================================================
[2026-06-08T08:53:04.377+0000] {manager.py:878} INFO - 
================================================================================
DAG File Processing Stats

File Path                               PID    Runtime      # DAGs    # Errors  Last Runtime    Last Run
--------------------------------------  -----  ---------  --------  ----------  --------------  -------------------
/opt/airflow/dags/ecommerce_etl_dag.py                           1           0  0.11s           2026-06-08T08:52:54
================================================================================
[2026-06-08T08:53:34.790+0000] {manager.py:878} INFO - 
================================================================================
DAG File Processing Stats

File Path                               PID    Runtime      # DAGs    # Errors  Last Runtime    Last Run
--------------------------------------  -----  ---------  --------  ----------  --------------  -------------------
/opt/airflow/dags/ecommerce_etl_dag.py                           1           0  0.08s           2026-06-08T08:53:24
================================================================================
[2026-06-08T08:54:05.066+0000] {manager.py:878} INFO - 
================================================================================
DAG File Processing Stats

File Path                               PID    Runtime      # DAGs    # Errors  Last Runtime    Last Run
--------------------------------------  -----  ---------  --------  ----------  --------------  -------------------
/opt/airflow/dags/ecommerce_etl_dag.py                           1           0  0.08s           2026-06-08T08:53:55
================================================================================
[2026-06-08T08:54:35.408+0000] {manager.py:878} INFO - 
================================================================================
DAG File Processing Stats

File Path                               PID    Runtime      # DAGs    # Errors  Last Runtime    Last Run
--------------------------------------  -----  ---------  --------  ----------  --------------  -------------------
/opt/airflow/dags/ecommerce_etl_dag.py                           1           0  0.09s           2026-06-08T08:54:25
================================================================================
[2026-06-08T08:55:05.855+0000] {manager.py:878} INFO - 
================================================================================
DAG File Processing Stats

File Path                               PID    Runtime      # DAGs    # Errors  Last Runtime    Last Run
--------------------------------------  -----  ---------  --------  ----------  --------------  -------------------
/opt/airflow/dags/ecommerce_etl_dag.py                           1           0  0.21s           2026-06-08T08:54:55
================================================================================
[2026-06-08T08:55:36.202+0000] {manager.py:878} INFO - 
================================================================================
DAG File Processing Stats

File Path                               PID    Runtime      # DAGs    # Errors  Last Runtime    Last Run
--------------------------------------  -----  ---------  --------  ----------  --------------  -------------------
/opt/airflow/dags/ecommerce_etl_dag.py                           1           0  0.08s           2026-06-08T08:55:26
================================================================================
[2026-06-08T08:55:41.328+0000] {manager.py:737} INFO - Searching for files in /opt/airflow/dags
[2026-06-08T08:55:41.336+0000] {manager.py:740} INFO - There are 1 files in /opt/airflow/dags
[2026-06-08T08:56:06.714+0000] {manager.py:878} INFO - 
================================================================================
DAG File Processing Stats

File Path                               PID    Runtime      # DAGs    # Errors  Last Runtime    Last Run
--------------------------------------  -----  ---------  --------  ----------  --------------  -------------------
/opt/airflow/dags/ecommerce_etl_dag.py                           1           0  0.17s           2026-06-08T08:55:56
================================================================================
[2026-06-08T09:20:43.926+0000] {manager.py:737} INFO - Searching for files in /opt/airflow/dags
[2026-06-08T09:20:43.930+0000] {manager.py:740} INFO - There are 1 files in /opt/airflow/dags
[2026-06-08T09:21:11.276+0000] {manager.py:878} INFO - 
================================================================================
DAG File Processing Stats

File Path                               PID    Runtime      # DAGs    # Errors  Last Runtime    Last Run
--------------------------------------  -----  ---------  --------  ----------  --------------  -------------------
/opt/airflow/dags/ecommerce_etl_dag.py                           1           0  0.10s           2026-06-08T09:20:44
================================================================================
[2026-06-08T09:21:41.595+0000] {manager.py:878} INFO - 
================================================================================
DAG File Processing Stats

File Path                               PID    Runtime      # DAGs    # Errors  Last Runtime    Last Run
--------------------------------------  -----  ---------  --------  ----------  --------------  -------------------
/opt/airflow/dags/ecommerce_etl_dag.py                           1           0  0.09s           2026-06-08T09:21:14
================================================================================
[2026-06-08T09:22:11.931+0000] {manager.py:878} INFO - 
================================================================================
DAG File Processing Stats

File Path                               PID    Runtime      # DAGs    # Errors  Last Runtime    Last Run
--------------------------------------  -----  ---------  --------  ----------  --------------  -------------------
/opt/airflow/dags/ecommerce_etl_dag.py                           1           0  0.12s           2026-06-08T09:21:44
================================================================================
[2026-06-08T09:22:42.242+0000] {manager.py:878} INFO - 
================================================================================
DAG File Processing Stats

File Path                               PID    Runtime      # DAGs    # Errors  Last Runtime    Last Run
--------------------------------------  -----  ---------  --------  ----------  --------------  -------------------
/opt/airflow/dags/ecommerce_etl_dag.py                           1           0  0.07s           2026-06-08T09:22:15
================================================================================
[2026-06-08T09:23:12.486+0000] {manager.py:878} INFO - 
================================================================================
DAG File Processing Stats

File Path                               PID    Runtime      # DAGs    # Errors  Last Runtime    Last Run
--------------------------------------  -----  ---------  --------  ----------  --------------  -------------------
/opt/airflow/dags/ecommerce_etl_dag.py                           1           0  0.05s           2026-06-08T09:22:45
================================================================================
[2026-06-08T09:23:42.751+0000] {manager.py:878} INFO - 
================================================================================
DAG File Processing Stats

File Path                               PID    Runtime      # DAGs    # Errors  Last Runtime    Last Run
--------------------------------------  -----  ---------  --------  ----------  --------------  -------------------
/opt/airflow/dags/ecommerce_etl_dag.py                           1           0  0.07s           2026-06-08T09:23:15
================================================================================
[2026-06-08T09:24:13.026+0000] {manager.py:878} INFO - 
================================================================================
DAG File Processing Stats

File Path                               PID    Runtime      # DAGs    # Errors  Last Runtime    Last Run
--------------------------------------  -----  ---------  --------  ----------  --------------  -------------------
/opt/airflow/dags/ecommerce_etl_dag.py                           1           0  0.05s           2026-06-08T09:23:45
================================================================================
[2026-06-08T09:24:43.330+0000] {manager.py:878} INFO - 
================================================================================
DAG File Processing Stats

File Path                               PID    Runtime      # DAGs    # Errors  Last Runtime    Last Run
--------------------------------------  -----  ---------  --------  ----------  --------------  -------------------
/opt/airflow/dags/ecommerce_etl_dag.py                           1           0  0.05s           2026-06-08T09:24:16
================================================================================
[2026-06-08T09:25:13.618+0000] {manager.py:878} INFO - 
================================================================================
DAG File Processing Stats

File Path                               PID    Runtime      # DAGs    # Errors  Last Runtime    Last Run
--------------------------------------  -----  ---------  --------  ----------  --------------  -------------------
/opt/airflow/dags/ecommerce_etl_dag.py                           1           0  0.06s           2026-06-08T09:24:46
================================================================================
[2026-06-08T09:25:43.941+0000] {manager.py:737} INFO - Searching for files in /opt/airflow/dags
[2026-06-08T09:25:43.954+0000] {manager.py:740} INFO - There are 1 files in /opt/airflow/dags
[2026-06-08T09:25:43.971+0000] {manager.py:878} INFO - 
================================================================================
DAG File Processing Stats

File Path                               PID    Runtime      # DAGs    # Errors  Last Runtime    Last Run
--------------------------------------  -----  ---------  --------  ----------  --------------  -------------------
/opt/airflow/dags/ecommerce_etl_dag.py                           1           0  0.07s           2026-06-08T09:25:16
================================================================================
[2026-06-08T09:26:14.372+0000] {manager.py:878} INFO - 
================================================================================
DAG File Processing Stats

File Path                               PID    Runtime      # DAGs    # Errors  Last Runtime    Last Run
--------------------------------------  -----  ---------  --------  ----------  --------------  -------------------
/opt/airflow/dags/ecommerce_etl_dag.py                           1           0  0.26s           2026-06-08T09:25:47
================================================================================
[2026-06-08T09:26:44.726+0000] {manager.py:878} INFO - 
================================================================================
DAG File Processing Stats

File Path                               PID    Runtime      # DAGs    # Errors  Last Runtime    Last Run
--------------------------------------  -----  ---------  --------  ----------  --------------  -------------------
/opt/airflow/dags/ecommerce_etl_dag.py                           1           0  0.05s           2026-06-08T09:26:17
================================================================================
[2026-06-08T09:27:15.120+0000] {manager.py:878} INFO - 
================================================================================
DAG File Processing Stats

File Path                               PID    Runtime      # DAGs    # Errors  Last Runtime    Last Run
--------------------------------------  -----  ---------  --------  ----------  --------------  -------------------
/opt/airflow/dags/ecommerce_etl_dag.py                           1           0  0.08s           2026-06-08T09:26:47
================================================================================
[2026-06-08T09:27:45.492+0000] {manager.py:878} INFO - 
================================================================================
DAG File Processing Stats

File Path                               PID    Runtime      # DAGs    # Errors  Last Runtime    Last Run
--------------------------------------  -----  ---------  --------  ----------  --------------  -------------------
/opt/airflow/dags/ecommerce_etl_dag.py                           1           0  0.09s           2026-06-08T09:27:18
================================================================================
[2026-06-08T09:28:15.944+0000] {manager.py:878} INFO - 
================================================================================
DAG File Processing Stats

File Path                               PID    Runtime      # DAGs    # Errors  Last Runtime    Last Run
--------------------------------------  -----  ---------  --------  ----------  --------------  -------------------
/opt/airflow/dags/ecommerce_etl_dag.py                           1           0  0.10s           2026-06-08T09:27:48
================================================================================
[2026-06-08T09:28:46.313+0000] {manager.py:878} INFO - 
================================================================================
DAG File Processing Stats

File Path                               PID    Runtime      # DAGs    # Errors  Last Runtime    Last Run
--------------------------------------  -----  ---------  --------  ----------  --------------  -------------------
/opt/airflow/dags/ecommerce_etl_dag.py                           1           0  0.08s           2026-06-08T09:28:19
================================================================================
[2026-06-08T09:29:16.670+0000] {manager.py:878} INFO - 
================================================================================
DAG File Processing Stats

File Path                               PID    Runtime      # DAGs    # Errors  Last Runtime    Last Run
--------------------------------------  -----  ---------  --------  ----------  --------------  -------------------
/opt/airflow/dags/ecommerce_etl_dag.py                           1           0  0.06s           2026-06-08T09:28:49
================================================================================
[2026-06-08T09:29:47.010+0000] {manager.py:878} INFO - 
================================================================================
DAG File Processing Stats

File Path                               PID    Runtime      # DAGs    # Errors  Last Runtime    Last Run
--------------------------------------  -----  ---------  --------  ----------  --------------  -------------------
/opt/airflow/dags/ecommerce_etl_dag.py                           1           0  0.08s           2026-06-08T09:29:19
================================================================================
[2026-06-08T09:30:17.423+0000] {manager.py:878} INFO - 
================================================================================
DAG File Processing Stats

File Path                               PID    Runtime      # DAGs    # Errors  Last Runtime    Last Run
--------------------------------------  -----  ---------  --------  ----------  --------------  -------------------
/opt/airflow/dags/ecommerce_etl_dag.py                           1           0  0.07s           2026-06-08T09:29:50
================================================================================
[2026-06-08T09:30:44.801+0000] {manager.py:737} INFO - Searching for files in /opt/airflow/dags
[2026-06-08T09:30:44.806+0000] {manager.py:740} INFO - There are 1 files in /opt/airflow/dags
[2026-06-08T09:30:47.869+0000] {manager.py:878} INFO - 
================================================================================
DAG File Processing Stats

File Path                               PID    Runtime      # DAGs    # Errors  Last Runtime    Last Run
--------------------------------------  -----  ---------  --------  ----------  --------------  -------------------
/opt/airflow/dags/ecommerce_etl_dag.py                           1           0  0.09s           2026-06-08T09:30:20
================================================================================
[2026-06-08T09:31:18.257+0000] {manager.py:878} INFO - 
================================================================================
DAG File Processing Stats

File Path                               PID    Runtime      # DAGs    # Errors  Last Runtime    Last Run
--------------------------------------  -----  ---------  --------  ----------  --------------  -------------------
/opt/airflow/dags/ecommerce_etl_dag.py                           1           0  0.07s           2026-06-08T09:30:50
================================================================================
[2026-06-08T09:31:48.619+0000] {manager.py:878} INFO - 
================================================================================
DAG File Processing Stats

File Path                               PID    Runtime      # DAGs    # Errors  Last Runtime    Last Run
--------------------------------------  -----  ---------  --------  ----------  --------------  -------------------
/opt/airflow/dags/ecommerce_etl_dag.py                           1           0  0.19s           2026-06-08T09:31:21
================================================================================
[2026-06-08T09:32:18.979+0000] {manager.py:878} INFO - 
================================================================================
DAG File Processing Stats

File Path                               PID    Runtime      # DAGs    # Errors  Last Runtime    Last Run
--------------------------------------  -----  ---------  --------  ----------  --------------  -------------------
/opt/airflow/dags/ecommerce_etl_dag.py                           1           0  0.11s           2026-06-08T09:31:51
================================================================================
[2026-06-08T09:32:49.318+0000] {manager.py:878} INFO - 
================================================================================
DAG File Processing Stats

File Path                               PID    Runtime      # DAGs    # Errors  Last Runtime    Last Run
--------------------------------------  -----  ---------  --------  ----------  --------------  -------------------
/opt/airflow/dags/ecommerce_etl_dag.py                           1           0  0.08s           2026-06-08T09:32:22
================================================================================
[2026-06-08T09:33:19.594+0000] {manager.py:878} INFO - 
================================================================================
DAG File Processing Stats

File Path                               PID    Runtime      # DAGs    # Errors  Last Runtime    Last Run
--------------------------------------  -----  ---------  --------  ----------  --------------  -------------------
/opt/airflow/dags/ecommerce_etl_dag.py                           1           0  0.09s           2026-06-08T09:32:52
================================================================================
[2026-06-08T09:33:49.885+0000] {manager.py:878} INFO - 
================================================================================
DAG File Processing Stats

File Path                               PID    Runtime      # DAGs    # Errors  Last Runtime    Last Run
--------------------------------------  -----  ---------  --------  ----------  --------------  -------------------
/opt/airflow/dags/ecommerce_etl_dag.py                           1           0  0.10s           2026-06-08T09:33:22
================================================================================
[2026-06-08T09:34:20.177+0000] {manager.py:878} INFO - 
================================================================================
DAG File Processing Stats

File Path                               PID    Runtime      # DAGs    # Errors  Last Runtime    Last Run
--------------------------------------  -----  ---------  --------  ----------  --------------  -------------------
/opt/airflow/dags/ecommerce_etl_dag.py                           1           0  0.08s           2026-06-08T09:33:52
================================================================================
[2026-06-08T09:34:50.461+0000] {manager.py:878} INFO - 
================================================================================
DAG File Processing Stats

File Path                               PID    Runtime      # DAGs    # Errors  Last Runtime    Last Run
--------------------------------------  -----  ---------  --------  ----------  --------------  -------------------
/opt/airflow/dags/ecommerce_etl_dag.py                           1           0  0.08s           2026-06-08T09:34:23
================================================================================
[2026-06-08T09:35:20.733+0000] {manager.py:878} INFO - 
================================================================================
DAG File Processing Stats

File Path                               PID    Runtime      # DAGs    # Errors  Last Runtime    Last Run
--------------------------------------  -----  ---------  --------  ----------  --------------  -------------------
/opt/airflow/dags/ecommerce_etl_dag.py                           1           0  0.08s           2026-06-08T09:34:53
================================================================================
[2026-06-08T09:35:44.951+0000] {manager.py:737} INFO - Searching for files in /opt/airflow/dags
[2026-06-08T09:35:44.960+0000] {manager.py:740} INFO - There are 1 files in /opt/airflow/dags
[2026-06-08T09:35:51.028+0000] {manager.py:878} INFO - 
================================================================================
DAG File Processing Stats

File Path                               PID    Runtime      # DAGs    # Errors  Last Runtime    Last Run
--------------------------------------  -----  ---------  --------  ----------  --------------  -------------------
/opt/airflow/dags/ecommerce_etl_dag.py                           1           0  0.10s           2026-06-08T09:35:23
================================================================================
[2026-06-08T09:36:21.315+0000] {manager.py:878} INFO - 
================================================================================
DAG File Processing Stats

File Path                               PID    Runtime      # DAGs    # Errors  Last Runtime    Last Run
--------------------------------------  -----  ---------  --------  ----------  --------------  -------------------
/opt/airflow/dags/ecommerce_etl_dag.py                           1           0  0.07s           2026-06-08T09:35:54
================================================================================
[2026-06-08T09:36:51.561+0000] {manager.py:878} INFO - 
================================================================================
DAG File Processing Stats

File Path                               PID    Runtime      # DAGs    # Errors  Last Runtime    Last Run
--------------------------------------  -----  ---------  --------  ----------  --------------  -------------------
/opt/airflow/dags/ecommerce_etl_dag.py                           1           0  0.06s           2026-06-08T09:36:24
================================================================================
[2026-06-08T09:37:22.008+0000] {manager.py:878} INFO - 
================================================================================
DAG File Processing Stats

File Path                               PID    Runtime      # DAGs    # Errors  Last Runtime    Last Run
--------------------------------------  -----  ---------  --------  ----------  --------------  -------------------
/opt/airflow/dags/ecommerce_etl_dag.py                           1           0  0.10s           2026-06-08T09:36:54
================================================================================
[2026-06-08T09:37:52.383+0000] {manager.py:878} INFO - 
================================================================================
DAG File Processing Stats

File Path                               PID    Runtime      # DAGs    # Errors  Last Runtime    Last Run
--------------------------------------  -----  ---------  --------  ----------  --------------  -------------------
/opt/airflow/dags/ecommerce_etl_dag.py                           1           0  0.08s           2026-06-08T09:37:25
================================================================================
[2026-06-08T09:38:22.738+0000] {manager.py:878} INFO - 
================================================================================
DAG File Processing Stats

File Path                               PID    Runtime      # DAGs    # Errors  Last Runtime    Last Run
--------------------------------------  -----  ---------  --------  ----------  --------------  -------------------
/opt/airflow/dags/ecommerce_etl_dag.py                           1           0  0.08s           2026-06-08T09:37:55
================================================================================
[2026-06-08T09:38:53.177+0000] {manager.py:878} INFO - 
================================================================================
DAG File Processing Stats

File Path                               PID    Runtime      # DAGs    # Errors  Last Runtime    Last Run
--------------------------------------  -----  ---------  --------  ----------  --------------  -------------------
/opt/airflow/dags/ecommerce_etl_dag.py                           1           0  0.09s           2026-06-08T09:38:25
================================================================================
[2026-06-08T09:39:23.607+0000] {manager.py:878} INFO - 
================================================================================
DAG File Processing Stats

File Path                               PID    Runtime      # DAGs    # Errors  Last Runtime    Last Run
--------------------------------------  -----  ---------  --------  ----------  --------------  -------------------
/opt/airflow/dags/ecommerce_etl_dag.py                           1           0  0.10s           2026-06-08T09:38:56
================================================================================
[2026-06-08T09:39:53.952+0000] {manager.py:878} INFO - 
================================================================================
DAG File Processing Stats

File Path                               PID    Runtime      # DAGs    # Errors  Last Runtime    Last Run
--------------------------------------  -----  ---------  --------  ----------  --------------  -------------------
/opt/airflow/dags/ecommerce_etl_dag.py                           1           0  0.08s           2026-06-08T09:39:26
================================================================================
[2026-06-08T09:40:24.343+0000] {manager.py:878} INFO - 
================================================================================
DAG File Processing Stats

File Path                               PID    Runtime      # DAGs    # Errors  Last Runtime    Last Run
--------------------------------------  -----  ---------  --------  ----------  --------------  -------------------
/opt/airflow/dags/ecommerce_etl_dag.py                           1           0  0.06s           2026-06-08T09:39:57
================================================================================
[2026-06-08T09:40:45.554+0000] {manager.py:737} INFO - Searching for files in /opt/airflow/dags
[2026-06-08T09:40:45.558+0000] {manager.py:740} INFO - There are 1 files in /opt/airflow/dags
[2026-06-08T09:40:54.667+0000] {manager.py:878} INFO - 
================================================================================
DAG File Processing Stats

File Path                               PID    Runtime      # DAGs    # Errors  Last Runtime    Last Run
--------------------------------------  -----  ---------  --------  ----------  --------------  -------------------
/opt/airflow/dags/ecommerce_etl_dag.py                           1           0  0.10s           2026-06-08T09:40:27
================================================================================
[2026-06-08T09:41:25.022+0000] {manager.py:878} INFO - 
================================================================================
DAG File Processing Stats

File Path                               PID    Runtime      # DAGs    # Errors  Last Runtime    Last Run
--------------------------------------  -----  ---------  --------  ----------  --------------  -------------------
/opt/airflow/dags/ecommerce_etl_dag.py                           1           0  0.07s           2026-06-08T09:40:57
================================================================================
[2026-06-08T09:41:55.436+0000] {manager.py:878} INFO - 
================================================================================
DAG File Processing Stats

File Path                               PID    Runtime      # DAGs    # Errors  Last Runtime    Last Run
--------------------------------------  -----  ---------  --------  ----------  --------------  -------------------
/opt/airflow/dags/ecommerce_etl_dag.py                           1           0  0.08s           2026-06-08T09:41:28
================================================================================
[2026-06-08T09:47:08.798+0000] {manager.py:737} INFO - Searching for files in /opt/airflow/dags
[2026-06-08T09:47:08.803+0000] {manager.py:740} INFO - There are 1 files in /opt/airflow/dags
[2026-06-08T09:47:19.949+0000] {manager.py:878} INFO - 
================================================================================
DAG File Processing Stats

File Path                               PID    Runtime      # DAGs    # Errors  Last Runtime    Last Run
--------------------------------------  -----  ---------  --------  ----------  --------------  -------------------
/opt/airflow/dags/ecommerce_etl_dag.py                           1           0  0.11s           2026-06-08T09:47:08
================================================================================
[2026-06-08T09:47:50.289+0000] {manager.py:878} INFO - 
================================================================================
DAG File Processing Stats

File Path                               PID    Runtime      # DAGs    # Errors  Last Runtime    Last Run
--------------------------------------  -----  ---------  --------  ----------  --------------  -------------------
/opt/airflow/dags/ecommerce_etl_dag.py                           1           0  0.06s           2026-06-08T09:47:39
================================================================================
[2026-06-08T09:48:20.638+0000] {manager.py:878} INFO - 
================================================================================
DAG File Processing Stats

File Path                               PID    Runtime      # DAGs    # Errors  Last Runtime    Last Run
--------------------------------------  -----  ---------  --------  ----------  --------------  -------------------
/opt/airflow/dags/ecommerce_etl_dag.py                           1           0  0.10s           2026-06-08T09:48:09
================================================================================
[2026-06-08T09:48:51.011+0000] {manager.py:878} INFO - 
================================================================================
DAG File Processing Stats

File Path                               PID    Runtime      # DAGs    # Errors  Last Runtime    Last Run
--------------------------------------  -----  ---------  --------  ----------  --------------  -------------------
/opt/airflow/dags/ecommerce_etl_dag.py                           1           0  0.09s           2026-06-08T09:48:39
================================================================================
[2026-06-08T09:49:21.401+0000] {manager.py:878} INFO - 
================================================================================
DAG File Processing Stats

File Path                               PID    Runtime      # DAGs    # Errors  Last Runtime    Last Run
--------------------------------------  -----  ---------  --------  ----------  --------------  -------------------
/opt/airflow/dags/ecommerce_etl_dag.py                           1           0  0.11s           2026-06-08T09:49:10
================================================================================
[2026-06-08T09:49:51.726+0000] {manager.py:878} INFO - 
================================================================================
DAG File Processing Stats

File Path                               PID    Runtime      # DAGs    # Errors  Last Runtime    Last Run
--------------------------------------  -----  ---------  --------  ----------  --------------  -------------------
/opt/airflow/dags/ecommerce_etl_dag.py                           1           0  0.09s           2026-06-08T09:49:40
================================================================================
[2026-06-08T09:50:22.082+0000] {manager.py:878} INFO - 
================================================================================
DAG File Processing Stats

File Path                               PID    Runtime      # DAGs    # Errors  Last Runtime    Last Run
--------------------------------------  -----  ---------  --------  ----------  --------------  -------------------
/opt/airflow/dags/ecommerce_etl_dag.py                           1           0  0.09s           2026-06-08T09:50:11
================================================================================
[2026-06-08T09:50:52.366+0000] {manager.py:878} INFO - 
================================================================================
DAG File Processing Stats

File Path                               PID    Runtime      # DAGs    # Errors  Last Runtime    Last Run
--------------------------------------  -----  ---------  --------  ----------  --------------  -------------------
/opt/airflow/dags/ecommerce_etl_dag.py                           1           0  0.07s           2026-06-08T09:50:41
================================================================================
[2026-06-08T09:51:22.642+0000] {manager.py:878} INFO - 
================================================================================
DAG File Processing Stats

File Path                               PID    Runtime      # DAGs    # Errors  Last Runtime    Last Run
--------------------------------------  -----  ---------  --------  ----------  --------------  -------------------
/opt/airflow/dags/ecommerce_etl_dag.py                           1           0  0.07s           2026-06-08T09:51:11
================================================================================
[2026-06-08T09:51:52.911+0000] {manager.py:878} INFO - 
================================================================================
DAG File Processing Stats

File Path                               PID    Runtime      # DAGs    # Errors  Last Runtime    Last Run
--------------------------------------  -----  ---------  --------  ----------  --------------  -------------------
/opt/airflow/dags/ecommerce_etl_dag.py                           1           0  0.07s           2026-06-08T09:51:41
================================================================================
[2026-06-08T09:52:09.050+0000] {manager.py:737} INFO - Searching for files in /opt/airflow/dags
[2026-06-08T09:52:09.058+0000] {manager.py:740} INFO - There are 1 files in /opt/airflow/dags
[2026-06-08T09:52:23.162+0000] {manager.py:878} INFO - 
================================================================================
DAG File Processing Stats

File Path                               PID    Runtime      # DAGs    # Errors  Last Runtime    Last Run
--------------------------------------  -----  ---------  --------  ----------  --------------  -------------------
/opt/airflow/dags/ecommerce_etl_dag.py                           1           0  0.06s           2026-06-08T09:52:12
================================================================================
[2026-06-08T09:52:53.421+0000] {manager.py:878} INFO - 
================================================================================
DAG File Processing Stats

File Path                               PID    Runtime      # DAGs    # Errors  Last Runtime    Last Run
--------------------------------------  -----  ---------  --------  ----------  --------------  -------------------
/opt/airflow/dags/ecommerce_etl_dag.py                           1           0  0.07s           2026-06-08T09:52:42
================================================================================
[2026-06-08T09:53:23.683+0000] {manager.py:878} INFO - 
================================================================================
DAG File Processing Stats

File Path                               PID    Runtime      # DAGs    # Errors  Last Runtime    Last Run
--------------------------------------  -----  ---------  --------  ----------  --------------  -------------------
/opt/airflow/dags/ecommerce_etl_dag.py                           1           0  0.05s           2026-06-08T09:53:12
================================================================================
[2026-06-08T09:53:53.918+0000] {manager.py:878} INFO - 
================================================================================
DAG File Processing Stats

File Path                               PID    Runtime      # DAGs    # Errors  Last Runtime    Last Run
--------------------------------------  -----  ---------  --------  ----------  --------------  -------------------
/opt/airflow/dags/ecommerce_etl_dag.py                           1           0  0.06s           2026-06-08T09:53:42
================================================================================
[2026-06-08T09:54:24.194+0000] {manager.py:878} INFO - 
================================================================================
DAG File Processing Stats

File Path                               PID    Runtime      # DAGs    # Errors  Last Runtime    Last Run
--------------------------------------  -----  ---------  --------  ----------  --------------  -------------------
/opt/airflow/dags/ecommerce_etl_dag.py                           1           0  0.07s           2026-06-08T09:54:13
================================================================================
[2026-06-08T09:54:54.426+0000] {manager.py:878} INFO - 
================================================================================
DAG File Processing Stats

File Path                               PID    Runtime      # DAGs    # Errors  Last Runtime    Last Run
--------------------------------------  -----  ---------  --------  ----------  --------------  -------------------
/opt/airflow/dags/ecommerce_etl_dag.py                           1           0  0.06s           2026-06-08T09:54:43
================================================================================
[2026-06-08T09:55:24.698+0000] {manager.py:878} INFO - 
================================================================================
DAG File Processing Stats

File Path                               PID    Runtime      # DAGs    # Errors  Last Runtime    Last Run
--------------------------------------  -----  ---------  --------  ----------  --------------  -------------------
/opt/airflow/dags/ecommerce_etl_dag.py                           1           0  0.07s           2026-06-08T09:55:13
================================================================================
[2026-06-08T09:55:54.993+0000] {manager.py:878} INFO - 
================================================================================
DAG File Processing Stats

File Path                               PID    Runtime      # DAGs    # Errors  Last Runtime    Last Run
--------------------------------------  -----  ---------  --------  ----------  --------------  -------------------
/opt/airflow/dags/ecommerce_etl_dag.py                           1           0  0.06s           2026-06-08T09:55:43
================================================================================
[2026-06-08T09:56:25.293+0000] {manager.py:878} INFO - 
================================================================================
DAG File Processing Stats

File Path                               PID    Runtime      # DAGs    # Errors  Last Runtime    Last Run
--------------------------------------  -----  ---------  --------  ----------  --------------  -------------------
/opt/airflow/dags/ecommerce_etl_dag.py                           1           0  0.10s           2026-06-08T09:56:14
================================================================================
[2026-06-08T09:56:55.671+0000] {manager.py:878} INFO - 
================================================================================
DAG File Processing Stats

File Path                               PID    Runtime      # DAGs    # Errors  Last Runtime    Last Run
--------------------------------------  -----  ---------  --------  ----------  --------------  -------------------
/opt/airflow/dags/ecommerce_etl_dag.py                           1           0  0.11s           2026-06-08T09:56:44
================================================================================
[2026-06-08T09:57:09.848+0000] {manager.py:737} INFO - Searching for files in /opt/airflow/dags
[2026-06-08T09:57:09.858+0000] {manager.py:740} INFO - There are 1 files in /opt/airflow/dags
[2026-06-08T09:57:26.147+0000] {manager.py:878} INFO - 
================================================================================
DAG File Processing Stats

File Path                               PID    Runtime      # DAGs    # Errors  Last Runtime    Last Run
--------------------------------------  -----  ---------  --------  ----------  --------------  -------------------
/opt/airflow/dags/ecommerce_etl_dag.py                           1           0  0.10s           2026-06-08T09:57:15
================================================================================
[2026-06-08T09:57:56.549+0000] {manager.py:878} INFO - 
================================================================================
DAG File Processing Stats

File Path                               PID    Runtime      # DAGs    # Errors  Last Runtime    Last Run
--------------------------------------  -----  ---------  --------  ----------  --------------  -------------------
/opt/airflow/dags/ecommerce_etl_dag.py                           1           0  0.10s           2026-06-08T09:57:45
================================================================================
[2026-06-08T09:58:26.967+0000] {manager.py:878} INFO - 
================================================================================
DAG File Processing Stats

File Path                               PID    Runtime      # DAGs    # Errors  Last Runtime    Last Run
--------------------------------------  -----  ---------  --------  ----------  --------------  -------------------
/opt/airflow/dags/ecommerce_etl_dag.py                           1           0  0.10s           2026-06-08T09:58:15
================================================================================
[2026-06-08T09:58:57.380+0000] {manager.py:878} INFO - 
================================================================================
DAG File Processing Stats

File Path                               PID    Runtime      # DAGs    # Errors  Last Runtime    Last Run
--------------------------------------  -----  ---------  --------  ----------  --------------  -------------------
/opt/airflow/dags/ecommerce_etl_dag.py                           1           0  0.09s           2026-06-08T09:58:46
================================================================================
[2026-06-08T09:59:27.742+0000] {manager.py:878} INFO - 
================================================================================
DAG File Processing Stats

File Path                               PID    Runtime      # DAGs    # Errors  Last Runtime    Last Run
--------------------------------------  -----  ---------  --------  ----------  --------------  -------------------
/opt/airflow/dags/ecommerce_etl_dag.py                           1           0  0.11s           2026-06-08T09:59:16
================================================================================
[2026-06-08T09:59:58.078+0000] {manager.py:878} INFO - 
================================================================================
DAG File Processing Stats

File Path                               PID    Runtime      # DAGs    # Errors  Last Runtime    Last Run
--------------------------------------  -----  ---------  --------  ----------  --------------  -------------------
/opt/airflow/dags/ecommerce_etl_dag.py                           1           0  0.09s           2026-06-08T09:59:47
================================================================================
[2026-06-08T10:00:28.437+0000] {manager.py:878} INFO - 
================================================================================
DAG File Processing Stats

File Path                               PID    Runtime      # DAGs    # Errors  Last Runtime    Last Run
--------------------------------------  -----  ---------  --------  ----------  --------------  -------------------
/opt/airflow/dags/ecommerce_etl_dag.py                           1           0  0.08s           2026-06-08T10:00:17
================================================================================
[2026-06-08T10:00:58.819+0000] {manager.py:878} INFO - 
================================================================================
DAG File Processing Stats

File Path                               PID    Runtime      # DAGs    # Errors  Last Runtime    Last Run
--------------------------------------  -----  ---------  --------  ----------  --------------  -------------------
/opt/airflow/dags/ecommerce_etl_dag.py                           1           0  0.11s           2026-06-08T10:00:47
================================================================================
[2026-06-08T10:01:29.182+0000] {manager.py:878} INFO - 
================================================================================
DAG File Processing Stats

File Path                               PID    Runtime      # DAGs    # Errors  Last Runtime    Last Run
--------------------------------------  -----  ---------  --------  ----------  --------------  -------------------
/opt/airflow/dags/ecommerce_etl_dag.py                           1           0  0.09s           2026-06-08T10:01:18
================================================================================
[2026-06-08T10:01:59.551+0000] {manager.py:878} INFO - 
================================================================================
DAG File Processing Stats

File Path                               PID    Runtime      # DAGs    # Errors  Last Runtime    Last Run
--------------------------------------  -----  ---------  --------  ----------  --------------  -------------------
/opt/airflow/dags/ecommerce_etl_dag.py                           1           0  0.12s           2026-06-08T10:01:48
================================================================================
[2026-06-08T10:02:10.655+0000] {manager.py:737} INFO - Searching for files in /opt/airflow/dags
[2026-06-08T10:02:10.663+0000] {manager.py:740} INFO - There are 1 files in /opt/airflow/dags
[2026-06-08T10:02:29.995+0000] {manager.py:878} INFO - 
================================================================================
DAG File Processing Stats

File Path                               PID    Runtime      # DAGs    # Errors  Last Runtime    Last Run
--------------------------------------  -----  ---------  --------  ----------  --------------  -------------------
/opt/airflow/dags/ecommerce_etl_dag.py                           1           0  0.13s           2026-06-08T10:02:18
================================================================================
[2026-06-08T10:13:34.861+0000] {manager.py:737} INFO - Searching for files in /opt/airflow/dags
[2026-06-08T10:13:34.871+0000] {manager.py:740} INFO - There are 1 files in /opt/airflow/dags
[2026-06-08T10:13:57.168+0000] {manager.py:878} INFO - 
================================================================================
DAG File Processing Stats

File Path                               PID    Runtime      # DAGs    # Errors  Last Runtime    Last Run
--------------------------------------  -----  ---------  --------  ----------  --------------  -------------------
/opt/airflow/dags/ecommerce_etl_dag.py                           1           0  0.11s           2026-06-08T10:13:35
================================================================================
[2026-06-08T10:47:15.920+0000] {manager.py:737} INFO - Searching for files in /opt/airflow/dags
[2026-06-08T10:47:15.925+0000] {manager.py:740} INFO - There are 1 files in /opt/airflow/dags
[2026-06-08T10:47:38.263+0000] {manager.py:878} INFO - 
================================================================================
DAG File Processing Stats

File Path                               PID    Runtime      # DAGs    # Errors  Last Runtime    Last Run
--------------------------------------  -----  ---------  --------  ----------  --------------  -------------------
/opt/airflow/dags/ecommerce_etl_dag.py                           1           0  0.10s           2026-06-08T10:47:16
================================================================================
[2026-06-08T10:50:50.250+0000] {manager.py:878} INFO - 
================================================================================
DAG File Processing Stats

File Path                               PID    Runtime      # DAGs    # Errors  Last Runtime    Last Run
--------------------------------------  -----  ---------  --------  ----------  --------------  -------------------
/opt/airflow/dags/ecommerce_etl_dag.py                           1           0  0.24s           2026-06-08T10:50:28
================================================================================
[2026-06-08T11:21:30.151+0000] {manager.py:737} INFO - Searching for files in /opt/airflow/dags
[2026-06-08T11:21:30.172+0000] {manager.py:740} INFO - There are 1 files in /opt/airflow/dags
[2026-06-08T11:21:53.610+0000] {manager.py:878} INFO - 
================================================================================
DAG File Processing Stats

File Path                               PID    Runtime      # DAGs    # Errors  Last Runtime    Last Run
--------------------------------------  -----  ---------  --------  ----------  --------------  -------------------
/opt/airflow/dags/ecommerce_etl_dag.py                           1           0  0.23s           2026-06-08T11:21:30
================================================================================
[2026-06-08T11:39:57.803+0000] {manager.py:737} INFO - Searching for files in /opt/airflow/dags
[2026-06-08T11:39:57.810+0000] {manager.py:740} INFO - There are 1 files in /opt/airflow/dags
[2026-06-08T11:40:22.212+0000] {manager.py:878} INFO - 
================================================================================
DAG File Processing Stats

File Path                               PID    Runtime      # DAGs    # Errors  Last Runtime    Last Run
--------------------------------------  -----  ---------  --------  ----------  --------------  -------------------
/opt/airflow/dags/ecommerce_etl_dag.py                           1           0  0.13s           2026-06-08T11:39:57
================================================================================
[2026-06-08T12:15:19.359+0000] {manager.py:737} INFO - Searching for files in /opt/airflow/dags
[2026-06-08T12:15:19.365+0000] {manager.py:740} INFO - There are 1 files in /opt/airflow/dags
[2026-06-08T12:15:43.606+0000] {manager.py:878} INFO - 
================================================================================
DAG File Processing Stats

File Path                               PID    Runtime      # DAGs    # Errors  Last Runtime    Last Run
--------------------------------------  -----  ---------  --------  ----------  --------------  -------------------
/opt/airflow/dags/ecommerce_etl_dag.py                           1           0  0.11s           2026-06-08T12:15:19
================================================================================
[2026-06-08T12:30:00.658+0000] {manager.py:737} INFO - Searching for files in /opt/airflow/dags
[2026-06-08T12:30:00.665+0000] {manager.py:740} INFO - There are 1 files in /opt/airflow/dags
[2026-06-08T12:30:26.048+0000] {manager.py:878} INFO - 
================================================================================
DAG File Processing Stats

File Path                               PID    Runtime      # DAGs    # Errors  Last Runtime    Last Run
--------------------------------------  -----  ---------  --------  ----------  --------------  -------------------
/opt/airflow/dags/ecommerce_etl_dag.py                           1           0  0.10s           2026-06-08T12:30:00
================================================================================
[2026-06-08T12:45:51.018+0000] {manager.py:737} INFO - Searching for files in /opt/airflow/dags
[2026-06-08T12:45:51.023+0000] {manager.py:740} INFO - There are 1 files in /opt/airflow/dags
[2026-06-08T12:46:16.354+0000] {manager.py:878} INFO - 
================================================================================
DAG File Processing Stats

File Path                               PID    Runtime      # DAGs    # Errors  Last Runtime    Last Run
--------------------------------------  -----  ---------  --------  ----------  --------------  -------------------
/opt/airflow/dags/ecommerce_etl_dag.py                           1           0  0.10s           2026-06-08T12:45:51
================================================================================
[2026-06-08T13:49:14.643+0000] {manager.py:737} INFO - Searching for files in /opt/airflow/dags
[2026-06-08T13:49:14.647+0000] {manager.py:740} INFO - There are 1 files in /opt/airflow/dags
[2026-06-08T13:49:40.228+0000] {manager.py:878} INFO - 
================================================================================
DAG File Processing Stats

File Path                               PID    Runtime      # DAGs    # Errors  Last Runtime    Last Run
--------------------------------------  -----  ---------  --------  ----------  --------------  -------------------
/opt/airflow/dags/ecommerce_etl_dag.py                           1           0  0.15s           2026-06-08T13:49:14
================================================================================
[2026-06-08T14:34:43.859+0000] {manager.py:737} INFO - Searching for files in /opt/airflow/dags
[2026-06-08T14:34:43.864+0000] {manager.py:740} INFO - There are 1 files in /opt/airflow/dags
[2026-06-08T14:35:10.228+0000] {manager.py:878} INFO - 
================================================================================
DAG File Processing Stats

File Path                               PID    Runtime      # DAGs    # Errors  Last Runtime    Last Run
--------------------------------------  -----  ---------  --------  ----------  --------------  -------------------
/opt/airflow/dags/ecommerce_etl_dag.py                           1           0  0.27s           2026-06-08T14:34:44
================================================================================
[2026-06-08T14:37:25.066+0000] {manager.py:878} INFO - 
================================================================================
DAG File Processing Stats

File Path                               PID    Runtime      # DAGs    # Errors  Last Runtime    Last Run
--------------------------------------  -----  ---------  --------  ----------  --------------  -------------------
/opt/airflow/dags/ecommerce_etl_dag.py                           1           0  0.14s           2026-06-08T14:36:57
================================================================================
[2026-06-08T14:50:53.652+0000] {manager.py:737} INFO - Searching for files in /opt/airflow/dags
[2026-06-08T14:50:53.660+0000] {manager.py:740} INFO - There are 1 files in /opt/airflow/dags
[2026-06-08T14:51:21.000+0000] {manager.py:878} INFO - 
================================================================================
DAG File Processing Stats

File Path                               PID    Runtime      # DAGs    # Errors  Last Runtime    Last Run
--------------------------------------  -----  ---------  --------  ----------  --------------  -------------------
/opt/airflow/dags/ecommerce_etl_dag.py                           1           0  0.11s           2026-06-08T14:50:53
================================================================================
[2026-06-08T14:51:51.334+0000] {manager.py:878} INFO - 
================================================================================
DAG File Processing Stats

File Path                               PID    Runtime      # DAGs    # Errors  Last Runtime    Last Run
--------------------------------------  -----  ---------  --------  ----------  --------------  -------------------
/opt/airflow/dags/ecommerce_etl_dag.py                           1           0  0.10s           2026-06-08T14:51:24
================================================================================
[2026-06-08T14:52:21.700+0000] {manager.py:878} INFO - 
================================================================================
DAG File Processing Stats

File Path                               PID    Runtime      # DAGs    # Errors  Last Runtime    Last Run
--------------------------------------  -----  ---------  --------  ----------  --------------  -------------------
/opt/airflow/dags/ecommerce_etl_dag.py                           1           0  0.11s           2026-06-08T14:51:54
================================================================================
[2026-06-08T14:52:52.024+0000] {manager.py:878} INFO - 
================================================================================
DAG File Processing Stats

File Path                               PID    Runtime      # DAGs    # Errors  Last Runtime    Last Run
--------------------------------------  -----  ---------  --------  ----------  --------------  -------------------
/opt/airflow/dags/ecommerce_etl_dag.py                           1           0  0.09s           2026-06-08T14:52:24
================================================================================
[2026-06-08T14:53:22.385+0000] {manager.py:878} INFO - 
================================================================================
DAG File Processing Stats

File Path                               PID    Runtime      # DAGs    # Errors  Last Runtime    Last Run
--------------------------------------  -----  ---------  --------  ----------  --------------  -------------------
/opt/airflow/dags/ecommerce_etl_dag.py                           1           0  0.09s           2026-06-08T14:52:55
================================================================================
[2026-06-08T14:53:52.708+0000] {manager.py:878} INFO - 
================================================================================
DAG File Processing Stats

File Path                               PID    Runtime      # DAGs    # Errors  Last Runtime    Last Run
--------------------------------------  -----  ---------  --------  ----------  --------------  -------------------
/opt/airflow/dags/ecommerce_etl_dag.py                           1           0  0.12s           2026-06-08T14:53:25
================================================================================
[2026-06-08T14:54:23.140+0000] {manager.py:878} INFO - 
================================================================================
DAG File Processing Stats

File Path                               PID    Runtime      # DAGs    # Errors  Last Runtime    Last Run
--------------------------------------  -----  ---------  --------  ----------  --------------  -------------------
/opt/airflow/dags/ecommerce_etl_dag.py                           1           0  0.08s           2026-06-08T14:53:55
================================================================================
[2026-06-08T14:54:53.460+0000] {manager.py:878} INFO - 
================================================================================
DAG File Processing Stats

File Path                               PID    Runtime      # DAGs    # Errors  Last Runtime    Last Run
--------------------------------------  -----  ---------  --------  ----------  --------------  -------------------
/opt/airflow/dags/ecommerce_etl_dag.py                           1           0  0.08s           2026-06-08T14:54:26
================================================================================
[2026-06-08T14:55:23.815+0000] {manager.py:878} INFO - 
================================================================================
DAG File Processing Stats

File Path                               PID    Runtime      # DAGs    # Errors  Last Runtime    Last Run
--------------------------------------  -----  ---------  --------  ----------  --------------  -------------------
/opt/airflow/dags/ecommerce_etl_dag.py                           1           0  0.10s           2026-06-08T14:54:56
================================================================================
[2026-06-08T14:55:54.193+0000] {manager.py:737} INFO - Searching for files in /opt/airflow/dags
[2026-06-08T14:55:54.203+0000] {manager.py:740} INFO - There are 1 files in /opt/airflow/dags
[2026-06-08T14:55:54.217+0000] {manager.py:878} INFO - 
================================================================================
DAG File Processing Stats

File Path                               PID    Runtime      # DAGs    # Errors  Last Runtime    Last Run
--------------------------------------  -----  ---------  --------  ----------  --------------  -------------------
/opt/airflow/dags/ecommerce_etl_dag.py                           1           0  0.09s           2026-06-08T14:55:26
================================================================================
[2026-06-08T14:56:24.622+0000] {manager.py:878} INFO - 
================================================================================
DAG File Processing Stats

File Path                               PID    Runtime      # DAGs    # Errors  Last Runtime    Last Run
--------------------------------------  -----  ---------  --------  ----------  --------------  -------------------
/opt/airflow/dags/ecommerce_etl_dag.py                           1           0  0.08s           2026-06-08T14:55:57
================================================================================
[2026-06-08T14:56:55.064+0000] {manager.py:878} INFO - 
================================================================================
DAG File Processing Stats

File Path                               PID    Runtime      # DAGs    # Errors  Last Runtime    Last Run
--------------------------------------  -----  ---------  --------  ----------  --------------  -------------------
/opt/airflow/dags/ecommerce_etl_dag.py                           1           0  0.13s           2026-06-08T14:56:27
================================================================================
[2026-06-08T14:57:25.473+0000] {manager.py:878} INFO - 
================================================================================
DAG File Processing Stats

File Path                               PID    Runtime      # DAGs    # Errors  Last Runtime    Last Run
--------------------------------------  -----  ---------  --------  ----------  --------------  -------------------
/opt/airflow/dags/ecommerce_etl_dag.py                           1           0  0.10s           2026-06-08T14:56:58
================================================================================
[2026-06-08T14:57:55.915+0000] {manager.py:878} INFO - 
================================================================================
DAG File Processing Stats

File Path                               PID    Runtime      # DAGs    # Errors  Last Runtime    Last Run
--------------------------------------  -----  ---------  --------  ----------  --------------  -------------------
/opt/airflow/dags/ecommerce_etl_dag.py                           1           0  0.11s           2026-06-08T14:57:28
================================================================================
[2026-06-08T14:58:26.340+0000] {manager.py:878} INFO - 
================================================================================
DAG File Processing Stats

File Path                               PID    Runtime      # DAGs    # Errors  Last Runtime    Last Run
--------------------------------------  -----  ---------  --------  ----------  --------------  -------------------
/opt/airflow/dags/ecommerce_etl_dag.py                           1           0  0.20s           2026-06-08T14:57:59
================================================================================
[2026-06-08T14:58:56.757+0000] {manager.py:878} INFO - 
================================================================================
DAG File Processing Stats

File Path                               PID    Runtime      # DAGs    # Errors  Last Runtime    Last Run
--------------------------------------  -----  ---------  --------  ----------  --------------  -------------------
/opt/airflow/dags/ecommerce_etl_dag.py                           1           0  0.08s           2026-06-08T14:58:29
================================================================================
[2026-06-08T14:59:27.113+0000] {manager.py:878} INFO - 
================================================================================
DAG File Processing Stats

File Path                               PID    Runtime      # DAGs    # Errors  Last Runtime    Last Run
--------------------------------------  -----  ---------  --------  ----------  --------------  -------------------
/opt/airflow/dags/ecommerce_etl_dag.py                           1           0  0.08s           2026-06-08T14:58:59
================================================================================
[2026-06-08T14:59:57.443+0000] {manager.py:878} INFO - 
================================================================================
DAG File Processing Stats

File Path                               PID    Runtime      # DAGs    # Errors  Last Runtime    Last Run
--------------------------------------  -----  ---------  --------  ----------  --------------  -------------------
/opt/airflow/dags/ecommerce_etl_dag.py                           1           0  0.11s           2026-06-08T14:59:30
================================================================================
[2026-06-08T15:00:27.717+0000] {manager.py:878} INFO - 
================================================================================
DAG File Processing Stats

File Path                               PID    Runtime      # DAGs    # Errors  Last Runtime    Last Run
--------------------------------------  -----  ---------  --------  ----------  --------------  -------------------
/opt/airflow/dags/ecommerce_etl_dag.py                           1           0  0.08s           2026-06-08T15:00:00
================================================================================
[2026-06-08T15:00:55.011+0000] {manager.py:737} INFO - Searching for files in /opt/airflow/dags
[2026-06-08T15:00:55.026+0000] {manager.py:740} INFO - There are 1 files in /opt/airflow/dags
[2026-06-08T15:00:58.072+0000] {manager.py:878} INFO - 
================================================================================
DAG File Processing Stats

File Path                               PID    Runtime      # DAGs    # Errors  Last Runtime    Last Run
--------------------------------------  -----  ---------  --------  ----------  --------------  -------------------
/opt/airflow/dags/ecommerce_etl_dag.py                           1           0  0.09s           2026-06-08T15:00:30
================================================================================
[2026-06-08T15:01:28.393+0000] {manager.py:878} INFO - 
================================================================================
DAG File Processing Stats

File Path                               PID    Runtime      # DAGs    # Errors  Last Runtime    Last Run
--------------------------------------  -----  ---------  --------  ----------  --------------  -------------------
/opt/airflow/dags/ecommerce_etl_dag.py                           1           0  0.11s           2026-06-08T15:01:01
================================================================================
[2026-06-08T15:01:58.748+0000] {manager.py:878} INFO - 
================================================================================
DAG File Processing Stats

File Path                               PID    Runtime      # DAGs    # Errors  Last Runtime    Last Run
--------------------------------------  -----  ---------  --------  ----------  --------------  -------------------
/opt/airflow/dags/ecommerce_etl_dag.py                           1           0  0.08s           2026-06-08T15:01:31
================================================================================
[2026-06-08T15:02:29.093+0000] {manager.py:878} INFO - 
================================================================================
DAG File Processing Stats

File Path                               PID    Runtime      # DAGs    # Errors  Last Runtime    Last Run
--------------------------------------  -----  ---------  --------  ----------  --------------  -------------------
/opt/airflow/dags/ecommerce_etl_dag.py                           1           0  0.10s           2026-06-08T15:02:01
================================================================================
[2026-06-08T15:02:59.439+0000] {manager.py:878} INFO - 
================================================================================
DAG File Processing Stats

File Path                               PID    Runtime      # DAGs    # Errors  Last Runtime    Last Run
--------------------------------------  -----  ---------  --------  ----------  --------------  -------------------
/opt/airflow/dags/ecommerce_etl_dag.py                           1           0  0.16s           2026-06-08T15:02:32
================================================================================
[2026-06-08T15:03:29.883+0000] {manager.py:878} INFO - 
================================================================================
DAG File Processing Stats

File Path                               PID    Runtime      # DAGs    # Errors  Last Runtime    Last Run
--------------------------------------  -----  ---------  --------  ----------  --------------  -------------------
/opt/airflow/dags/ecommerce_etl_dag.py                           1           0  0.09s           2026-06-08T15:03:02
================================================================================
[2026-06-08T15:04:00.240+0000] {manager.py:878} INFO - 
================================================================================
DAG File Processing Stats

File Path                               PID    Runtime      # DAGs    # Errors  Last Runtime    Last Run
--------------------------------------  -----  ---------  --------  ----------  --------------  -------------------
/opt/airflow/dags/ecommerce_etl_dag.py                           1           0  0.10s           2026-06-08T15:03:33
================================================================================
[2026-06-08T15:04:30.611+0000] {manager.py:878} INFO - 
================================================================================
DAG File Processing Stats

File Path                               PID    Runtime      # DAGs    # Errors  Last Runtime    Last Run
--------------------------------------  -----  ---------  --------  ----------  --------------  -------------------
/opt/airflow/dags/ecommerce_etl_dag.py                           1           0  0.10s           2026-06-08T15:04:03
================================================================================
[2026-06-08T15:05:00.979+0000] {manager.py:878} INFO - 
================================================================================
DAG File Processing Stats

File Path                               PID    Runtime      # DAGs    # Errors  Last Runtime    Last Run
--------------------------------------  -----  ---------  --------  ----------  --------------  -------------------
/opt/airflow/dags/ecommerce_etl_dag.py                           1           0  0.10s           2026-06-08T15:04:33
================================================================================
[2026-06-08T15:05:31.295+0000] {manager.py:878} INFO - 
================================================================================
DAG File Processing Stats

File Path                               PID    Runtime      # DAGs    # Errors  Last Runtime    Last Run
--------------------------------------  -----  ---------  --------  ----------  --------------  -------------------
/opt/airflow/dags/ecommerce_etl_dag.py                           1           0  0.08s           2026-06-08T15:05:04
================================================================================
[2026-06-08T15:05:55.573+0000] {manager.py:737} INFO - Searching for files in /opt/airflow/dags
[2026-06-08T15:05:55.584+0000] {manager.py:740} INFO - There are 1 files in /opt/airflow/dags
[2026-06-08T15:06:01.659+0000] {manager.py:878} INFO - 
================================================================================
DAG File Processing Stats

File Path                               PID    Runtime      # DAGs    # Errors  Last Runtime    Last Run
--------------------------------------  -----  ---------  --------  ----------  --------------  -------------------
/opt/airflow/dags/ecommerce_etl_dag.py                           1           0  0.09s           2026-06-08T15:05:34
================================================================================
[2026-06-08T15:06:32.001+0000] {manager.py:878} INFO - 
================================================================================
DAG File Processing Stats

File Path                               PID    Runtime      # DAGs    # Errors  Last Runtime    Last Run
--------------------------------------  -----  ---------  --------  ----------  --------------  -------------------
/opt/airflow/dags/ecommerce_etl_dag.py                           1           0  0.06s           2026-06-08T15:06:04
================================================================================
[2026-06-08T15:07:02.449+0000] {manager.py:878} INFO - 
================================================================================
DAG File Processing Stats

File Path                               PID    Runtime      # DAGs    # Errors  Last Runtime    Last Run
--------------------------------------  -----  ---------  --------  ----------  --------------  -------------------
/opt/airflow/dags/ecommerce_etl_dag.py                           1           0  0.10s           2026-06-08T15:06:35
================================================================================
[2026-06-08T15:07:32.876+0000] {manager.py:878} INFO - 
================================================================================
DAG File Processing Stats

File Path                               PID    Runtime      # DAGs    # Errors  Last Runtime    Last Run
--------------------------------------  -----  ---------  --------  ----------  --------------  -------------------
/opt/airflow/dags/ecommerce_etl_dag.py                           1           0  0.09s           2026-06-08T15:07:05
================================================================================
[2026-06-08T15:08:03.316+0000] {manager.py:878} INFO - 
================================================================================
DAG File Processing Stats

File Path                               PID    Runtime      # DAGs    # Errors  Last Runtime    Last Run
--------------------------------------  -----  ---------  --------  ----------  --------------  -------------------
/opt/airflow/dags/ecommerce_etl_dag.py                           1           0  0.10s           2026-06-08T15:07:36
================================================================================
[2026-06-08T15:08:33.723+0000] {manager.py:878} INFO - 
================================================================================
DAG File Processing Stats

File Path                               PID    Runtime      # DAGs    # Errors  Last Runtime    Last Run
--------------------------------------  -----  ---------  --------  ----------  --------------  -------------------
/opt/airflow/dags/ecommerce_etl_dag.py                           1           0  0.08s           2026-06-08T15:08:06
================================================================================
[2026-06-08T15:09:04.128+0000] {manager.py:878} INFO - 
================================================================================
DAG File Processing Stats

File Path                               PID    Runtime      # DAGs    # Errors  Last Runtime    Last Run
--------------------------------------  -----  ---------  --------  ----------  --------------  -------------------
/opt/airflow/dags/ecommerce_etl_dag.py                           1           0  0.11s           2026-06-08T15:08:36
================================================================================
[2026-06-08T15:09:34.455+0000] {manager.py:878} INFO - 
================================================================================
DAG File Processing Stats

File Path                               PID    Runtime      # DAGs    # Errors  Last Runtime    Last Run
--------------------------------------  -----  ---------  --------  ----------  --------------  -------------------
/opt/airflow/dags/ecommerce_etl_dag.py                           1           0  0.08s           2026-06-08T15:09:07
================================================================================
[2026-06-08T15:10:04.827+0000] {manager.py:878} INFO - 
================================================================================
DAG File Processing Stats

File Path                               PID    Runtime      # DAGs    # Errors  Last Runtime    Last Run
--------------------------------------  -----  ---------  --------  ----------  --------------  -------------------
/opt/airflow/dags/ecommerce_etl_dag.py                           1           0  0.12s           2026-06-08T15:09:37
================================================================================
[2026-06-08T15:10:35.222+0000] {manager.py:878} INFO - 
================================================================================
DAG File Processing Stats

File Path                               PID    Runtime      # DAGs    # Errors  Last Runtime    Last Run
--------------------------------------  -----  ---------  --------  ----------  --------------  -------------------
/opt/airflow/dags/ecommerce_etl_dag.py                           1           0  0.08s           2026-06-08T15:10:07
================================================================================
[2026-06-08T15:10:56.539+0000] {manager.py:737} INFO - Searching for files in /opt/airflow/dags
[2026-06-08T15:10:56.555+0000] {manager.py:740} INFO - There are 1 files in /opt/airflow/dags
[2026-06-08T15:11:05.702+0000] {manager.py:878} INFO - 
================================================================================
DAG File Processing Stats

File Path                               PID    Runtime      # DAGs    # Errors  Last Runtime    Last Run
--------------------------------------  -----  ---------  --------  ----------  --------------  -------------------
/opt/airflow/dags/ecommerce_etl_dag.py                           1           0  0.11s           2026-06-08T15:10:38
================================================================================
[2026-06-08T15:17:19.008+0000] {manager.py:737} INFO - Searching for files in /opt/airflow/dags
[2026-06-08T15:17:19.015+0000] {manager.py:740} INFO - There are 1 files in /opt/airflow/dags
[2026-06-08T15:17:31.187+0000] {manager.py:878} INFO - 
================================================================================
DAG File Processing Stats

File Path                               PID    Runtime      # DAGs    # Errors  Last Runtime    Last Run
--------------------------------------  -----  ---------  --------  ----------  --------------  -------------------
/opt/airflow/dags/ecommerce_etl_dag.py                           1           0  0.07s           2026-06-08T15:17:19
================================================================================
[2026-06-08T15:18:01.537+0000] {manager.py:878} INFO - 
================================================================================
DAG File Processing Stats

File Path                               PID    Runtime      # DAGs    # Errors  Last Runtime    Last Run
--------------------------------------  -----  ---------  --------  ----------  --------------  -------------------
/opt/airflow/dags/ecommerce_etl_dag.py                           1           0  0.10s           2026-06-08T15:17:49
================================================================================
[2026-06-08T15:18:31.871+0000] {manager.py:878} INFO - 
================================================================================
DAG File Processing Stats

File Path                               PID    Runtime      # DAGs    # Errors  Last Runtime    Last Run
--------------------------------------  -----  ---------  --------  ----------  --------------  -------------------
/opt/airflow/dags/ecommerce_etl_dag.py                           1           0  0.06s           2026-06-08T15:18:19
================================================================================
[2026-06-08T15:19:02.199+0000] {manager.py:878} INFO - 
================================================================================
DAG File Processing Stats

File Path                               PID    Runtime      # DAGs    # Errors  Last Runtime    Last Run
--------------------------------------  -----  ---------  --------  ----------  --------------  -------------------
/opt/airflow/dags/ecommerce_etl_dag.py                           1           0  0.09s           2026-06-08T15:18:50
================================================================================
[2026-06-08T15:19:32.534+0000] {manager.py:878} INFO - 
================================================================================
DAG File Processing Stats

File Path                               PID    Runtime      # DAGs    # Errors  Last Runtime    Last Run
--------------------------------------  -----  ---------  --------  ----------  --------------  -------------------
/opt/airflow/dags/ecommerce_etl_dag.py                           1           0  0.08s           2026-06-08T15:19:20
================================================================================
[2026-06-08T15:20:02.841+0000] {manager.py:878} INFO - 
================================================================================
DAG File Processing Stats

File Path                               PID    Runtime      # DAGs    # Errors  Last Runtime    Last Run
--------------------------------------  -----  ---------  --------  ----------  --------------  -------------------
/opt/airflow/dags/ecommerce_etl_dag.py                           1           0  0.09s           2026-06-08T15:19:50
================================================================================
[2026-06-08T15:20:33.155+0000] {manager.py:878} INFO - 
================================================================================
DAG File Processing Stats

File Path                               PID    Runtime      # DAGs    # Errors  Last Runtime    Last Run
--------------------------------------  -----  ---------  --------  ----------  --------------  -------------------
/opt/airflow/dags/ecommerce_etl_dag.py                           1           0  0.08s           2026-06-08T15:20:21
================================================================================
[2026-06-08T15:21:03.427+0000] {manager.py:878} INFO - 
================================================================================
DAG File Processing Stats

File Path                               PID    Runtime      # DAGs    # Errors  Last Runtime    Last Run
--------------------------------------  -----  ---------  --------  ----------  --------------  -------------------
/opt/airflow/dags/ecommerce_etl_dag.py                           1           0  0.08s           2026-06-08T15:20:51
================================================================================
[2026-06-08T15:21:33.717+0000] {manager.py:878} INFO - 
================================================================================
DAG File Processing Stats

File Path                               PID    Runtime      # DAGs    # Errors  Last Runtime    Last Run
--------------------------------------  -----  ---------  --------  ----------  --------------  -------------------
/opt/airflow/dags/ecommerce_etl_dag.py                           1           0  0.10s           2026-06-08T15:21:21
================================================================================
[2026-06-08T15:22:03.992+0000] {manager.py:878} INFO - 
================================================================================
DAG File Processing Stats

File Path                               PID    Runtime      # DAGs    # Errors  Last Runtime    Last Run
--------------------------------------  -----  ---------  --------  ----------  --------------  -------------------
/opt/airflow/dags/ecommerce_etl_dag.py                           1           0  0.09s           2026-06-08T15:21:51
================================================================================
[2026-06-08T15:22:19.093+0000] {manager.py:737} INFO - Searching for files in /opt/airflow/dags
[2026-06-08T15:22:19.099+0000] {manager.py:740} INFO - There are 1 files in /opt/airflow/dags
[2026-06-08T15:22:34.234+0000] {manager.py:878} INFO - 
================================================================================
DAG File Processing Stats

File Path                               PID    Runtime      # DAGs    # Errors  Last Runtime    Last Run
--------------------------------------  -----  ---------  --------  ----------  --------------  -------------------
/opt/airflow/dags/ecommerce_etl_dag.py                           1           0  0.07s           2026-06-08T15:22:22
================================================================================
[2026-06-08T15:23:04.577+0000] {manager.py:878} INFO - 
================================================================================
DAG File Processing Stats

File Path                               PID    Runtime      # DAGs    # Errors  Last Runtime    Last Run
--------------------------------------  -----  ---------  --------  ----------  --------------  -------------------
/opt/airflow/dags/ecommerce_etl_dag.py                           1           0  0.10s           2026-06-08T15:22:52
================================================================================
[2026-06-08T15:23:34.909+0000] {manager.py:878} INFO - 
================================================================================
DAG File Processing Stats

File Path                               PID    Runtime      # DAGs    # Errors  Last Runtime    Last Run
--------------------------------------  -----  ---------  --------  ----------  --------------  -------------------
/opt/airflow/dags/ecommerce_etl_dag.py                           1           0  0.09s           2026-06-08T15:23:22
================================================================================
[2026-06-08T15:24:05.239+0000] {manager.py:878} INFO - 
================================================================================
DAG File Processing Stats

File Path                               PID    Runtime      # DAGs    # Errors  Last Runtime    Last Run
--------------------------------------  -----  ---------  --------  ----------  --------------  -------------------
/opt/airflow/dags/ecommerce_etl_dag.py                           1           0  0.09s           2026-06-08T15:23:53
================================================================================
[2026-06-08T15:24:35.601+0000] {manager.py:878} INFO - 
================================================================================
DAG File Processing Stats

File Path                               PID    Runtime      # DAGs    # Errors  Last Runtime    Last Run
--------------------------------------  -----  ---------  --------  ----------  --------------  -------------------
/opt/airflow/dags/ecommerce_etl_dag.py                           1           0  0.08s           2026-06-08T15:24:23
================================================================================
[2026-06-08T15:25:05.928+0000] {manager.py:878} INFO - 
================================================================================
DAG File Processing Stats

File Path                               PID    Runtime      # DAGs    # Errors  Last Runtime    Last Run
--------------------------------------  -----  ---------  --------  ----------  --------------  -------------------
/opt/airflow/dags/ecommerce_etl_dag.py                           1           0  0.14s           2026-06-08T15:24:53
================================================================================
[2026-06-08T15:25:36.235+0000] {manager.py:878} INFO - 
================================================================================
DAG File Processing Stats

File Path                               PID    Runtime      # DAGs    # Errors  Last Runtime    Last Run
--------------------------------------  -----  ---------  --------  ----------  --------------  -------------------
/opt/airflow/dags/ecommerce_etl_dag.py                           1           0  0.08s           2026-06-08T15:25:24
================================================================================
[2026-06-08T15:26:06.566+0000] {manager.py:878} INFO - 
================================================================================
DAG File Processing Stats

File Path                               PID    Runtime      # DAGs    # Errors  Last Runtime    Last Run
--------------------------------------  -----  ---------  --------  ----------  --------------  -------------------
/opt/airflow/dags/ecommerce_etl_dag.py                           1           0  0.09s           2026-06-08T15:25:54
================================================================================
[2026-06-08T15:26:36.910+0000] {manager.py:878} INFO - 
================================================================================
DAG File Processing Stats

File Path                               PID    Runtime      # DAGs    # Errors  Last Runtime    Last Run
--------------------------------------  -----  ---------  --------  ----------  --------------  -------------------
/opt/airflow/dags/ecommerce_etl_dag.py                           1           0  0.10s           2026-06-08T15:26:24
================================================================================
[2026-06-08T15:27:07.295+0000] {manager.py:878} INFO - 
================================================================================
DAG File Processing Stats

File Path                               PID    Runtime      # DAGs    # Errors  Last Runtime    Last Run
--------------------------------------  -----  ---------  --------  ----------  --------------  -------------------
/opt/airflow/dags/ecommerce_etl_dag.py                           1           0  0.10s           2026-06-08T15:26:55
================================================================================
[2026-06-08T15:27:19.464+0000] {manager.py:737} INFO - Searching for files in /opt/airflow/dags
[2026-06-08T15:27:19.471+0000] {manager.py:740} INFO - There are 1 files in /opt/airflow/dags
[2026-06-08T15:27:37.696+0000] {manager.py:878} INFO - 
================================================================================
DAG File Processing Stats

File Path                               PID    Runtime      # DAGs    # Errors  Last Runtime    Last Run
--------------------------------------  -----  ---------  --------  ----------  --------------  -------------------
/opt/airflow/dags/ecommerce_etl_dag.py                           1           0  0.09s           2026-06-08T15:27:25
================================================================================
[2026-06-08T15:28:08.043+0000] {manager.py:878} INFO - 
================================================================================
DAG File Processing Stats

File Path                               PID    Runtime      # DAGs    # Errors  Last Runtime    Last Run
--------------------------------------  -----  ---------  --------  ----------  --------------  -------------------
/opt/airflow/dags/ecommerce_etl_dag.py                           1           0  0.09s           2026-06-08T15:27:55
================================================================================
[2026-06-08T15:28:38.403+0000] {manager.py:878} INFO - 
================================================================================
DAG File Processing Stats

File Path                               PID    Runtime      # DAGs    # Errors  Last Runtime    Last Run
--------------------------------------  -----  ---------  --------  ----------  --------------  -------------------
/opt/airflow/dags/ecommerce_etl_dag.py                           1           0  0.08s           2026-06-08T15:28:26
================================================================================
[2026-06-08T15:29:08.756+0000] {manager.py:878} INFO - 
================================================================================
DAG File Processing Stats

File Path                               PID    Runtime      # DAGs    # Errors  Last Runtime    Last Run
--------------------------------------  -----  ---------  --------  ----------  --------------  -------------------
/opt/airflow/dags/ecommerce_etl_dag.py                           1           0  0.08s           2026-06-08T15:28:56
================================================================================
[2026-06-08T15:29:39.133+0000] {manager.py:878} INFO - 
================================================================================
DAG File Processing Stats

File Path                               PID    Runtime      # DAGs    # Errors  Last Runtime    Last Run
--------------------------------------  -----  ---------  --------  ----------  --------------  -------------------
/opt/airflow/dags/ecommerce_etl_dag.py                           1           0  0.06s           2026-06-08T15:29:27
================================================================================
[2026-06-08T15:30:09.491+0000] {manager.py:878} INFO - 
================================================================================
DAG File Processing Stats

File Path                               PID    Runtime      # DAGs    # Errors  Last Runtime    Last Run
--------------------------------------  -----  ---------  --------  ----------  --------------  -------------------
/opt/airflow/dags/ecommerce_etl_dag.py                           1           0  0.11s           2026-06-08T15:29:57
================================================================================
[2026-06-08T15:30:39.893+0000] {manager.py:878} INFO - 
================================================================================
DAG File Processing Stats

File Path                               PID    Runtime      # DAGs    # Errors  Last Runtime    Last Run
--------------------------------------  -----  ---------  --------  ----------  --------------  -------------------
/opt/airflow/dags/ecommerce_etl_dag.py                           1           0  0.09s           2026-06-08T15:30:27
================================================================================
[2026-06-08T15:31:10.270+0000] {manager.py:878} INFO - 
================================================================================
DAG File Processing Stats

File Path                               PID    Runtime      # DAGs    # Errors  Last Runtime    Last Run
--------------------------------------  -----  ---------  --------  ----------  --------------  -------------------
/opt/airflow/dags/ecommerce_etl_dag.py                           1           0  0.07s           2026-06-08T15:30:58
================================================================================
[2026-06-08T15:31:40.632+0000] {manager.py:878} INFO - 
================================================================================
DAG File Processing Stats

File Path                               PID    Runtime      # DAGs    # Errors  Last Runtime    Last Run
--------------------------------------  -----  ---------  --------  ----------  --------------  -------------------
/opt/airflow/dags/ecommerce_etl_dag.py                           1           0  0.10s           2026-06-08T15:31:28
================================================================================
[2026-06-08T15:32:10.973+0000] {manager.py:878} INFO - 
================================================================================
DAG File Processing Stats

File Path                               PID    Runtime      # DAGs    # Errors  Last Runtime    Last Run
--------------------------------------  -----  ---------  --------  ----------  --------------  -------------------
/opt/airflow/dags/ecommerce_etl_dag.py                           1           0  0.09s           2026-06-08T15:31:58
================================================================================
[2026-06-08T15:32:20.071+0000] {manager.py:737} INFO - Searching for files in /opt/airflow/dags
[2026-06-08T15:32:20.080+0000] {manager.py:740} INFO - There are 1 files in /opt/airflow/dags
[2026-06-08T15:32:41.303+0000] {manager.py:878} INFO - 
================================================================================
DAG File Processing Stats

File Path                               PID    Runtime      # DAGs    # Errors  Last Runtime    Last Run
--------------------------------------  -----  ---------  --------  ----------  --------------  -------------------
/opt/airflow/dags/ecommerce_etl_dag.py                           1           0  0.08s           2026-06-08T15:32:29
================================================================================
[2026-06-08T15:33:11.646+0000] {manager.py:878} INFO - 
================================================================================
DAG File Processing Stats

File Path                               PID    Runtime      # DAGs    # Errors  Last Runtime    Last Run
--------------------------------------  -----  ---------  --------  ----------  --------------  -------------------
/opt/airflow/dags/ecommerce_etl_dag.py                           1           0  0.09s           2026-06-08T15:32:59
================================================================================
[2026-06-08T15:33:41.961+0000] {manager.py:878} INFO - 
================================================================================
DAG File Processing Stats

File Path                               PID    Runtime      # DAGs    # Errors  Last Runtime    Last Run
--------------------------------------  -----  ---------  --------  ----------  --------------  -------------------
/opt/airflow/dags/ecommerce_etl_dag.py                           1           0  0.11s           2026-06-08T15:33:29
================================================================================
[2026-06-08T15:34:12.248+0000] {manager.py:878} INFO - 
================================================================================
DAG File Processing Stats

File Path                               PID    Runtime      # DAGs    # Errors  Last Runtime    Last Run
--------------------------------------  -----  ---------  --------  ----------  --------------  -------------------
/opt/airflow/dags/ecommerce_etl_dag.py                           1           0  0.07s           2026-06-08T15:34:00
================================================================================
[2026-06-08T15:34:42.530+0000] {manager.py:878} INFO - 
================================================================================
DAG File Processing Stats

File Path                               PID    Runtime      # DAGs    # Errors  Last Runtime    Last Run
--------------------------------------  -----  ---------  --------  ----------  --------------  -------------------
/opt/airflow/dags/ecommerce_etl_dag.py                           1           0  0.07s           2026-06-08T15:34:30
================================================================================
[2026-06-08T15:35:12.875+0000] {manager.py:878} INFO - 
================================================================================
DAG File Processing Stats

File Path                               PID    Runtime      # DAGs    # Errors  Last Runtime    Last Run
--------------------------------------  -----  ---------  --------  ----------  --------------  -------------------
/opt/airflow/dags/ecommerce_etl_dag.py                           1           0  0.10s           2026-06-08T15:35:00
================================================================================
[2026-06-08T15:35:43.206+0000] {manager.py:878} INFO - 
================================================================================
DAG File Processing Stats

File Path                               PID    Runtime      # DAGs    # Errors  Last Runtime    Last Run
--------------------------------------  -----  ---------  --------  ----------  --------------  -------------------
/opt/airflow/dags/ecommerce_etl_dag.py                           1           0  0.11s           2026-06-08T15:35:31
================================================================================
[2026-06-08T15:36:13.533+0000] {manager.py:878} INFO - 
================================================================================
DAG File Processing Stats

File Path                               PID    Runtime      # DAGs    # Errors  Last Runtime    Last Run
--------------------------------------  -----  ---------  --------  ----------  --------------  -------------------
/opt/airflow/dags/ecommerce_etl_dag.py                           1           0  0.08s           2026-06-08T15:36:01
================================================================================
[2026-06-08T15:36:43.917+0000] {manager.py:878} INFO - 
================================================================================
DAG File Processing Stats

File Path                               PID    Runtime      # DAGs    # Errors  Last Runtime    Last Run
--------------------------------------  -----  ---------  --------  ----------  --------------  -------------------
/opt/airflow/dags/ecommerce_etl_dag.py                           1           0  0.10s           2026-06-08T15:36:31
================================================================================
[2026-06-08T15:37:14.246+0000] {manager.py:878} INFO - 
================================================================================
DAG File Processing Stats

File Path                               PID    Runtime      # DAGs    # Errors  Last Runtime    Last Run
--------------------------------------  -----  ---------  --------  ----------  --------------  -------------------
/opt/airflow/dags/ecommerce_etl_dag.py                           1           0  0.09s           2026-06-08T15:37:02
================================================================================
[2026-06-08T15:37:20.319+0000] {manager.py:737} INFO - Searching for files in /opt/airflow/dags
[2026-06-08T15:37:20.325+0000] {manager.py:740} INFO - There are 1 files in /opt/airflow/dags
[2026-06-08T15:37:44.642+0000] {manager.py:878} INFO - 
================================================================================
DAG File Processing Stats

File Path                               PID    Runtime      # DAGs    # Errors  Last Runtime    Last Run
--------------------------------------  -----  ---------  --------  ----------  --------------  -------------------
/opt/airflow/dags/ecommerce_etl_dag.py                           1           0  0.10s           2026-06-08T15:37:32
================================================================================
[2026-06-08T15:38:15.038+0000] {manager.py:878} INFO - 
================================================================================
DAG File Processing Stats

File Path                               PID    Runtime      # DAGs    # Errors  Last Runtime    Last Run
--------------------------------------  -----  ---------  --------  ----------  --------------  -------------------
/opt/airflow/dags/ecommerce_etl_dag.py                           1           0  0.09s           2026-06-08T15:38:02
================================================================================
[2026-06-08T15:38:45.442+0000] {manager.py:878} INFO - 
================================================================================
DAG File Processing Stats

File Path                               PID    Runtime      # DAGs    # Errors  Last Runtime    Last Run
--------------------------------------  -----  ---------  --------  ----------  --------------  -------------------
/opt/airflow/dags/ecommerce_etl_dag.py                           1           0  0.08s           2026-06-08T15:38:33
================================================================================
[2026-06-08T15:39:15.761+0000] {manager.py:878} INFO - 
================================================================================
DAG File Processing Stats

File Path                               PID    Runtime      # DAGs    # Errors  Last Runtime    Last Run
--------------------------------------  -----  ---------  --------  ----------  --------------  -------------------
/opt/airflow/dags/ecommerce_etl_dag.py                           1           0  0.07s           2026-06-08T15:39:03
================================================================================
[2026-06-08T15:39:46.087+0000] {manager.py:878} INFO - 
================================================================================
DAG File Processing Stats

File Path                               PID    Runtime      # DAGs    # Errors  Last Runtime    Last Run
--------------------------------------  -----  ---------  --------  ----------  --------------  -------------------
/opt/airflow/dags/ecommerce_etl_dag.py                           1           0  0.06s           2026-06-08T15:39:34
================================================================================
[2026-06-08T15:40:16.418+0000] {manager.py:878} INFO - 
================================================================================
DAG File Processing Stats

File Path                               PID    Runtime      # DAGs    # Errors  Last Runtime    Last Run
--------------------------------------  -----  ---------  --------  ----------  --------------  -------------------
/opt/airflow/dags/ecommerce_etl_dag.py                           1           0  0.05s           2026-06-08T15:40:04
================================================================================
[2026-06-08T15:40:46.737+0000] {manager.py:878} INFO - 
================================================================================
DAG File Processing Stats

File Path                               PID    Runtime      # DAGs    # Errors  Last Runtime    Last Run
--------------------------------------  -----  ---------  --------  ----------  --------------  -------------------
/opt/airflow/dags/ecommerce_etl_dag.py                           1           0  0.06s           2026-06-08T15:40:34
================================================================================
[2026-06-08T15:41:17.048+0000] {manager.py:878} INFO - 
================================================================================
DAG File Processing Stats

File Path                               PID    Runtime      # DAGs    # Errors  Last Runtime    Last Run
--------------------------------------  -----  ---------  --------  ----------  --------------  -------------------
/opt/airflow/dags/ecommerce_etl_dag.py                           1           0  0.11s           2026-06-08T15:41:05
================================================================================
[2026-06-08T15:41:47.394+0000] {manager.py:878} INFO - 
================================================================================
DAG File Processing Stats

File Path                               PID    Runtime      # DAGs    # Errors  Last Runtime    Last Run
--------------------------------------  -----  ---------  --------  ----------  --------------  -------------------
/opt/airflow/dags/ecommerce_etl_dag.py                           1           0  0.08s           2026-06-08T15:41:35
================================================================================
[2026-06-08T15:42:17.703+0000] {manager.py:878} INFO - 
================================================================================
DAG File Processing Stats

File Path                               PID    Runtime      # DAGs    # Errors  Last Runtime    Last Run
--------------------------------------  -----  ---------  --------  ----------  --------------  -------------------
/opt/airflow/dags/ecommerce_etl_dag.py                           1           0  0.09s           2026-06-08T15:42:05
================================================================================
[2026-06-08T15:42:20.734+0000] {manager.py:737} INFO - Searching for files in /opt/airflow/dags
[2026-06-08T15:42:20.739+0000] {manager.py:740} INFO - There are 1 files in /opt/airflow/dags
[2026-06-08T15:42:48.086+0000] {manager.py:878} INFO - 
================================================================================
DAG File Processing Stats

File Path                               PID    Runtime      # DAGs    # Errors  Last Runtime    Last Run
--------------------------------------  -----  ---------  --------  ----------  --------------  -------------------
/opt/airflow/dags/ecommerce_etl_dag.py                           1           0  0.10s           2026-06-08T15:42:36
================================================================================
[2026-06-08T15:43:18.426+0000] {manager.py:878} INFO - 
================================================================================
DAG File Processing Stats

File Path                               PID    Runtime      # DAGs    # Errors  Last Runtime    Last Run
--------------------------------------  -----  ---------  --------  ----------  --------------  -------------------
/opt/airflow/dags/ecommerce_etl_dag.py                           1           0  0.09s           2026-06-08T15:43:06
================================================================================
[2026-06-08T15:43:48.739+0000] {manager.py:878} INFO - 
================================================================================
DAG File Processing Stats

File Path                               PID    Runtime      # DAGs    # Errors  Last Runtime    Last Run
--------------------------------------  -----  ---------  --------  ----------  --------------  -------------------
/opt/airflow/dags/ecommerce_etl_dag.py                           1           0  0.08s           2026-06-08T15:43:36
================================================================================
[2026-06-08T15:44:19.043+0000] {manager.py:878} INFO - 
================================================================================
DAG File Processing Stats

File Path                               PID    Runtime      # DAGs    # Errors  Last Runtime    Last Run
--------------------------------------  -----  ---------  --------  ----------  --------------  -------------------
/opt/airflow/dags/ecommerce_etl_dag.py                           1           0  0.10s           2026-06-08T15:44:07
================================================================================
[2026-06-08T15:44:49.411+0000] {manager.py:878} INFO - 
================================================================================
DAG File Processing Stats

File Path                               PID    Runtime      # DAGs    # Errors  Last Runtime    Last Run
--------------------------------------  -----  ---------  --------  ----------  --------------  -------------------
/opt/airflow/dags/ecommerce_etl_dag.py                           1           0  0.10s           2026-06-08T15:44:37
================================================================================
[2026-06-08T15:45:19.718+0000] {manager.py:878} INFO - 
================================================================================
DAG File Processing Stats

File Path                               PID    Runtime      # DAGs    # Errors  Last Runtime    Last Run
--------------------------------------  -----  ---------  --------  ----------  --------------  -------------------
/opt/airflow/dags/ecommerce_etl_dag.py                           1           0  0.09s           2026-06-08T15:45:07
================================================================================
[2026-06-08T15:45:50.083+0000] {manager.py:878} INFO - 
================================================================================
DAG File Processing Stats

File Path                               PID    Runtime      # DAGs    # Errors  Last Runtime    Last Run
--------------------------------------  -----  ---------  --------  ----------  --------------  -------------------
/opt/airflow/dags/ecommerce_etl_dag.py                           1           0  0.09s           2026-06-08T15:45:38
================================================================================
[2026-06-08T15:46:20.395+0000] {manager.py:878} INFO - 
================================================================================
DAG File Processing Stats

File Path                               PID    Runtime      # DAGs    # Errors  Last Runtime    Last Run
--------------------------------------  -----  ---------  --------  ----------  --------------  -------------------
/opt/airflow/dags/ecommerce_etl_dag.py                           1           0  0.08s           2026-06-08T15:46:08
================================================================================
[2026-06-08T15:46:50.690+0000] {manager.py:878} INFO - 
================================================================================
DAG File Processing Stats

File Path                               PID    Runtime      # DAGs    # Errors  Last Runtime    Last Run
--------------------------------------  -----  ---------  --------  ----------  --------------  -------------------
/opt/airflow/dags/ecommerce_etl_dag.py                           1           0  0.10s           2026-06-08T15:46:38
================================================================================
[2026-06-08T15:47:20.998+0000] {manager.py:737} INFO - Searching for files in /opt/airflow/dags
[2026-06-08T15:47:21.004+0000] {manager.py:740} INFO - There are 1 files in /opt/airflow/dags
[2026-06-08T15:47:21.015+0000] {manager.py:878} INFO - 
================================================================================
DAG File Processing Stats

File Path                               PID    Runtime      # DAGs    # Errors  Last Runtime    Last Run
--------------------------------------  -----  ---------  --------  ----------  --------------  -------------------
/opt/airflow/dags/ecommerce_etl_dag.py                           1           0  0.07s           2026-06-08T15:47:08
================================================================================
[2026-06-08T15:47:51.322+0000] {manager.py:878} INFO - 
================================================================================
DAG File Processing Stats

File Path                               PID    Runtime      # DAGs    # Errors  Last Runtime    Last Run
--------------------------------------  -----  ---------  --------  ----------  --------------  -------------------
/opt/airflow/dags/ecommerce_etl_dag.py                           1           0  0.09s           2026-06-08T15:47:39
================================================================================
[2026-06-08T15:48:21.688+0000] {manager.py:878} INFO - 
================================================================================
DAG File Processing Stats

File Path                               PID    Runtime      # DAGs    # Errors  Last Runtime    Last Run
--------------------------------------  -----  ---------  --------  ----------  --------------  -------------------
/opt/airflow/dags/ecommerce_etl_dag.py                           1           0  0.09s           2026-06-08T15:48:09
================================================================================
[2026-06-08T15:48:52.123+0000] {manager.py:878} INFO - 
================================================================================
DAG File Processing Stats

File Path                               PID    Runtime      # DAGs    # Errors  Last Runtime    Last Run
--------------------------------------  -----  ---------  --------  ----------  --------------  -------------------
/opt/airflow/dags/ecommerce_etl_dag.py                           1           0  0.09s           2026-06-08T15:48:40
================================================================================
[2026-06-08T15:49:22.546+0000] {manager.py:878} INFO - 
================================================================================
DAG File Processing Stats

File Path                               PID    Runtime      # DAGs    # Errors  Last Runtime    Last Run
--------------------------------------  -----  ---------  --------  ----------  --------------  -------------------
/opt/airflow/dags/ecommerce_etl_dag.py                           1           0  0.09s           2026-06-08T15:49:10
================================================================================
[2026-06-08T15:49:52.912+0000] {manager.py:878} INFO - 
================================================================================
DAG File Processing Stats

File Path                               PID    Runtime      # DAGs    # Errors  Last Runtime    Last Run
--------------------------------------  -----  ---------  --------  ----------  --------------  -------------------
/opt/airflow/dags/ecommerce_etl_dag.py                           1           0  0.07s           2026-06-08T15:49:40
================================================================================
[2026-06-08T15:50:23.264+0000] {manager.py:878} INFO - 
================================================================================
DAG File Processing Stats

File Path                               PID    Runtime      # DAGs    # Errors  Last Runtime    Last Run
--------------------------------------  -----  ---------  --------  ----------  --------------  -------------------
/opt/airflow/dags/ecommerce_etl_dag.py                           1           0  0.08s           2026-06-08T15:50:11
================================================================================
[2026-06-08T15:50:53.627+0000] {manager.py:878} INFO - 
================================================================================
DAG File Processing Stats

File Path                               PID    Runtime      # DAGs    # Errors  Last Runtime    Last Run
--------------------------------------  -----  ---------  --------  ----------  --------------  -------------------
/opt/airflow/dags/ecommerce_etl_dag.py                           1           0  0.08s           2026-06-08T15:50:41
================================================================================
[2026-06-08T15:51:24.023+0000] {manager.py:878} INFO - 
================================================================================
DAG File Processing Stats

File Path                               PID    Runtime      # DAGs    # Errors  Last Runtime    Last Run
--------------------------------------  -----  ---------  --------  ----------  --------------  -------------------
/opt/airflow/dags/ecommerce_etl_dag.py                           1           0  0.10s           2026-06-08T15:51:11
================================================================================
[2026-06-08T15:51:54.357+0000] {manager.py:878} INFO - 
================================================================================
DAG File Processing Stats

File Path                               PID    Runtime      # DAGs    # Errors  Last Runtime    Last Run
--------------------------------------  -----  ---------  --------  ----------  --------------  -------------------
/opt/airflow/dags/ecommerce_etl_dag.py                           1           0  0.09s           2026-06-08T15:51:42
================================================================================
[2026-06-08T15:52:21.679+0000] {manager.py:737} INFO - Searching for files in /opt/airflow/dags
[2026-06-08T15:52:21.685+0000] {manager.py:740} INFO - There are 1 files in /opt/airflow/dags
[2026-06-08T15:52:24.728+0000] {manager.py:878} INFO - 
================================================================================
DAG File Processing Stats

File Path                               PID    Runtime      # DAGs    # Errors  Last Runtime    Last Run
--------------------------------------  -----  ---------  --------  ----------  --------------  -------------------
/opt/airflow/dags/ecommerce_etl_dag.py                           1           0  0.10s           2026-06-08T15:52:12
================================================================================
[2026-06-08T15:52:54.999+0000] {manager.py:878} INFO - 
================================================================================
DAG File Processing Stats

File Path                               PID    Runtime      # DAGs    # Errors  Last Runtime    Last Run
--------------------------------------  -----  ---------  --------  ----------  --------------  -------------------
/opt/airflow/dags/ecommerce_etl_dag.py                           1           0  0.09s           2026-06-08T15:52:42
================================================================================
[2026-06-08T15:53:25.308+0000] {manager.py:878} INFO - 
================================================================================
DAG File Processing Stats

File Path                               PID    Runtime      # DAGs    # Errors  Last Runtime    Last Run
--------------------------------------  -----  ---------  --------  ----------  --------------  -------------------
/opt/airflow/dags/ecommerce_etl_dag.py                           1           0  0.10s           2026-06-08T15:53:13
================================================================================
[2026-06-08T15:53:55.617+0000] {manager.py:878} INFO - 
================================================================================
DAG File Processing Stats

File Path                               PID    Runtime      # DAGs    # Errors  Last Runtime    Last Run
--------------------------------------  -----  ---------  --------  ----------  --------------  -------------------
/opt/airflow/dags/ecommerce_etl_dag.py                           1           0  0.09s           2026-06-08T15:53:43
================================================================================
[2026-06-08T15:54:25.908+0000] {manager.py:878} INFO - 
================================================================================
DAG File Processing Stats

File Path                               PID    Runtime      # DAGs    # Errors  Last Runtime    Last Run
--------------------------------------  -----  ---------  --------  ----------  --------------  -------------------
/opt/airflow/dags/ecommerce_etl_dag.py                           1           0  0.09s           2026-06-08T15:54:13
================================================================================
[2026-06-08T15:54:56.239+0000] {manager.py:878} INFO - 
================================================================================
DAG File Processing Stats

File Path                               PID    Runtime      # DAGs    # Errors  Last Runtime    Last Run
--------------------------------------  -----  ---------  --------  ----------  --------------  -------------------
/opt/airflow/dags/ecommerce_etl_dag.py                           1           0  0.09s           2026-06-08T15:54:44
================================================================================
[2026-06-08T15:55:26.572+0000] {manager.py:878} INFO - 
================================================================================
DAG File Processing Stats

File Path                               PID    Runtime      # DAGs    # Errors  Last Runtime    Last Run
--------------------------------------  -----  ---------  --------  ----------  --------------  -------------------
/opt/airflow/dags/ecommerce_etl_dag.py                           1           0  0.08s           2026-06-08T15:55:14
================================================================================
[2026-06-08T15:55:56.877+0000] {manager.py:878} INFO - 
================================================================================
DAG File Processing Stats

File Path                               PID    Runtime      # DAGs    # Errors  Last Runtime    Last Run
--------------------------------------  -----  ---------  --------  ----------  --------------  -------------------
/opt/airflow/dags/ecommerce_etl_dag.py                           1           0  0.10s           2026-06-08T15:55:44
================================================================================
[2026-06-08T15:56:27.217+0000] {manager.py:878} INFO - 
================================================================================
DAG File Processing Stats

File Path                               PID    Runtime      # DAGs    # Errors  Last Runtime    Last Run
--------------------------------------  -----  ---------  --------  ----------  --------------  -------------------
/opt/airflow/dags/ecommerce_etl_dag.py                           1           0  0.09s           2026-06-08T15:56:15
================================================================================
[2026-06-08T15:56:57.638+0000] {manager.py:878} INFO - 
================================================================================
DAG File Processing Stats

File Path                               PID    Runtime      # DAGs    # Errors  Last Runtime    Last Run
--------------------------------------  -----  ---------  --------  ----------  --------------  -------------------
/opt/airflow/dags/ecommerce_etl_dag.py                           1           0  0.08s           2026-06-08T15:56:45
================================================================================
[2026-06-08T15:57:22.007+0000] {manager.py:737} INFO - Searching for files in /opt/airflow/dags
[2026-06-08T15:57:22.017+0000] {manager.py:740} INFO - There are 1 files in /opt/airflow/dags
[2026-06-08T15:57:28.108+0000] {manager.py:878} INFO - 
================================================================================
DAG File Processing Stats

File Path                               PID    Runtime      # DAGs    # Errors  Last Runtime    Last Run
--------------------------------------  -----  ---------  --------  ----------  --------------  -------------------
/opt/airflow/dags/ecommerce_etl_dag.py                           1           0  0.15s           2026-06-08T15:57:16
================================================================================
[2026-06-08T15:57:58.526+0000] {manager.py:878} INFO - 
================================================================================
DAG File Processing Stats

File Path                               PID    Runtime      # DAGs    # Errors  Last Runtime    Last Run
--------------------------------------  -----  ---------  --------  ----------  --------------  -------------------
/opt/airflow/dags/ecommerce_etl_dag.py                           1           0  0.10s           2026-06-08T15:57:46
================================================================================
[2026-06-08T15:58:28.908+0000] {manager.py:878} INFO - 
================================================================================
DAG File Processing Stats

File Path                               PID    Runtime      # DAGs    # Errors  Last Runtime    Last Run
--------------------------------------  -----  ---------  --------  ----------  --------------  -------------------
/opt/airflow/dags/ecommerce_etl_dag.py                           1           0  0.09s           2026-06-08T15:58:16
================================================================================
[2026-06-08T15:58:59.261+0000] {manager.py:878} INFO - 
================================================================================
DAG File Processing Stats

File Path                               PID    Runtime      # DAGs    # Errors  Last Runtime    Last Run
--------------------------------------  -----  ---------  --------  ----------  --------------  -------------------
/opt/airflow/dags/ecommerce_etl_dag.py                           1           0  0.09s           2026-06-08T15:58:47
================================================================================
[2026-06-08T15:59:29.517+0000] {manager.py:878} INFO - 
================================================================================
DAG File Processing Stats

File Path                               PID    Runtime      # DAGs    # Errors  Last Runtime    Last Run
--------------------------------------  -----  ---------  --------  ----------  --------------  -------------------
/opt/airflow/dags/ecommerce_etl_dag.py                           1           0  0.08s           2026-06-08T15:59:17
================================================================================
[2026-06-08T15:59:59.936+0000] {manager.py:878} INFO - 
================================================================================
DAG File Processing Stats

File Path                               PID    Runtime      # DAGs    # Errors  Last Runtime    Last Run
--------------------------------------  -----  ---------  --------  ----------  --------------  -------------------
/opt/airflow/dags/ecommerce_etl_dag.py                           1           0  0.10s           2026-06-08T15:59:47
================================================================================
[2026-06-08T16:00:30.335+0000] {manager.py:878} INFO - 
================================================================================
DAG File Processing Stats

File Path                               PID    Runtime      # DAGs    # Errors  Last Runtime    Last Run
--------------------------------------  -----  ---------  --------  ----------  --------------  -------------------
/opt/airflow/dags/ecommerce_etl_dag.py                           1           0  0.09s           2026-06-08T16:00:18
================================================================================
[2026-06-08T16:01:00.742+0000] {manager.py:878} INFO - 
================================================================================
DAG File Processing Stats

File Path                               PID    Runtime      # DAGs    # Errors  Last Runtime    Last Run
--------------------------------------  -----  ---------  --------  ----------  --------------  -------------------
/opt/airflow/dags/ecommerce_etl_dag.py                           1           0  0.10s           2026-06-08T16:00:48
================================================================================
[2026-06-08T16:01:31.151+0000] {manager.py:878} INFO - 
================================================================================
DAG File Processing Stats

File Path                               PID    Runtime      # DAGs    # Errors  Last Runtime    Last Run
--------------------------------------  -----  ---------  --------  ----------  --------------  -------------------
/opt/airflow/dags/ecommerce_etl_dag.py                           1           0  0.21s           2026-06-08T16:01:19
================================================================================
[2026-06-08T16:02:01.497+0000] {manager.py:878} INFO - 
================================================================================
DAG File Processing Stats

File Path                               PID    Runtime      # DAGs    # Errors  Last Runtime    Last Run
--------------------------------------  -----  ---------  --------  ----------  --------------  -------------------
/opt/airflow/dags/ecommerce_etl_dag.py                           1           0  0.09s           2026-06-08T16:01:49
================================================================================
[2026-06-08T16:02:22.748+0000] {manager.py:737} INFO - Searching for files in /opt/airflow/dags
[2026-06-08T16:02:22.757+0000] {manager.py:740} INFO - There are 1 files in /opt/airflow/dags
[2026-06-08T16:02:31.876+0000] {manager.py:878} INFO - 
================================================================================
DAG File Processing Stats

File Path                               PID    Runtime      # DAGs    # Errors  Last Runtime    Last Run
--------------------------------------  -----  ---------  --------  ----------  --------------  -------------------
/opt/airflow/dags/ecommerce_etl_dag.py                           1           0  0.10s           2026-06-08T16:02:19
================================================================================
[2026-06-08T16:03:02.221+0000] {manager.py:878} INFO - 
================================================================================
DAG File Processing Stats

File Path                               PID    Runtime      # DAGs    # Errors  Last Runtime    Last Run
--------------------------------------  -----  ---------  --------  ----------  --------------  -------------------
/opt/airflow/dags/ecommerce_etl_dag.py                           1           0  0.10s           2026-06-08T16:02:50
================================================================================
[2026-06-08T16:03:32.515+0000] {manager.py:878} INFO - 
================================================================================
DAG File Processing Stats

File Path                               PID    Runtime      # DAGs    # Errors  Last Runtime    Last Run
--------------------------------------  -----  ---------  --------  ----------  --------------  -------------------
/opt/airflow/dags/ecommerce_etl_dag.py                           1           0  0.09s           2026-06-08T16:03:20
================================================================================
[2026-06-08T16:04:02.856+0000] {manager.py:878} INFO - 
================================================================================
DAG File Processing Stats

File Path                               PID    Runtime      # DAGs    # Errors  Last Runtime    Last Run
--------------------------------------  -----  ---------  --------  ----------  --------------  -------------------
/opt/airflow/dags/ecommerce_etl_dag.py                           1           0  0.10s           2026-06-08T16:03:50
================================================================================
[2026-06-08T16:04:33.180+0000] {manager.py:878} INFO - 
================================================================================
DAG File Processing Stats

File Path                               PID    Runtime      # DAGs    # Errors  Last Runtime    Last Run
--------------------------------------  -----  ---------  --------  ----------  --------------  -------------------
/opt/airflow/dags/ecommerce_etl_dag.py                           1           0  0.08s           2026-06-08T16:04:21
================================================================================
[2026-06-08T16:05:03.497+0000] {manager.py:878} INFO - 
================================================================================
DAG File Processing Stats

File Path                               PID    Runtime      # DAGs    # Errors  Last Runtime    Last Run
--------------------------------------  -----  ---------  --------  ----------  --------------  -------------------
/opt/airflow/dags/ecommerce_etl_dag.py                           1           0  0.08s           2026-06-08T16:04:51
================================================================================
[2026-06-08T16:05:33.851+0000] {manager.py:878} INFO - 
================================================================================
DAG File Processing Stats

File Path                               PID    Runtime      # DAGs    # Errors  Last Runtime    Last Run
--------------------------------------  -----  ---------  --------  ----------  --------------  -------------------
/opt/airflow/dags/ecommerce_etl_dag.py                           1           0  0.08s           2026-06-08T16:05:21
================================================================================
[2026-06-08T16:06:04.156+0000] {manager.py:878} INFO - 
================================================================================
DAG File Processing Stats

File Path                               PID    Runtime      # DAGs    # Errors  Last Runtime    Last Run
--------------------------------------  -----  ---------  --------  ----------  --------------  -------------------
/opt/airflow/dags/ecommerce_etl_dag.py                           1           0  0.06s           2026-06-08T16:05:52
================================================================================
[2026-06-08T16:06:34.498+0000] {manager.py:878} INFO - 
================================================================================
DAG File Processing Stats

File Path                               PID    Runtime      # DAGs    # Errors  Last Runtime    Last Run
--------------------------------------  -----  ---------  --------  ----------  --------------  -------------------
/opt/airflow/dags/ecommerce_etl_dag.py                           1           0  0.09s           2026-06-08T16:06:22
================================================================================
[2026-06-08T16:07:04.937+0000] {manager.py:878} INFO - 
================================================================================
DAG File Processing Stats

File Path                               PID    Runtime      # DAGs    # Errors  Last Runtime    Last Run
--------------------------------------  -----  ---------  --------  ----------  --------------  -------------------
/opt/airflow/dags/ecommerce_etl_dag.py                           1           0  0.10s           2026-06-08T16:06:52
================================================================================
[2026-06-08T16:07:23.192+0000] {manager.py:737} INFO - Searching for files in /opt/airflow/dags
[2026-06-08T16:07:23.202+0000] {manager.py:740} INFO - There are 1 files in /opt/airflow/dags
[2026-06-08T16:07:35.389+0000] {manager.py:878} INFO - 
================================================================================
DAG File Processing Stats

File Path                               PID    Runtime      # DAGs    # Errors  Last Runtime    Last Run
--------------------------------------  -----  ---------  --------  ----------  --------------  -------------------
/opt/airflow/dags/ecommerce_etl_dag.py                           1           0  0.09s           2026-06-08T16:07:23
================================================================================
[2026-06-08T16:08:05.695+0000] {manager.py:878} INFO - 
================================================================================
DAG File Processing Stats

File Path                               PID    Runtime      # DAGs    # Errors  Last Runtime    Last Run
--------------------------------------  -----  ---------  --------  ----------  --------------  -------------------
/opt/airflow/dags/ecommerce_etl_dag.py                           1           0  0.07s           2026-06-08T16:07:53
================================================================================
[2026-06-08T16:08:36.055+0000] {manager.py:878} INFO - 
================================================================================
DAG File Processing Stats

File Path                               PID    Runtime      # DAGs    # Errors  Last Runtime    Last Run
--------------------------------------  -----  ---------  --------  ----------  --------------  -------------------
/opt/airflow/dags/ecommerce_etl_dag.py                           1           0  0.15s           2026-06-08T16:08:24
================================================================================
[2026-06-08T16:09:06.458+0000] {manager.py:878} INFO - 
================================================================================
DAG File Processing Stats

File Path                               PID    Runtime      # DAGs    # Errors  Last Runtime    Last Run
--------------------------------------  -----  ---------  --------  ----------  --------------  -------------------
/opt/airflow/dags/ecommerce_etl_dag.py                           1           0  0.10s           2026-06-08T16:08:54
================================================================================
[2026-06-08T16:09:36.746+0000] {manager.py:878} INFO - 
================================================================================
DAG File Processing Stats

File Path                               PID    Runtime      # DAGs    # Errors  Last Runtime    Last Run
--------------------------------------  -----  ---------  --------  ----------  --------------  -------------------
/opt/airflow/dags/ecommerce_etl_dag.py                           1           0  0.09s           2026-06-08T16:09:24
================================================================================
[2026-06-08T16:10:07.030+0000] {manager.py:878} INFO - 
================================================================================
DAG File Processing Stats

File Path                               PID    Runtime      # DAGs    # Errors  Last Runtime    Last Run
--------------------------------------  -----  ---------  --------  ----------  --------------  -------------------
/opt/airflow/dags/ecommerce_etl_dag.py                           1           0  0.10s           2026-06-08T16:09:55
================================================================================
[2026-06-08T16:10:37.365+0000] {manager.py:878} INFO - 
================================================================================
DAG File Processing Stats

File Path                               PID    Runtime      # DAGs    # Errors  Last Runtime    Last Run
--------------------------------------  -----  ---------  --------  ----------  --------------  -------------------
/opt/airflow/dags/ecommerce_etl_dag.py                           1           0  0.11s           2026-06-08T16:10:25
================================================================================
[2026-06-08T16:11:07.701+0000] {manager.py:878} INFO - 
================================================================================
DAG File Processing Stats

File Path                               PID    Runtime      # DAGs    # Errors  Last Runtime    Last Run
--------------------------------------  -----  ---------  --------  ----------  --------------  -------------------
/opt/airflow/dags/ecommerce_etl_dag.py                           1           0  0.10s           2026-06-08T16:10:55
================================================================================
[2026-06-08T16:11:38.057+0000] {manager.py:878} INFO - 
================================================================================
DAG File Processing Stats

File Path                               PID    Runtime      # DAGs    # Errors  Last Runtime    Last Run
--------------------------------------  -----  ---------  --------  ----------  --------------  -------------------
/opt/airflow/dags/ecommerce_etl_dag.py                           1           0  0.11s           2026-06-08T16:11:26
================================================================================
[2026-06-08T16:12:08.408+0000] {manager.py:878} INFO - 
================================================================================
DAG File Processing Stats

File Path                               PID    Runtime      # DAGs    # Errors  Last Runtime    Last Run
--------------------------------------  -----  ---------  --------  ----------  --------------  -------------------
/opt/airflow/dags/ecommerce_etl_dag.py                           1           0  0.08s           2026-06-08T16:11:56
================================================================================
[2026-06-08T16:12:23.571+0000] {manager.py:737} INFO - Searching for files in /opt/airflow/dags
[2026-06-08T16:12:23.580+0000] {manager.py:740} INFO - There are 1 files in /opt/airflow/dags
[2026-06-08T16:12:38.765+0000] {manager.py:878} INFO - 
================================================================================
DAG File Processing Stats

File Path                               PID    Runtime      # DAGs    # Errors  Last Runtime    Last Run
--------------------------------------  -----  ---------  --------  ----------  --------------  -------------------
/opt/airflow/dags/ecommerce_etl_dag.py                           1           0  0.09s           2026-06-08T16:12:26
================================================================================
[2026-06-08T16:13:09.117+0000] {manager.py:878} INFO - 
================================================================================
DAG File Processing Stats

File Path                               PID    Runtime      # DAGs    # Errors  Last Runtime    Last Run
--------------------------------------  -----  ---------  --------  ----------  --------------  -------------------
/opt/airflow/dags/ecommerce_etl_dag.py                           1           0  0.11s           2026-06-08T16:12:57
================================================================================
[2026-06-08T16:13:39.519+0000] {manager.py:878} INFO - 
================================================================================
DAG File Processing Stats

File Path                               PID    Runtime      # DAGs    # Errors  Last Runtime    Last Run
--------------------------------------  -----  ---------  --------  ----------  --------------  -------------------
/opt/airflow/dags/ecommerce_etl_dag.py                           1           0  0.14s           2026-06-08T16:13:27
================================================================================
[2026-06-08T16:14:09.886+0000] {manager.py:878} INFO - 
================================================================================
DAG File Processing Stats

File Path                               PID    Runtime      # DAGs    # Errors  Last Runtime    Last Run
--------------------------------------  -----  ---------  --------  ----------  --------------  -------------------
/opt/airflow/dags/ecommerce_etl_dag.py                           1           0  0.08s           2026-06-08T16:13:57
================================================================================
[2026-06-08T16:14:40.244+0000] {manager.py:878} INFO - 
================================================================================
DAG File Processing Stats

File Path                               PID    Runtime      # DAGs    # Errors  Last Runtime    Last Run
--------------------------------------  -----  ---------  --------  ----------  --------------  -------------------
/opt/airflow/dags/ecommerce_etl_dag.py                           1           0  0.11s           2026-06-08T16:14:28
================================================================================
[2026-06-08T16:15:10.552+0000] {manager.py:878} INFO - 
================================================================================
DAG File Processing Stats

File Path                               PID    Runtime      # DAGs    # Errors  Last Runtime    Last Run
--------------------------------------  -----  ---------  --------  ----------  --------------  -------------------
/opt/airflow/dags/ecommerce_etl_dag.py                           1           0  0.08s           2026-06-08T16:14:58
================================================================================
[2026-06-08T16:15:40.887+0000] {manager.py:878} INFO - 
================================================================================
DAG File Processing Stats

File Path                               PID    Runtime      # DAGs    # Errors  Last Runtime    Last Run
--------------------------------------  -----  ---------  --------  ----------  --------------  -------------------
/opt/airflow/dags/ecommerce_etl_dag.py                           1           0  0.11s           2026-06-08T16:15:28
================================================================================
[2026-06-08T16:16:11.238+0000] {manager.py:878} INFO - 
================================================================================
DAG File Processing Stats

File Path                               PID    Runtime      # DAGs    # Errors  Last Runtime    Last Run
--------------------------------------  -----  ---------  --------  ----------  --------------  -------------------
/opt/airflow/dags/ecommerce_etl_dag.py                           1           0  0.08s           2026-06-08T16:15:59
================================================================================
[2026-06-08T16:16:41.616+0000] {manager.py:878} INFO - 
================================================================================
DAG File Processing Stats

File Path                               PID    Runtime      # DAGs    # Errors  Last Runtime    Last Run
--------------------------------------  -----  ---------  --------  ----------  --------------  -------------------
/opt/airflow/dags/ecommerce_etl_dag.py                           1           0  0.15s           2026-06-08T16:16:29
================================================================================
[2026-06-08T16:17:11.980+0000] {manager.py:878} INFO - 
================================================================================
DAG File Processing Stats

File Path                               PID    Runtime      # DAGs    # Errors  Last Runtime    Last Run
--------------------------------------  -----  ---------  --------  ----------  --------------  -------------------
/opt/airflow/dags/ecommerce_etl_dag.py                           1           0  0.08s           2026-06-08T16:16:59
================================================================================
[2026-06-08T16:17:24.108+0000] {manager.py:737} INFO - Searching for files in /opt/airflow/dags
[2026-06-08T16:17:24.120+0000] {manager.py:740} INFO - There are 1 files in /opt/airflow/dags
[2026-06-08T16:17:42.368+0000] {manager.py:878} INFO - 
================================================================================
DAG File Processing Stats

File Path                               PID    Runtime      # DAGs    # Errors  Last Runtime    Last Run
--------------------------------------  -----  ---------  --------  ----------  --------------  -------------------
/opt/airflow/dags/ecommerce_etl_dag.py                           1           0  0.12s           2026-06-08T16:17:30
================================================================================
[2026-06-08T16:18:12.808+0000] {manager.py:878} INFO - 
================================================================================
DAG File Processing Stats

File Path                               PID    Runtime      # DAGs    # Errors  Last Runtime    Last Run
--------------------------------------  -----  ---------  --------  ----------  --------------  -------------------
/opt/airflow/dags/ecommerce_etl_dag.py                           1           0  0.08s           2026-06-08T16:18:00
================================================================================
[2026-06-08T16:18:43.196+0000] {manager.py:878} INFO - 
================================================================================
DAG File Processing Stats

File Path                               PID    Runtime      # DAGs    # Errors  Last Runtime    Last Run
--------------------------------------  -----  ---------  --------  ----------  --------------  -------------------
/opt/airflow/dags/ecommerce_etl_dag.py                           1           0  0.12s           2026-06-08T16:18:31
================================================================================
[2026-06-08T16:19:13.584+0000] {manager.py:878} INFO - 
================================================================================
DAG File Processing Stats

File Path                               PID    Runtime      # DAGs    # Errors  Last Runtime    Last Run
--------------------------------------  -----  ---------  --------  ----------  --------------  -------------------
/opt/airflow/dags/ecommerce_etl_dag.py                           1           0  0.11s           2026-06-08T16:19:01
================================================================================
[2026-06-08T16:19:43.973+0000] {manager.py:878} INFO - 
================================================================================
DAG File Processing Stats

File Path                               PID    Runtime      # DAGs    # Errors  Last Runtime    Last Run
--------------------------------------  -----  ---------  --------  ----------  --------------  -------------------
/opt/airflow/dags/ecommerce_etl_dag.py                           1           0  0.10s           2026-06-08T16:19:31
================================================================================
[2026-06-08T16:20:14.397+0000] {manager.py:878} INFO - 
================================================================================
DAG File Processing Stats

File Path                               PID    Runtime      # DAGs    # Errors  Last Runtime    Last Run
--------------------------------------  -----  ---------  --------  ----------  --------------  -------------------
/opt/airflow/dags/ecommerce_etl_dag.py                           1           0  0.09s           2026-06-08T16:20:02
================================================================================
[2026-06-08T16:20:44.778+0000] {manager.py:878} INFO - 
================================================================================
DAG File Processing Stats

File Path                               PID    Runtime      # DAGs    # Errors  Last Runtime    Last Run
--------------------------------------  -----  ---------  --------  ----------  --------------  -------------------
/opt/airflow/dags/ecommerce_etl_dag.py                           1           0  0.06s           2026-06-08T16:20:32
================================================================================
[2026-06-08T16:21:15.194+0000] {manager.py:878} INFO - 
================================================================================
DAG File Processing Stats

File Path                               PID    Runtime      # DAGs    # Errors  Last Runtime    Last Run
--------------------------------------  -----  ---------  --------  ----------  --------------  -------------------
/opt/airflow/dags/ecommerce_etl_dag.py                           1           0  0.11s           2026-06-08T16:21:03
================================================================================
[2026-06-08T16:21:45.622+0000] {manager.py:878} INFO - 
================================================================================
DAG File Processing Stats

File Path                               PID    Runtime      # DAGs    # Errors  Last Runtime    Last Run
--------------------------------------  -----  ---------  --------  ----------  --------------  -------------------
/opt/airflow/dags/ecommerce_etl_dag.py                           1           0  0.09s           2026-06-08T16:21:33
================================================================================
[2026-06-08T16:22:16.012+0000] {manager.py:878} INFO - 
================================================================================
DAG File Processing Stats

File Path                               PID    Runtime      # DAGs    # Errors  Last Runtime    Last Run
--------------------------------------  -----  ---------  --------  ----------  --------------  -------------------
/opt/airflow/dags/ecommerce_etl_dag.py                           1           0  0.10s           2026-06-08T16:22:03
================================================================================
[2026-06-08T16:22:24.131+0000] {manager.py:737} INFO - Searching for files in /opt/airflow/dags
[2026-06-08T16:22:24.140+0000] {manager.py:740} INFO - There are 1 files in /opt/airflow/dags
[2026-06-08T16:22:46.435+0000] {manager.py:878} INFO - 
================================================================================
DAG File Processing Stats

File Path                               PID    Runtime      # DAGs    # Errors  Last Runtime    Last Run
--------------------------------------  -----  ---------  --------  ----------  --------------  -------------------
/opt/airflow/dags/ecommerce_etl_dag.py                           1           0  0.09s           2026-06-08T16:22:34
================================================================================
[2026-06-08T16:23:16.878+0000] {manager.py:878} INFO - 
================================================================================
DAG File Processing Stats

File Path                               PID    Runtime      # DAGs    # Errors  Last Runtime    Last Run
--------------------------------------  -----  ---------  --------  ----------  --------------  -------------------
/opt/airflow/dags/ecommerce_etl_dag.py                           1           0  0.18s           2026-06-08T16:23:04
================================================================================
[2026-06-08T16:24:35.431+0000] {manager.py:878} INFO - 
================================================================================
DAG File Processing Stats

File Path                               PID    Runtime      # DAGs    # Errors  Last Runtime    Last Run
--------------------------------------  -----  ---------  --------  ----------  --------------  -------------------
/opt/airflow/dags/ecommerce_etl_dag.py                           1           0  0.08s           2026-06-08T16:24:08
================================================================================
[2026-06-08T16:25:05.793+0000] {manager.py:878} INFO - 
================================================================================
DAG File Processing Stats

File Path                               PID    Runtime      # DAGs    # Errors  Last Runtime    Last Run
--------------------------------------  -----  ---------  --------  ----------  --------------  -------------------
/opt/airflow/dags/ecommerce_etl_dag.py                           1           0  0.11s           2026-06-08T16:24:38
================================================================================
[2026-06-08T16:25:36.137+0000] {manager.py:878} INFO - 
================================================================================
DAG File Processing Stats

File Path                               PID    Runtime      # DAGs    # Errors  Last Runtime    Last Run
--------------------------------------  -----  ---------  --------  ----------  --------------  -------------------
/opt/airflow/dags/ecommerce_etl_dag.py                           1           0  0.11s           2026-06-08T16:25:08
================================================================================
[2026-06-08T16:26:06.481+0000] {manager.py:878} INFO - 
================================================================================
DAG File Processing Stats

File Path                               PID    Runtime      # DAGs    # Errors  Last Runtime    Last Run
--------------------------------------  -----  ---------  --------  ----------  --------------  -------------------
/opt/airflow/dags/ecommerce_etl_dag.py                           1           0  0.11s           2026-06-08T16:25:39
================================================================================
[2026-06-08T16:26:36.852+0000] {manager.py:878} INFO - 
================================================================================
DAG File Processing Stats

File Path                               PID    Runtime      # DAGs    # Errors  Last Runtime    Last Run
--------------------------------------  -----  ---------  --------  ----------  --------------  -------------------
/opt/airflow/dags/ecommerce_etl_dag.py                           1           0  0.11s           2026-06-08T16:26:09
================================================================================
[2026-06-08T16:27:07.244+0000] {manager.py:878} INFO - 
================================================================================
DAG File Processing Stats

File Path                               PID    Runtime      # DAGs    # Errors  Last Runtime    Last Run
--------------------------------------  -----  ---------  --------  ----------  --------------  -------------------
/opt/airflow/dags/ecommerce_etl_dag.py                           1           0  0.08s           2026-06-08T16:26:39
================================================================================
[2026-06-08T16:27:24.480+0000] {manager.py:737} INFO - Searching for files in /opt/airflow/dags
[2026-06-08T16:27:24.489+0000] {manager.py:740} INFO - There are 1 files in /opt/airflow/dags
[2026-06-08T16:27:33.826+0000] {manager.py:452} INFO - Exiting gracefully upon receiving signal 15
